train_sample_num,rmse,nrmse,r2,time
8,3.8541567,0.06768867,-0.5191590392269056,0.5875742435455322
16,3.980284,0.047641046,-0.620214576355929,0.5949525833129883
32,1.209711,0.100834206,0.8503393175031048,0.6044347286224365
64,1.4743233,0.07843385,0.7777049120118626,0.6113331317901611
