train_sample_num,rmse,nrmse,r2,time
8,3.6900685,0.046888012,-0.3925580629349201,0.6334528923034668
16,3.98849,0.045955114,-0.6269025363077172,0.6312181949615479
32,1.5628179,0.10241084,0.7502179717169468,0.6390368938446045
64,1.6071767,0.08090447,0.7358371391478689,0.6568846702575684
