train_sample_num,rmse,nrmse,r2,time
8,2.8317156,0.10134468,0.39982193113425124,0.8576302528381348
16,3.095969,0.08053523,0.2825791341917726,0.8358674049377441
32,1.3831959,0.06979502,0.8567983010029834,0.843991756439209
64,6.34525,0.026917122,-2.0135496836418842,0.8890812397003174
