train_sample_num,rmse,nrmse,r2,time
8,3.4353724,0.09653018,0.1166588579412774,0.6179945468902588
16,2.3323557,0.10355749,0.5928350458687817,0.6200437545776367
32,1.4253702,0.0948646,0.8479325866245497,0.6374402046203613
64,2.976128,0.08432519,0.3370449999392535,0.6463723182678223
