train_sample_num,rmse,nrmse,r2,time
8,3.1293733,0.038644817,-0.0015189702361928514,0.8554849624633789
16,3.4074132,0.044392828,-0.18739188854850752,0.8465607166290283
32,1.3003333,0.1045676,0.8270765726878543,0.8515758514404297
64,1.5149634,0.080627374,0.7652807576558082,0.9299960136413574
