train_sample_num,rmse,nrmse,r2,time
8,3.5113308,0.050087366,-0.001047212920380236,0.837780237197876
16,2.8410656,0.03849553,0.34464954536453696,0.8495991230010986
32,2.360359,0.043655194,0.5476577117601584,0.8338768482208252
64,2.3331547,0.07807325,0.5580245381938235,0.8778276443481445
