train_sample_num,rmse,nrmse,r2,time
8,11.903785882091286,0.032962051349033406,-9.605985848879309,2.6840908527374268
16,2.8470757280751218,0.08712794191755036,0.3932931920983267,2.6155588626861572
32,2.069629336885364,0.05730881542520611,0.679398186876459,2.9904470443725586
64,1.5442137864468788,0.09096635614973439,0.8215174832262855,8.186336994171143
