train_sample_num,rmse,nrmse,r2,time
8,20.166641343301833,0.02457911275580825,-32.02008633956286,2.7104971408843994
16,3.050207080033962,0.03745862941520913,0.24461265477357486,2.620709180831909
32,2.2894361814215185,0.030581519448957553,0.57443280848952,3.0136380195617676
64,1.583691070101846,0.049779479645081254,0.7963652034213944,8.298110008239746
