train_sample_num,rmse,nrmse,r2,time
8,70.48846381358133,0.021730173899622608,-507.13670570727663,2.678940534591675
16,90.94747389330693,0.027168803310632917,-844.9131136140827,2.6071581840515137
32,2.7565429965753676,0.12189600134300206,0.222905173091135,2.9952614307403564
64,1.7151348693194746,0.061011747558649805,0.6991562256309969,8.225756645202637
