train_sample_num,rmse,nrmse,r2,time
8,2.8229709,0.054300558,0.3529708492224197,0.5750818252563477
16,2.0906832,0.1431906,0.6451151006428338,0.5607459545135498
32,2.2686675,0.08038847,0.5821189702805745,0.5721652507781982
64,2.2344816,0.0912139,0.5946178398730202,0.5655701160430908
