train_sample_num,rmse,nrmse,r2,time
8,3.1962607,0.105585106,-0.04478969384818887,0.581956148147583
16,2.3534658,0.07843553,0.4335516960267489,0.5721116065979004
32,2.2673836,0.066907495,0.4742316228788517,0.6044692993164062
64,2.1363125,0.075117245,0.5332610138231999,0.5698745250701904
