train_sample_num,rmse,nrmse,r2,time
8,2.3038697,0.11036336,0.6027200206073584,0.5554006099700928
16,2.2548828,0.10031324,0.6194350197767046,0.5534055233001709
32,2.2733696,0.1046256,0.6131693273868627,0.5611732006072998
64,2.5070763,0.10158424,0.5295473738190963,0.6118748188018799
