train_sample_num,rmse,nrmse,r2,time
8,3.1372294,0.038827006,-0.006553864855416647,0.5668740272521973
16,3.1461098,0.037845213,-0.012260342852825623,0.5615413188934326
32,1.1888282,0.07566729,0.8554617702161208,0.575455904006958
64,1.5284008,0.066440225,0.7610984143142914,0.5933418273925781
