train_sample_num,rmse,nrmse,r2,time
8,3.6141038,0.057445038,0.02235305200182336,0.563389778137207
16,2.1840305,0.12298657,0.6429752976271841,0.5767545700073242
32,1.3041848,0.08529889,0.8726909999384428,0.5667319297790527
64,2.4922478,0.0743159,0.5350959862465443,0.619091272354126
