train_sample_num,rmse,nrmse,r2,time
8,3.4772048,0.04529798,0.018316204669857172,0.5822041034698486
16,3.138485,0.076679945,0.2002557305456346,0.5695734024047852
32,2.9519627,0.043029383,0.2924897013333887,0.572211503982544
64,1.8474778,0.05592387,0.722878923964414,0.5859129428863525
