cost,SR,IR,rmse,r2,max_value,operation_time
104.0,0.32168893454441694,-14.06328589047552,13.556111084080147,-31.386189290556032,13.477069572230485,22.778836727142334
111.0,0.32168893454441694,-14.327948047650946,11.679568759967756,-23.04048514219088,13.477069572230485,22.697509288787842
118.0,0.32168893454441694,-11.72432085233076,8.685226610406975,-12.293885094161721,13.477069572230485,22.734384298324585
125.0,0.32168893454441694,-11.176851569672895,8.171088296139372,-10.766557432679434,13.477069572230485,22.643940210342407
132.0,0.32168893454441694,-12.406496080138147,10.480240424149585,-18.356734959744127,13.477069572230485,22.846078872680664
139.0,0.32168893454441694,-12.888295894761235,10.848226950372617,-19.739922850685964,13.477069572230485,22.80854105949402
146.0,0.32168893454441694,-8.561054354393026,6.987754836254102,-7.605278511351884,13.477069572230485,22.79345154762268
147.0,0.32168893454441694,-11.819418774533773,7.860644842956776,-9.889450401074777,13.477069572230485,22.681334018707275
154.0,0.32168893454441694,-14.852113793976677,10.384607373133868,-18.005083160004432,13.477069572230485,23.08595085144043
