cost,SR,IR,rmse,r2,max_value,operation_time
104.0,0.6017306852140347,-18.736535165116535,14.370449816904905,-35.39404576291722,13.197027821560868,23.54124617576599
111.0,0.6017306852140347,-44.41764629815454,31.748784294661068,-176.64124668984567,13.197027821560868,23.522061347961426
118.0,0.6017306852140347,-31.461168796528966,22.067837431741932,-84.82408143287074,13.197027821560868,22.98285174369812
125.0,0.6017306852140347,-35.873859365455296,25.002465648370215,-109.16795566576651,13.197027821560868,23.196353435516357
126.0,0.6017306852140347,-34.11509123883097,23.01171334568777,-92.32274890719646,13.197027821560868,23.19932794570923
133.0,0.6017306852140347,-35.95124745040714,23.782278519704455,-98.6773615758537,13.197027821560868,23.021506547927856
140.0,0.6017306852140347,-34.08064092425058,22.464157627260693,-87.93442216427907,13.197027821560868,23.207077026367188
147.0,0.6017306852140347,-34.45993993103247,22.990361636096917,-92.14964786310735,13.197027821560868,23.03993582725525
154.0,0.6017306852140347,-33.779696767044186,22.56511793298441,-88.73561162739288,13.197027821560868,23.121127128601074
