cost,SR,IR,rmse,r2,max_value,operation_time
104.0,1.6123394461485905,-8.747351454771074,7.919280455440719,-10.052513623647565,12.186419060626312,23.1679790019989
111.0,1.6123394461485905,-8.71312132460498,9.829354009308771,-16.027056039210382,12.186419060626312,23.341875314712524
118.0,1.6123394461485905,-4.253486349412842,5.396762070881182,-4.1328214259996985,12.186419060626312,23.288856983184814
125.0,1.6123394461485905,-8.480803336242104,7.982724850189904,-10.230314855129821,12.186419060626312,22.86456298828125
132.0,1.6123394461485905,-11.310632585485997,9.268783075332701,-14.140319788397333,12.186419060626312,22.712068557739258
139.0,0.6017306852140347,-3.880782657842527,5.1769355384104845,-3.723186849470358,13.197027821560868,22.74198007583618
146.0,0.6017306852140347,-4.288980050644614,5.798805735965557,-4.926069378971782,13.197027821560868,22.69535803794861
153.0,0.6017306852140347,-3.0968035993644385,4.999533539353269,-3.40502709805177,13.197027821560868,22.733797311782837
