cost,SR,IR,rmse,r2,max_value,operation_time
104.0,1.5229036800448341,-16.79882938836193,14.297803729553676,-35.027014483710204,12.275854826730068,22.863919973373413
111.0,1.5229036800448341,-10.985492966016945,11.196727989508465,-21.093873718146924,12.275854826730068,23.01546859741211
118.0,1.5229036800448341,-11.113664874994086,11.031549962500419,-20.446809022441265,12.275854826730068,22.945449590682983
125.0,1.5229036800448341,-11.884608118097791,11.104140533763395,-20.72998923276456,12.275854826730068,22.72135019302368
132.0,1.5229036800448341,-11.880167556030742,11.093737075759377,-20.68929069716191,12.275854826730068,22.63041043281555
139.0,1.5229036800448341,-11.87405051184022,11.0873806189148,-20.664442885817703,12.275854826730068,22.779540538787842
146.0,1.5229036800448341,-11.873483313488599,11.085137467439127,-20.655677657533744,12.275854826730068,22.70071506500244
153.0,1.5229036800448341,-11.873375917778056,11.083815195413974,-20.650511643306945,12.275854826730068,22.74623942375183
