cost,SR,IR,rmse,r2,max_value,operation_time
104.0,0.18768389772191085,-10.681390239588794,8.299394941613912,-11.13898781602859,13.611074609052991,22.9154155254364
111.0,0.18768389772191085,-10.255458471378752,9.20789294974106,-13.94204827312296,13.611074609052991,22.768012762069702
118.0,0.18768389772191085,-9.839642934145996,9.336191524352591,-14.361340528143007,13.611074609052991,22.74390196800232
125.0,0.18768389772191085,-13.987187848553937,11.315598944076413,-21.56548669801819,13.611074609052991,22.645193815231323
132.0,0.18768389772191085,-15.435702067991876,12.18391089772583,-25.161524061968326,13.611074609052991,22.66459059715271
139.0,0.18768389772191085,-10.160008537589267,9.442930644901244,-14.714595692368283,13.611074609052991,22.648505926132202
146.0,0.18768389772191085,-10.687690495412053,9.737301433671178,-15.709630289496076,13.611074609052991,22.63346004486084
153.0,0.18768389772191085,-11.08346446390269,10.017198070719202,-16.68406629637295,13.611074609052991,22.65620231628418
