cost,SR,IR,rmse,r2,max_value,operation_time
104.0,0.490519350299488,-9.912766610401228,9.330914713360585,-14.34398099066643,13.308239156475414,22.79162335395813
111.0,0.490519350299488,-8.223065009563204,7.59024320788994,-9.153154519591874,13.308239156475414,22.66388487815857
118.0,0.490519350299488,-7.053248671302935,7.250976658429853,-8.265793692300925,13.308239156475414,22.82121205329895
125.0,0.490519350299488,-7.218820597461171,7.130460775703764,-7.960346459948777,13.308239156475414,22.7697274684906
132.0,0.490519350299488,-6.79330497100808,7.0714985319401515,-7.812771770543032,13.308239156475414,23.203202724456787
139.0,0.490519350299488,-7.376819114316529,7.141608865411394,-7.988386396267238,13.308239156475414,23.237690448760986
146.0,0.490519350299488,-10.07527531878987,7.491343917113664,-8.89029129175411,13.308239156475414,23.405556678771973
153.0,0.490519350299488,-11.283904307377089,7.884259745150552,-9.954976723793152,13.308239156475414,23.405813932418823
