cost,SR,IR,rmse,r2,max_value,operation_time
104.0,0.04370861447364405,-9.594159898232562,9.594372496479656,-15.22268604436577,13.755049892301258,23.050437688827515
111.0,0.04370861447364405,-16.425592833236895,10.465273275324257,-18.30148655976105,13.755049892301258,23.030563592910767
118.0,0.04370861447364405,-6.382539322963368,7.294984019860666,-8.378606225493373,13.755049892301258,23.10307741165161
125.0,0.04370861447364405,-10.536771906373499,6.461590849339802,-6.358148047454144,13.755049892301258,23.00951910018921
132.0,0.04370861447364405,-8.14247088533169,8.327758073514975,-11.222099425028517,13.755049892301258,22.946310997009277
139.0,0.04370861447364405,-11.998358175817032,7.241893765441895,-8.242594748180242,13.755049892301258,23.395898818969727
146.0,0.04370861447364405,-8.4745163906199,7.7887037816298275,-9.691040784381187,13.755049892301258,23.189445972442627
153.0,0.04370861447364405,-5.5100176079189325,3.723066626345299,-1.4428186580965057,13.755049892301258,23.276535749435425
