cost,SR,IR,rmse,r2,max_value,operation_time
104.0,1.348088611454866,-11.279579598263073,10.569343298187075,-18.687275578829613,12.450669895320036,22.93342661857605
111.0,0.6017306852140347,-15.845124414575203,13.819486153910837,-32.65684495976351,13.197027821560868,22.79538083076477
118.0,0.6017306852140347,-12.492131668699432,10.564468570090737,-18.669119676173846,13.197027821560868,22.76770853996277
125.0,0.6017306852140347,-15.981422517631561,12.996662981307352,-28.768251528931202,13.197027821560868,22.84560751914978
132.0,0.6017306852140347,-15.407123487447713,12.612208545349986,-27.033149851367988,13.197027821560868,22.887234926223755
139.0,0.6017306852140347,-15.649460640769899,12.654054299392408,-27.219479523530303,13.197027821560868,22.998839378356934
146.0,0.6017306852140347,-15.728964809418645,12.646991889453211,-27.187988917825543,13.197027821560868,22.98237109184265
153.0,0.6017306852140347,-15.772201452489522,12.632351375083237,-27.12276427127515,13.197027821560868,23.121307611465454
