cost,SR,IR,rmse,r2,max_value,operation_time
104.0,1.5229036800448341,1.8595186615910997,1.1115578357304674,0.7822522174678964,12.275854826730068,9.491655349731445
111.0,1.5229036800448341,0.7337807742253126,1.1804478242673209,0.7544255364121923,12.275854826730068,9.408355712890625
118.0,1.5229036800448341,-1.5173396557951424,1.410946881708772,0.6491585153652024,12.275854826730068,9.320919752120972
125.0,1.5229036800448341,-2.508038446481237,1.7663177120021287,0.4501714843696336,12.275854826730068,9.906145811080933
132.0,1.5229036800448341,-1.1537087810803808,1.3603538382495968,0.6738680218841233,12.275854826730068,9.461019277572632
139.0,1.5229036800448341,-3.319587711016041,1.8701801889058107,0.3836086773015853,12.275854826730068,9.571982383728027
146.0,1.5229036800448341,-0.7877521671960022,1.2488572190147762,0.7251376917951728,12.275854826730068,9.612600326538086
153.0,1.5229036800448341,-1.6256063565762702,1.5058503544609971,0.6003744536527057,12.275854826730068,9.312482595443726
