cost,SR,IR,rmse,r2,max_value,operation_time
104.0,1.711127851189886,1.4762658741928032,0.9846739307479487,0.8291265877146484,12.087630655585016,9.271942138671875
111.0,1.711127851189886,0.6086761392210089,1.3791447757314548,0.6647958943946917,12.087630655585016,9.227283716201782
118.0,1.711127851189886,0.6470149065724229,0.8448077663855701,0.8742217906953851,12.087630655585016,9.5286386013031
125.0,1.711127851189886,0.7650841418165939,1.280650787764076,0.7109645885900392,12.087630655585016,9.154084205627441
132.0,1.711127851189886,1.0827242834502275,0.9964504716230409,0.8250149096482116,12.087630655585016,9.176884651184082
139.0,1.711127851189886,0.8695920283853571,0.9675913746657261,0.8350039343244358,12.087630655585016,9.189863681793213
146.0,1.711127851189886,0.5538846608223604,0.910217755701151,0.8539908011029085,12.087630655585016,9.243391513824463
153.0,1.711127851189886,0.18720765361334557,1.2566095498838195,0.7217146629491418,12.087630655585016,9.196063995361328
