cost,SR,IR,rmse,r2,max_value,operation_time
104.0,1.348088611454866,1.3844801644678384,1.5370579532578463,0.5836389482637603,12.450669895320036,17.59734869003296
111.0,0.6017306852140347,1.2794962791879314,1.6136903156678544,0.5410873837687031,13.197027821560868,17.528974294662476
118.0,0.6017306852140347,1.1917610244241477,1.607522069763522,0.5445890169687817,13.197027821560868,17.878713846206665
125.0,0.6017306852140347,0.6589056920799781,1.1061631822860425,0.7843606517791673,13.197027821560868,17.888628244400024
132.0,0.6017306852140347,0.31171758520318527,1.020196985595317,0.816575356381716,13.197027821560868,18.003288984298706
139.0,0.6017306852140347,0.08374108541902636,0.937574058711655,0.845082393981968,13.197027821560868,17.887770175933838
146.0,0.6017306852140347,0.005599336083500717,0.8888827300971943,0.8607553400440442,13.197027821560868,18.213894844055176
153.0,0.6017306852140347,-0.04692811519955953,0.78695516984968,0.8908585805938014,13.197027821560868,18.134936571121216
