cost,SR,IR,rmse,r2,max_value,operation_time
104.0,0.32168893454441694,0.18513131986053288,1.215568266274207,0.7395955990971019,13.477069572230485,8.868299007415771
111.0,0.32168893454441694,1.1437402748337995,1.0982631593214218,0.7874297695769545,13.477069572230485,9.010974168777466
118.0,0.32168893454441694,-0.3864966704103505,1.5311084052870685,0.5868559588221296,13.477069572230485,9.32878589630127
125.0,0.32168893454441694,-0.4883168466604211,1.449699755714487,0.6296215213683924,13.477069572230485,9.322072267532349
132.0,0.32168893454441694,0.17994201281116773,0.5728301811419765,0.9421715707821083,13.477069572230485,8.921725988388062
139.0,0.32168893454441694,-0.5723283314623195,1.1282266188807182,0.7756726137883525,13.477069572230485,8.873818397521973
146.0,0.32168893454441694,-0.1673595604119935,0.7693824133714594,0.8956784282093752,13.477069572230485,9.045696258544922
153.0,0.32168893454441694,0.1501951636125245,0.5038821006864092,0.9552546948157952,13.477069572230485,9.175958395004272
