cost,SR,IR,rmse,r2,max_value,operation_time
104.0,1.348088611454866,0.6709394414264604,0.8537081088015225,0.8715575961328685,12.450669895320036,8.960344314575195
111.0,0.6017306852140347,-0.3082710488996554,1.210585356894852,0.7417261450109385,13.197027821560868,9.184903144836426
118.0,0.6017306852140347,0.4044142167270177,0.7527357242937368,0.9001438844828986,13.197027821560868,9.128986358642578
125.0,0.6017306852140347,-1.4286590699892674,1.1850566362843802,0.7525042045808457,13.197027821560868,9.2255699634552
132.0,0.6017306852140347,-0.5014843371028892,1.225309343362396,0.7354053234218645,13.197027821560868,9.158004522323608
139.0,0.6017306852140347,-3.1660722145782927,1.802271747079058,0.4275597519188449,13.197027821560868,9.838129758834839
146.0,0.6017306852140347,2.385627934809751,1.2053522365614335,0.7439542520210269,13.197027821560868,9.6525137424469
153.0,0.6017306852140347,0.3994616839092302,0.8621559773235917,0.8690030153403875,13.197027821560868,9.4278564453125
