cost,SR,IR,rmse,r2,max_value,operation_time
104.0,1.6123394461485905,0.7792951073210865,1.4942325712638502,0.6065169674263817,12.186419060626312,17.539368391036987
111.0,1.6123394461485905,1.4880714704677036,1.0235221777607544,0.8153777128375826,12.186419060626312,17.33389902114868
118.0,1.6123394461485905,1.3566118611864866,0.9735377290710345,0.8329697288306519,12.186419060626312,17.546464681625366
125.0,1.6123394461485905,1.2562311628483673,1.039078607796309,0.8097229456289243,12.186419060626312,18.138009786605835
132.0,1.6123394461485905,1.0616966951354208,1.053163588905207,0.8045294731136582,12.186419060626312,18.143534421920776
139.0,0.6017306852140347,0.7297365501961686,1.0268846993188188,0.8141626611884909,13.197027821560868,17.721179723739624
146.0,0.6017306852140347,1.0053248887917565,0.8471377055058791,0.873527053505245,13.197027821560868,18.029685497283936
153.0,0.6017306852140347,1.1021344099207404,0.7988457524714226,0.8875354958771328,13.197027821560868,18.10854458808899
