cost,SR,IR,rmse,r2,max_value,operation_time
104.0,0.18768389772191085,0.7827971123999102,1.21158898628721,0.7412977263463333,13.611074609052991,9.31030821800232
111.0,0.18768389772191085,1.4679794422650225,1.1855024550215785,0.7523179535372349,13.611074609052991,9.08483338356018
118.0,0.18768389772191085,0.25770196313496996,0.8881589772283447,0.8609820014253371,13.611074609052991,9.120710134506226
125.0,0.18768389772191085,0.597933726551517,1.083952293255594,0.7929334493379794,13.611074609052991,9.020318746566772
132.0,0.18768389772191085,0.2957389200009146,0.6045008778514643,0.9356003534568162,13.611074609052991,9.353864192962646
139.0,0.18768389772191085,1.1269008575366826,1.1561438494454475,0.7644335927945982,13.611074609052991,9.069868803024292
146.0,0.18768389772191085,2.9530605973758526,2.266423942909707,0.09474295984615921,13.611074609052991,9.12383222579956
153.0,0.18768389772191085,1.2606116983334115,1.1369386265483008,0.7721947885838926,13.611074609052991,9.131977796554565
