cost,SR,IR,rmse,r2,max_value,operation_time
104.0,0.490519350299488,0.3981957361198951,0.8575032346471658,0.8704130865217478,13.308239156475414,8.984261751174927
111.0,0.490519350299488,0.8945350863897978,1.6653034006808538,0.5112617270588227,13.308239156475414,9.134395360946655
118.0,0.490519350299488,-0.411805581632688,0.9698769205723181,0.8342235398868552,13.308239156475414,8.937911987304688
125.0,0.490519350299488,1.9411489683411194,0.9160365771871141,0.852118024801198,13.308239156475414,8.795879602432251
132.0,0.490519350299488,-0.20105724641792477,0.8743087509225916,0.8652839741757331,13.308239156475414,8.99827265739441
139.0,0.490519350299488,0.8468802452308459,1.5622027619331371,0.5699049793885316,13.308239156475414,9.112998008728027
146.0,0.490519350299488,1.9711926837380407,2.049806260882358,0.25951674400351976,13.308239156475414,9.072736740112305
153.0,0.490519350299488,0.39046081603707705,0.43082093481655104,0.96728979925117,13.308239156475414,9.177670001983643
