cost,SR,IR,rmse,r2,max_value,operation_time
104.0,0.8109621285012345,2.165933882061399,1.6987704707655378,0.49142030346033927,12.987796378273668,24.337608575820923
111.0,0.8109621285012345,1.396672349143092,1.2730499492412297,0.7143853368916839,12.987796378273668,24.37067675590515
118.0,0.8109621285012345,1.5152888173557457,1.0050676517417558,0.8219753245289473,12.987796378273668,24.499974250793457
125.0,0.8109621285012345,1.5887211934255792,1.062020141430501,0.8012280406922692,12.987796378273668,24.3771870136261
132.0,0.8109621285012345,1.5379130041015472,1.0109329368400868,0.8198914604254185,12.987796378273668,24.73335599899292
139.0,0.8109621285012345,1.5023667393005962,1.0104416937440635,0.8200664583437266,12.987796378273668,24.670015335083008
146.0,0.8109621285012345,1.519191168339722,0.8658517927394023,0.8678775151427325,12.987796378273668,24.8897123336792
153.0,0.8109621285012345,1.4059008205211896,0.8515189628490438,0.8722154759274013,12.987796378273668,24.8047034740448
