cost,SR,IR,rmse,r2,max_value,operation_time
104.0,0.04370861447364405,0.6378963969519695,1.2804410782741222,0.7110592412564609,13.755049892301258,8.964846849441528
111.0,0.04370861447364405,0.6371764589237578,1.3366845130413778,0.6851182832169542,13.755049892301258,8.9857816696167
118.0,0.04370861447364405,0.742327220742979,1.3264165909553678,0.6899373154499896,13.755049892301258,8.739258050918579
125.0,0.04370861447364405,0.5119454966496271,1.2255045733748189,0.7353210003281951,13.755049892301258,8.814071416854858
132.0,0.04370861447364405,0.6132964296724825,1.1911163734215409,0.7499666145701407,13.755049892301258,8.984351634979248
139.0,0.04370861447364405,0.18732693411220858,1.2105795892412028,0.7417286060197144,13.755049892301258,8.885270357131958
146.0,0.04370861447364405,-0.3468233986097484,1.4320505909580556,0.6385848665869762,13.755049892301258,9.035485744476318
153.0,0.04370861447364405,1.1831187101786629,1.1710249452040071,0.7583304657832455,13.755049892301258,8.99493408203125
