cost,SR,IR,rmse,r2,max_value,operation_time
104.0,1.711127851189886,0.34209828162525646,1.3222437373283935,0.6918851363870724,12.087630655585016,17.40252947807312
111.0,1.711127851189886,0.22041711920298113,1.2614990273397606,0.7195448289375183,12.087630655585016,17.565135717391968
118.0,1.711127851189886,0.2550335317981691,1.1963595626050612,0.7477605199120312,12.087630655585016,17.56199860572815
125.0,1.711127851189886,0.2576991636423305,1.183532997331844,0.7531402110063129,12.087630655585016,17.471578121185303
132.0,1.711127851189886,0.2489358679468925,1.177666658103127,0.7555813330708336,12.087630655585016,17.685569763183594
139.0,1.711127851189886,0.23964411800030305,1.1896593327824003,0.7505779502721979,12.087630655585016,18.055472373962402
146.0,1.711127851189886,0.204952675163371,1.1825129463446107,0.7535655494777278,12.087630655585016,18.932400465011597
153.0,1.711127851189886,0.20927686018213087,1.1706552854071646,0.7584830183158408,12.087630655585016,18.222907781600952
