cost,SR,IR,rmse,r2,max_value,operation_time
104.0,0.8109621285012345,0.4713801546508911,1.1743962601721596,0.7569369567505924,12.987796378273668,8.8164803981781
111.0,0.8109621285012345,1.4678778280918774,1.5233956154481436,0.5910078103145271,12.987796378273668,8.88320541381836
118.0,0.8109621285012345,1.9470131604402514,1.2734627808898162,0.7142000654643074,12.987796378273668,9.244502544403076
125.0,0.8109621285012345,2.3706315220643237,2.4104791028312715,-0.023991504628489313,12.987796378273668,8.737385749816895
132.0,0.6017306852140347,1.9605230820179411,1.4476404034651262,0.6306730466929042,13.197027821560868,8.832419157028198
139.0,0.6017306852140347,-0.5234209966808425,1.0632426888192694,0.8007701435205136,13.197027821560868,8.874260663986206
146.0,0.6017306852140347,0.8133725438160333,0.6183777106117779,0.9326097191755645,13.197027821560868,8.846382856369019
153.0,0.6017306852140347,1.5142391625520926,0.8117019493866319,0.8838864802754023,13.197027821560868,8.910165786743164
