cost,SR,IR,rmse,r2,max_value,operation_time
104.0,0.043708614451592354,2.2418961205806376,1.2046405914209035,0.7442565037892617,13.75504989232331,45.138185024261475
105.0,0.043708614451592354,-0.7774809346200904,3.5141377330214234,-1.1763421357446986,13.75504989232331,46.38983225822449
112.0,0.043708614451592354,3.036722930495925,1.2039317452637694,0.7445573893143093,13.75504989232331,46.55687880516052
119.0,0.043708614451592354,-0.11597343255133552,3.4835418221042094,-1.1386103768445772,13.75504989232331,47.71372079849243
126.0,0.043708614451592354,3.2049136639211646,1.1946237932741226,0.7484919253340745,13.75504989232331,46.802852153778076
133.0,0.043708614451592354,-0.11065271658946507,3.454662830672063,-1.1032986676095224,13.75504989232331,54.9036500453949
140.0,0.043708614451592354,3.593256188356113,1.215827639019019,0.7394844592919791,13.75504989232331,64.88009262084961
147.0,0.043708614451592354,-0.12942832191862053,3.446067155769247,-1.0928450976944313,13.75504989232331,48.65282702445984
154.0,0.043708614451592354,3.2701745568799474,1.1965956345574476,0.7476609636524831,13.75504989232331,47.26567983627319
