cost,SR,IR,rmse,r2,max_value,operation_time
104.0,1.5229036800448341,0.8437968681236097,1.2925545207834517,0.7055664102473029,12.275854826730068,69.63805794715881
105.0,1.5229036800448341,0.08654076466826588,1.300449402797992,0.7019586436777515,12.275854826730068,70.38361477851868
112.0,1.5229036800448341,-1.106136784683283,1.421240770264939,0.6440205508664201,12.275854826730068,69.8341555595398
119.0,1.5229036800448341,-1.099898277436175,1.4206411006673976,0.6443208870548253,12.275854826730068,69.22967076301575
126.0,1.5229036800448341,-1.1029477647959105,1.4215868824798954,0.643847147681527,12.275854826730068,68.87352705001831
133.0,1.5229036800448341,-1.102074922890898,1.4212848587898097,0.6439984647392032,12.275854826730068,68.2730655670166
140.0,1.5229036800448341,-1.099892664226763,1.4206817580372073,0.6443005283813343,12.275854826730068,68.42191767692566
147.0,1.5229036800448341,-1.096983755702123,1.4199004201812637,0.644691671628118,12.275854826730068,69.0644781589508
154.0,1.5229036800448341,-1.0950831434401174,1.4193847246935385,0.6449497145516266,12.275854826730068,68.59043622016907
