cost,SR,IR,rmse,r2,max_value,operation_time
104.0,1.348088611454866,3.13695406267866,1.252622762411873,0.723477668047948,12.450669895320036,48.44637322425842
111.0,0.6017306852140347,2.902894173747473,1.2314435856525288,0.7327494215793223,13.197027821560868,49.796589851379395
118.0,0.6017306852140347,2.927804787649274,1.2492529684314595,0.7249634623771887,13.197027821560868,60.06670808792114
125.0,0.6017306852140347,2.9088967209265064,1.2396473764214042,0.7291767514427817,13.197027821560868,49.81837844848633
132.0,0.6017306852140347,2.932310475070876,1.2582908759357865,0.7209694809613469,13.197027821560868,48.44824576377869
139.0,0.6017306852140347,2.933296877804626,1.258945089958725,0.72067925691745,13.197027821560868,51.55619835853577
146.0,0.6017306852140347,2.9794235051040197,1.2963431978954523,0.7038378198377899,13.197027821560868,50.13958430290222
153.0,0.6017306852140347,2.995952167163189,1.3084753246799385,0.698268476094885,13.197027821560868,49.396029233932495
