cost,SR,IR,rmse,r2,max_value,operation_time
104.0,1.6123394461485905,1.2331063995949805,1.5200877372984791,0.5927820408356727,12.186419060626312,4.413432359695435
111.0,1.6123394461485905,0.5630025003785821,1.0685208495510516,0.7987871958515773,12.186419060626312,4.398970603942871
118.0,1.6123394461485905,0.3668639250972987,1.05900533446692,0.8023549656744606,12.186419060626312,4.341664552688599
125.0,1.6123394461485905,0.21837338032077014,1.0611134856484357,0.8015672825059916,12.186419060626312,4.350289344787598
132.0,1.6123394461485905,0.015812809599967892,1.0826041273955835,0.7934482071431053,12.186419060626312,4.341405630111694
139.0,0.6017306852140347,-0.1836692238919877,1.1250546280085465,0.7769322262343367,13.197027821560868,4.387698173522949
146.0,0.6017306852140347,0.7883272787653866,1.1178419010540759,0.779783233621936,13.197027821560868,4.266819953918457
153.0,0.6017306852140347,0.8883466150652204,1.8202850885173114,0.41605971853646795,13.197027821560868,4.196247339248657
