cost,SR,IR,rmse,r2,max_value,operation_time
104.0,1.348088611454866,1.3162173090285645,1.466310412540426,0.6210853042681151,12.450669895320036,4.400792837142944
111.0,0.6017306852140347,0.8906981056844678,1.349452198650031,0.6790742073859576,13.197027821560868,4.272892475128174
118.0,0.6017306852140347,2.686686707339156,1.2762917305274655,0.7129288674761434,13.197027821560868,4.338203430175781
125.0,0.6017306852140347,2.7154972043807017,1.2426035380190485,0.7278835580938976,13.197027821560868,4.350416660308838
132.0,0.6017306852140347,2.7258114691303135,1.2350190870718336,0.7311952423018571,13.197027821560868,4.409881114959717
139.0,0.6017306852140347,2.7391763095751003,1.2366390276256267,0.730489612218872,13.197027821560868,4.368406534194946
146.0,0.6017306852140347,2.753031956633734,1.233212386022946,0.7319811323594794,13.197027821560868,4.397288799285889
153.0,0.6017306852140347,2.7356630965467286,1.2366588341185398,0.730480978982795,13.197027821560868,4.416889190673828
