cost,SR,IR,rmse,r2,max_value,operation_time
104.0,1.711127851189886,1.0888734291626267,1.2830723793467003,0.70987047695043,12.087630655585016,4.473255634307861
111.0,1.711127851189886,1.2873377534345476,1.2560514813054202,0.7219617847652443,12.087630655585016,4.384064435958862
118.0,1.711127851189886,1.4023652543224596,1.2146503168053011,0.7399887449730649,12.087630655585016,4.313055992126465
125.0,1.711127851189886,1.4138702598641917,1.2100908399007657,0.7419371086131218,12.087630655585016,4.371464014053345
132.0,1.711127851189886,1.4332461084226988,1.2045187022194743,0.7443082549815894,12.087630655585016,4.393269300460815
139.0,1.711127851189886,1.4364995049075304,1.2036723177252546,0.7446674648365437,12.087630655585016,4.466570615768433
146.0,1.711127851189886,1.4095511492652353,1.2056291378425754,0.7438365975508587,12.087630655585016,4.464443922042847
153.0,1.711127851189886,1.4341378884922822,1.1956831175055098,0.748045681543812,12.087630655585016,4.468958616256714
