cost,SR,IR,rmse,r2,max_value,operation_time
104.0,0.6017306852140347,0.48990143672669006,1.3186253815796385,0.6935691583593562,13.197027821560868,4.359429121017456
111.0,0.6017306852140347,0.41816593388920786,1.312438414324845,0.6964379486879233,13.197027821560868,4.343636989593506
118.0,0.6017306852140347,0.742416013355264,1.2843367406662805,0.7092983980996022,13.197027821560868,4.376755714416504
125.0,0.6017306852140347,0.7288976067123532,1.2874200203099135,0.7079009605205242,13.197027821560868,4.515693664550781
132.0,0.6017306852140347,0.7274373249467665,1.2871153849387778,0.7080391798584655,13.197027821560868,4.770743370056152
139.0,0.6017306852140347,0.6908834514659645,1.2955498207525609,0.7042002183184404,13.197027821560868,4.630523443222046
146.0,0.6017306852140347,0.7041441237619317,1.2936975047017805,0.7050454548093342,13.197027821560868,4.484674453735352
153.0,0.6017306852140347,0.7096153651000332,1.2929250820630696,0.705397564251669,13.197027821560868,4.743315935134888
