cost,SR,IR,rmse,r2,max_value,operation_time
104.0,1.5229036800448341,0.5188932187060065,1.3076191973894489,0.6986631890533409,12.275854826730068,4.6482179164886475
111.0,1.5229036800448341,0.324443105602386,1.3546321248391107,0.6766057057819782,12.275854826730068,4.483633518218994
118.0,1.5229036800448341,0.3234501930328779,1.3542862803834006,0.6767708131117496,12.275854826730068,4.484476089477539
125.0,1.5229036800448341,0.32556704972458306,1.3528445404671168,0.6774586504987212,12.275854826730068,4.388586759567261
132.0,1.5229036800448341,0.3215080259911698,1.3529789183599121,0.6773945713260032,12.275854826730068,4.749370813369751
139.0,1.5229036800448341,0.337208565523035,1.353253210850331,0.6772637530036121,12.275854826730068,4.55971360206604
146.0,1.5229036800448341,0.35205346701468976,1.3546290555419611,0.6766071712603803,12.275854826730068,4.785136938095093
153.0,1.5229036800448341,0.3410590259801367,1.3559298285410573,0.6759858017035704,12.275854826730068,4.603223562240601
