cost,SR,IR,rmse,r2,max_value,operation_time
104.0,0.04370861447364405,-7.8455990137345815,7.55396752217783,-9.056337460429795,13.755049892301258,14.847897291183472
111.0,0.04370861447364405,-12.440007658381536,6.6548329885511945,-6.804838726552179,13.755049892301258,14.666171312332153
118.0,0.04370861447364405,-7.675948016406217,8.180429095233636,-10.793474745629693,13.755049892301258,14.49988055229187
125.0,0.04370861447364405,-11.114027094244427,6.235655441304913,-5.852575535167073,13.755049892301258,14.683326005935669
132.0,0.04370861447364405,-6.6783614566945815,7.242489087958716,-8.244114392379942,13.755049892301258,14.666748762130737
139.0,0.04370861447364405,-11.022481369000388,6.172187388807298,-5.713791002309606,13.755049892301258,14.688602924346924
146.0,0.04370861447364405,-6.6669594156389245,7.231435887125619,-8.215919918802808,13.755049892301258,14.663350582122803
153.0,0.04370861447364405,-11.01836061003456,6.171489314815445,-5.712272429539143,13.755049892301258,14.566736459732056
