cost,SR,IR,rmse,r2,max_value,operation_time
104.0,0.6017306852140347,-12.043963954680393,9.567134356335709,-15.130705342140029,13.197027821560868,14.811218738555908
111.0,0.6017306852140347,-13.711377851967875,9.77885600276387,-15.852553481838115,13.197027821560868,14.595623970031738
118.0,0.6017306852140347,-13.024554805304689,9.161038261333708,-13.790368889952667,13.197027821560868,14.749302625656128
125.0,0.6017306852140347,-12.994175195159425,9.133937375757464,-13.702990320540309,13.197027821560868,14.772500038146973
126.0,0.6017306852140347,-13.768935557779152,9.139233041779441,-13.72004423594935,13.197027821560868,14.833379030227661
133.0,0.6017306852140347,-14.182362624342975,9.211381159013607,-13.953371355194323,13.197027821560868,14.849945545196533
140.0,0.6017306852140347,-14.154294544739948,9.223170185644955,-13.991671475053707,13.197027821560868,14.783338069915771
147.0,0.6017306852140347,-14.154579468588672,9.219485780638605,-13.979696339431426,13.197027821560868,14.783332586288452
154.0,0.6017306852140347,-14.154574862734268,9.221956531404103,-13.987726300412298,13.197027821560868,14.75062370300293
