cost,SR,IR,rmse,r2,max_value,operation_time
104.0,1.348088611454866,-7.829805081462272,8.287238702005725,-11.103453569091526,12.450669895320036,14.594659805297852
111.0,0.6017306852140347,-8.974066507542542,8.357460409930034,-11.309439210842488,13.197027821560868,14.600713729858398
118.0,0.6017306852140347,-9.649654512480794,8.999570885010877,-13.273589943630995,13.197027821560868,14.721951484680176
125.0,0.6017306852140347,-8.369194630378235,7.784985704469835,-9.68083610130251,13.197027821560868,14.566525220870972
132.0,0.6017306852140347,-8.529829380841356,7.937499110248576,-10.103425711586471,13.197027821560868,14.581675291061401
133.0,0.6017306852140347,-8.109871658972924,7.914511630266463,-10.039206446101648,13.197027821560868,14.650980949401855
140.0,0.6017306852140347,-7.703976296584077,7.822350121100653,-9.783608523720787,13.197027821560868,14.680092573165894
147.0,0.6017306852140347,-7.599366683191555,7.721940180980984,-9.508542329569737,13.197027821560868,14.711042881011963
154.0,0.6017306852140347,-7.767940719677529,7.883728748734085,-9.953501161677064,13.197027821560868,14.7777738571167
