cost,SR,IR,rmse,r2,max_value,operation_time
98.0,1.6123394461485905,-8.000705379605144,7.33208664327295,-8.474248873081054,12.186419060626312,14.660610914230347
105.0,1.6123394461485905,-10.260057612558374,7.862727431469379,-9.895221237676228,12.186419060626312,14.729856967926025
112.0,1.6123394461485905,-10.149032300340814,8.331458909081842,-11.232964781669745,12.186419060626312,14.584248542785645
119.0,1.6123394461485905,-9.8082200795888,7.96538065437671,-10.181567295402507,12.186419060626312,14.71666431427002
126.0,1.6123394461485905,-9.169570221906401,7.700854753875379,-9.451231710646162,12.186419060626312,14.766714334487915
133.0,0.6017306852140347,-10.125923212574907,7.89623613828239,-9.988283783977744,13.197027821560868,14.601063251495361
140.0,0.6017306852140347,-10.60115255148947,7.823119839466341,-9.785730839847506,13.197027821560868,14.61184287071228
147.0,0.6017306852140347,-10.339115271431908,7.563882451340997,-9.082753594427954,13.197027821560868,14.682782888412476
154.0,0.6017306852140347,-9.6802022081113,6.94957955892717,-7.511511185017216,13.197027821560868,14.750095844268799
