cost,SR,IR,rmse,r2,max_value,operation_time
104.0,0.18768389772191085,-11.265273187812028,8.644455614795659,-12.16936726861722,13.611074609052991,14.643770694732666
111.0,0.18768389772191085,-10.567382904420793,8.44179193232317,-11.559111018818786,13.611074609052991,14.666783809661865
118.0,0.18768389772191085,-10.744169671400684,8.526038094395807,-11.811032987938312,13.611074609052991,14.683027505874634
125.0,0.18768389772191085,-11.462799392458006,7.887411637519592,-9.963737421809146,13.611074609052991,14.615063905715942
132.0,0.18768389772191085,-12.403122324378081,7.953229956744728,-10.147479729927351,13.611074609052991,14.749677658081055
139.0,0.18768389772191085,-15.171987991064302,9.817751593822276,-15.986882822722137,13.611074609052991,14.584085702896118
146.0,0.18768389772191085,-14.578598803075344,9.599315708730485,-15.239406854138675,13.611074609052991,14.688720703125
153.0,0.18768389772191085,-14.980239430091043,9.576431712338014,-15.162072264877573,13.611074609052991,14.776713371276855
