cost,SR,IR,rmse,r2,max_value,operation_time
104.0,1.711127851189886,-10.206060190134853,8.451339361652444,-11.587535086055349,12.087630655585016,14.667285203933716
111.0,1.711127851189886,-11.552045619609295,8.728703763704118,-12.427313260053197,12.087630655585016,14.777259588241577
118.0,1.711127851189886,-12.04531575962324,9.242598998332639,-14.054898576983273,12.087630655585016,14.616382598876953
125.0,1.711127851189886,-12.349472284494297,9.560419090493067,-15.108068687434823,12.087630655585016,14.68398141860962
132.0,1.711127851189886,-12.413679577958249,9.62394614539099,-15.322849641899463,12.087630655585016,14.766085624694824
139.0,1.711127851189886,-11.999602961051593,9.225077303209416,-13.997871910554602,12.087630655585016,14.699410915374756
146.0,1.711127851189886,-11.87475485627564,9.105062677966211,-13.61017747580295,12.087630655585016,14.649464130401611
153.0,1.711127851189886,-11.769703297105906,9.004173504222468,-13.288193461830941,12.087630655585016,14.694375276565552
