train_sample_num,rmse,nrmse,r2,time
8,1.7675159,0.17492588,0.470342009311721,0.5947144031524658
16,1.450611,0.16716966,0.6432443796663259,0.5893709659576416
32,1.6409496,0.12015404,0.5434804615393325,0.5960628986358643
64,0.920751,0.1805778,0.8562680715891036,0.6060421466827393
