train_sample_num,rmse,nrmse,r2,time
8,1.8361198,0.06551522,0.421506437349516,0.6334230899810791
16,2.8206246,0.07175232,-0.3651711276820069,0.6285290718078613
32,1.4937987,0.15051319,0.6171041219983375,0.6213669776916504
64,0.90552336,0.07957763,0.8592994430467079,0.6516029834747314
