train_sample_num,rmse,nrmse,r2,time
8,2.4047213,0.07568437,0.01961121376132602,0.8430323600769043
16,1.3383281,0.09651448,0.6963354713629949,0.8351924419403076
32,1.8871696,0.13266869,0.3962032856011951,0.8347582817077637
64,1.25641,0.071675256,0.7323719298974241,0.8575561046600342
