train_sample_num,rmse,nrmse,r2,time
8,2.0093715,0.07027289,0.30718555415301574,0.8418896198272705
16,2.1818826,0.10109796,0.1831181044047071,0.8130218982696533
32,1.6213307,0.109347425,0.5489344034631352,0.8302814960479736
64,1.7619454,0.106253095,0.46730158624614737,0.8513753414154053
