train_sample_num,rmse,nrmse,r2,time
8,3.0776172,0.07053583,-0.36722137680224987,0.6214592456817627
16,3.2704399,0.06655525,-0.5439099355864929,0.6281790733337402
32,1.3097482,0.18015818,0.7523802880542179,0.6562697887420654
64,0.93683404,0.1012483,0.8733121386777467,0.6508481502532959
