train_sample_num,rmse,nrmse,r2,time
8,17.436740083224972,0.06924116117031846,-42.88743541931968,3.1757168769836426
16,13.523605600280494,0.05844366349318944,-25.39943357899168,3.5954787731170654
32,0.9520321957584611,0.1140778413159646,0.8691683294577213,3.734257459640503
64,0.7170692449090382,0.10979744944762337,0.9257781444274767,8.87460470199585
