train_sample_num,rmse,nrmse,r2,time
8,5.88966735657891,0.04732592578467405,-4.880989624084904,2.990279197692871
16,1.058396327467575,0.06022836901574384,0.8100822625191348,3.347081422805786
32,0.7481386086687455,0.040995299173642634,0.9051072539372105,3.7656497955322266
64,0.7288388174416034,0.033569473619042785,0.9099400152727453,8.743956089019775
