train_sample_num,rmse,nrmse,r2,time
8,3.073667,0.070516065,-0.3637141027695965,0.8835556507110596
16,3.273004,0.066541664,-0.5463317692143728,0.8726325035095215
32,1.2791005,0.17637458,0.7638331109917489,0.9116785526275635
64,0.93490046,0.10403338,0.8738345640905956,0.910515546798706
