train_sample_num,rmse,nrmse,r2,time
8,1.7566956,0.20628516,0.47680697159265784,0.8753416538238525
16,1.1938633,0.17077044,0.7583548819190236,0.8776288032531738
32,1.6464057,0.118657626,0.5404395937530726,0.885493278503418
64,0.82191116,0.2331495,0.8854701712245184,0.9118044376373291
