train_sample_num,rmse,nrmse,r2,time
8,1.9194304,0.17578582,0.3753833140171565,0.5549514293670654
16,1.5873777,0.14656493,0.5728018266589154,0.542203426361084
32,1.8596668,0.17875767,0.41367392624429034,0.5559165477752686
64,1.4184716,0.1435242,0.6588776978443973,0.5526027679443359
