train_sample_num,rmse,nrmse,r2,time
8,1.7679951,0.04805895,0.5487972615580632,0.5390715599060059
16,1.9687867,0.05174894,0.44049114655405297,0.5512778759002686
32,1.7614136,0.19209084,0.5521503139956656,0.5562551021575928
64,1.6264607,0.15417728,0.6181465143931102,0.5702297687530518
