train_sample_num,rmse,nrmse,r2,time
8,1.6361219,0.07507103,0.5406668010373046,0.5495314598083496
16,1.8317145,0.15001406,0.4242790542670397,0.5524752140045166
32,1.6878002,0.14092135,0.5111917250582675,0.5484447479248047
64,1.5549195,0.14561458,0.5851297177227988,0.5755586624145508
