train_sample_num,rmse,nrmse,r2,time
8,2.9164915,0.07102721,-0.2278096106878995,0.5600605010986328
16,2.792352,0.08414287,-0.12551155681828674,0.567603588104248
32,0.5979169,0.14796148,0.9483950580258868,0.5782122611999512
64,0.53597575,0.11472766,0.9585332672558147,0.5862786769866943
