train_sample_num,rmse,nrmse,r2,time
8,2.23753,0.10777513,0.15119747921673232,0.5600714683532715
16,1.0874118,0.1331545,0.7995265048516251,0.5770728588104248
32,1.3398622,0.033712897,0.6956388981806425,0.5766756534576416
64,0.60163605,0.04418405,0.938632758079982,0.5897436141967773
