train_sample_num,rmse,nrmse,r2,time
8,1.7334993,0.16659641,0.49053280218633577,0.5817720890045166
16,1.4004781,0.14732507,0.6674771104212444,0.5678980350494385
32,1.63891,0.120333895,0.5446145890620313,0.568779468536377
64,0.5217279,0.11700454,0.9538515591705522,0.586902379989624
