train_sample_num,rmse,nrmse,r2,time
8,0.18847962,0.17024058,0.7283695687266034,0.5877118110656738
16,0.34581882,0.38705376,0.08557741475053893,0.5942678451538086
32,0.36653808,0.22734004,-0.027277761263343026,0.5922813415527344
64,0.21435264,0.30593285,0.6486763694894365,0.6205072402954102
