train_sample_num,rmse,nrmse,r2,time
8,0.28814828,0.29802275,0.3651344776440203,0.6137561798095703
16,0.15996094,0.2597384,0.8043510375944831,0.6194469928741455
32,0.21857147,0.21859597,0.6347109802930835,0.6316256523132324
64,0.15037782,0.277836,0.8270911445730398,0.6582229137420654
