train_sample_num,rmse,nrmse,r2,time
8,0.4787383,0.20600316,-0.7627020454921669,0.6236214637756348
16,0.51893204,0.1890037,-1.0711116000438143,0.6392157077789307
32,0.15997294,0.3378379,0.8031771358797346,0.6311385631561279
64,0.1533647,0.35356066,0.8191021552111613,0.6541643142700195
