train_sample_num,rmse,nrmse,r2,time
8,1.095073,0.06361919,-8.222924503148093,0.8261198997497559
16,0.5065728,0.1282707,-0.9736320891184229,0.8437104225158691
32,0.23834714,0.07510023,0.5630795085998432,0.840731143951416
64,0.2325605,0.07424324,0.5840372548258346,0.9079403877258301
