train_sample_num,rmse,nrmse,r2,time
8,0.6043877045826834,0.09160833591842954,-1.8094013650368832,1.0391778945922852
16,0.5942749990901487,0.08566323200462213,-1.716173250732688,1.0182311534881592
32,0.08699026650980662,0.2592856124758605,0.9417998812770138,1.1105546951293945
64,0.03873237366568695,0.19878960774794924,0.9884619936453561,2.922638416290283
