train_sample_num,rmse,nrmse,r2,time
8,0.19002505634270692,0.07208806657173783,0.7222818345358096,2.6071865558624268
16,0.1783148538087546,0.07085850523663792,0.7554556734989878,3.0555007457733154
32,0.0258402154880724,0.05954557361605849,0.9948645936961782,3.943904399871826
64,0.017183283323561598,0.062368697699085304,0.9977291165266056,8.91329050064087
