train_sample_num,rmse,nrmse,r2,time
8,0.35899901053221916,0.058732059886569515,0.008009535946139512,1.0948619842529297
16,0.3237915020305359,0.0361569607903291,0.19304022447561764,1.141916275024414
32,0.1778472716340057,0.05963172928861126,0.7565468443689718,1.1352448463439941
64,0.01603144247651718,0.13243335509827847,0.9980218182256357,2.9892148971557617
