train_sample_num,rmse,nrmse,r2,time
8,0.48086283,0.21408209,-0.7783815721326879,0.9359521865844727
16,0.5198231,0.19032066,-1.0782299723241056,0.8809421062469482
32,0.1599111,0.33875796,0.8033292817294998,0.8642005920410156
64,0.13624026,0.37720734,0.8572442860059517,0.8794674873352051
