train_sample_num,rmse,nrmse,r2,time
8,0.29188937,0.310047,0.34854228992893077,0.8580801486968994
16,0.16014627,0.26205832,0.8038974089304833,0.8625476360321045
32,0.21881539,0.21828337,0.6338952640708753,0.8949599266052246
64,0.15179154,0.27704108,0.8238247880106309,0.9309089183807373
