train_sample_num,rmse,nrmse,r2,time
8,0.24498382,0.29873395,0.5380491120926069,0.5484700202941895
16,0.28493556,0.22435741,0.3750945227182565,0.5541326999664307
32,0.26058376,0.21467207,0.47734425965503136,0.5618603229522705
64,0.25989005,0.18798326,0.4801233130203476,0.5662930011749268
