train_sample_num,rmse,nrmse,r2,time
8,0.32756892,0.2683912,0.17954455029407734,0.5750055313110352
16,0.2927268,0.21523666,0.3447988320825338,0.546870231628418
32,0.2604509,0.25862736,0.48131773131310585,0.5601117610931396
64,0.26440522,0.14914781,0.4654483451160957,0.5654292106628418
