train_sample_num,rmse,nrmse,r2,time
8,0.15621404,0.14820416,0.8121716757143257,0.570167064666748
16,0.23335072,0.079489775,0.5808790947174262,0.575852632522583
32,0.08447952,0.28984022,0.9450681966034481,0.5658600330352783
64,0.03494539,0.32589415,0.990600584879772,0.5974757671356201
