train_sample_num,rmse,nrmse,r2,time
8,0.48222438,0.15974356,-0.7884665296591016,0.5602178573608398
16,0.4627439,0.15231825,-0.6468875101351284,0.5722723007202148
32,0.116932064,0.2897618,0.8948401864541616,0.5706417560577393
64,0.08401487,0.2571429,0.9457131152967713,0.5857300758361816
