train_sample_num,rmse,nrmse,r2,time
8,0.41264087,0.16239002,0.540759851820674,0.595963716506958
16,0.09156558,0.098605506,0.9773869126976598,0.5870561599731445
32,0.120412625,0.19786717,0.9608943534717928,0.6047329902648926
64,0.13186403,0.26687214,0.9531026790145614,0.6123969554901123
