train_sample_num,rmse,nrmse,r2,time
8,0.5148622,0.11344013,0.2227609855446473,0.5909521579742432
16,0.13097337,0.17234479,0.9497033985599763,0.562197208404541
32,0.1253691,0.08013969,0.9539156305723948,0.5971488952636719
64,0.10152112,0.058165766,0.9697806271330812,0.6258938312530518
