train_sample_num,rmse,nrmse,r2,time
8,0.267333,0.2180859,0.794781306337498,0.595839262008667
16,0.20468852,0.22505735,0.8796908354267765,0.5961267948150635
32,0.20378117,0.23107357,0.8807550750939463,0.6148324012756348
64,0.118933715,0.2063744,0.9593817036112035,0.6328818798065186
