train_sample_num,rmse,nrmse,r2,time
8,0.5078386,0.2019754,0.3044204702765514,0.8579394817352295
16,0.54701275,0.22525826,0.19296881921264752,0.8567428588867188
32,0.58582723,0.14166223,0.07437619796973349,0.8732686042785645
64,0.40214294,0.14644808,0.5638295616331918,0.885918378829956
