train_sample_num,rmse,nrmse,r2,time
8,1.3338234,0.032583747,-4.108677351665629,0.853691816329956
16,0.4054421,0.06775709,0.5279701961257203,0.8595194816589355
32,0.5726586,0.15981925,0.05831997099472441,0.8714525699615479
64,0.5972198,0.15164804,-0.02418913397606337,0.8952326774597168
