train_sample_num,rmse,nrmse,r2,time
8,0.41297683,0.092191786,0.49993783569289585,0.6236572265625
16,0.16479994,0.07664185,0.9203681681634506,0.6308934688568115
32,0.16051227,0.06680297,0.9244578889268201,0.6403255462646484
64,0.11680121,0.055954177,0.9599993255822874,0.6557424068450928
