train_sample_num,rmse,nrmse,r2,time
8,0.4349181,0.17584017,0.48983543841663013,0.6281039714813232
16,0.17456502,0.09316987,0.9178117227766956,0.6255431175231934
32,0.1527783,0.09086292,0.9370466796168149,0.6414217948913574
64,0.11767334,0.12323509,0.9626533619963324,0.6541988849639893
