train_sample_num,rmse,nrmse,r2,time
8,0.6634880254980114,0.21337866262498834,-0.2907401259212046,2.70304536819458
16,0.642089941427828,0.20636916438113323,-0.20882759691926966,2.6108453273773193
32,0.6240661705843399,0.20200797212998675,-0.14191536046809428,2.9703967571258545
64,0.5698001048542125,0.19086867474430916,0.04804223076715963,8.270001649856567
