train_sample_num,rmse,nrmse,r2,time
8,0.647156636778972,0.1960078457932108,-0.20262596672308764,2.70866322517395
16,0.6251413064633021,0.20418620951907324,-0.12219453691095894,2.615183115005493
32,0.5868696417342935,0.20119657373676378,0.011002834517596538,2.971518039703369
64,0.5225208824997654,0.20380780990879538,0.21599458661266457,8.11647343635559
