train_sample_num,rmse,nrmse,r2,time
8,0.7243190870218384,0.23552249979866322,-0.41499605658776373,2.675710678100586
16,0.7091080665436024,0.23311260795636216,-0.35618901278965054,2.615558624267578
32,0.6843751341598936,0.22724696441389972,-0.26323402082735137,2.974919319152832
64,0.6215522844420706,0.2331709276830382,-0.041959177011608784,8.125892162322998
