train_sample_num,rmse,nrmse,r2,time
8,0.32317784,0.09573002,0.6937643452191404,0.5715339183807373
16,0.06818613,0.04260371,0.986367837922385,0.5792868137359619
32,0.037457604,0.051482614,0.9958861108483856,0.5723176002502441
64,0.026438946,0.05847233,0.9979504386113679,0.5864613056182861
