train_sample_num,rmse,nrmse,r2,time
8,0.34817505,0.12694857,0.6730429691655682,0.5734221935272217
16,0.10468251,0.07861117,0.9704441351631257,0.5802121162414551
32,0.113853574,0.14731942,0.9650386090891929,0.5923366546630859
64,0.12624599,0.22584412,0.9570136489317517,0.5803918838500977
