train_sample_num,rmse,nrmse,r2,time
8,0.24132481,0.20462587,0.8327694150665758,0.5687861442565918
16,0.20237611,0.21823274,0.8823937853864189,0.5568902492523193
32,0.15452187,0.20972621,0.9314367016229773,0.5643017292022705
64,0.15057224,0.25148576,0.9348969113522454,0.5996675491333008
