train_sample_num,rmse,nrmse,r2,time
8,166.79725379517714,0.5960896291889249,-53392.55231892643,2.705188035964966
16,162.2366362003351,0.5711757238729916,-50512.666202357424,2.5948398113250732
32,156.1044329592332,0.514986497964224,-46766.2136678,2.9375598430633545
64,142.0658914565998,0.5466573084213907,-38732.84992352868,7.743952512741089
