train_sample_num,rmse,nrmse,r2,time
8,161.8515023867929,0.5795560615180162,-57166.78893869014,2.7072529792785645
16,158.11455419746008,0.6039543715955581,-54557.39943679959,2.6284265518188477
32,150.32051784287302,0.5890205761965305,-49311.208315357064,2.955413818359375
64,137.32594852338696,0.5753908548079861,-41154.05061092899,7.846688985824585
