train_sample_num,rmse,nrmse,r2,time
8,8.231904,0.14071667,-0.3986359436138951,0.5833032131195068
16,3.4765294,0.0736512,0.7505429277103419,0.5914037227630615
32,3.6737597,0.09490261,0.7214356667304017,0.589242696762085
64,2.8498693,0.11912819,0.8323691740737785,0.6234443187713623
