train_sample_num,rmse,nrmse,r2,time
8,3.4352078,0.12881815,0.7451088049485787,0.5934553146362305
16,2.5992231,0.112399615,0.8540729245742862,0.5821385383605957
32,1.3574672,0.062557355,0.9601977674062757,0.6011111736297607
64,1.0647811,0.07183943,0.9755110930473977,0.6184406280517578
