train_sample_num,rmse,nrmse,r2,time
8,7.0867214,0.10558465,-0.20173249854872877,0.8601276874542236
16,6.2784476,0.06812447,0.056761236077630506,0.8615901470184326
32,6.646313,0.07014435,-0.05700896249195209,0.8656208515167236
64,5.720372,0.06578167,0.2169930392826288,0.892418384552002
