train_sample_num,rmse,nrmse,r2,time
8,8.28423,0.14094985,-0.41647301508330936,0.637354850769043
16,4.5763884,0.07584493,0.5677352917881612,0.6310396194458008
32,4.506574,0.08746158,0.5808232996767803,0.6397824287414551
64,3.1864052,0.103447005,0.7904411319127579,0.6507160663604736
