train_sample_num,rmse,nrmse,r2,time
8,6.398127,0.11820756,0.11579187852517547,0.8626813888549805
16,6.271887,0.16546121,0.15033994929491767,0.8634791374206543
32,5.1605005,0.0711477,0.4247820604907572,0.8764872550964355
64,5.811851,0.11643259,0.270411904033364,0.8959968090057373
