train_sample_num,rmse,nrmse,r2,time
8,9.612117,0.08017573,-0.9069623321876783,0.8459367752075195
16,6.3746424,0.108968064,0.16128250670704924,0.8603377342224121
32,6.800368,0.090294406,0.04551557135431972,0.8691985607147217
64,5.8999043,0.09266648,0.2815543163860963,0.8873763084411621
