train_sample_num,rmse,nrmse,r2,time
8,8.598418908061678,0.21507017990762217,-0.7691077540589832,2.713047742843628
16,8.379234692211918,0.21615566562469962,-0.6800638832636476,2.62914776802063
32,8.044767458629556,0.20876013412050776,-0.54861719225447,2.9866669178009033
64,7.35279166136984,0.18501003905954955,-0.29366434204456526,8.288222074508667
