train_sample_num,rmse,nrmse,r2,time
8,9.0413161265402,0.23295042814799513,-0.6872029986740238,2.7441954612731934
16,8.81348934125692,0.233493104848147,-0.60324464100653,2.637115001678467
32,8.405348288100416,0.247261942966194,-0.45819450472184386,2.9606287479400635
64,7.482668938416538,0.2626403565239402,-0.15562543320304312,8.335751056671143
