train_sample_num,rmse,nrmse,r2,time
8,8.891110712343194,0.22039346383808678,-0.707500368144159,2.6998889446258545
16,8.68495604671316,0.22311265910207975,-0.6292360814691909,2.602238416671753
32,8.420401259311783,0.207366340083742,-0.5314906326530402,2.954033374786377
64,7.7999501164542435,0.19197868800655044,-0.314112118175645,8.236522436141968
