train_sample_num,rmse,nrmse,r2,time
8,9.556247,0.1314317,-0.8848583730837849,0.5515084266662598
16,1.3774443,0.08200227,0.9608391525466151,0.5534439086914062
32,0.8201919,0.13655066,0.9861153463620899,0.5695264339447021
64,0.59651226,0.1591542,0.9926558284472459,0.5610017776489258
