train_sample_num,rmse,nrmse,r2,time
8,4.751154,0.101627104,0.45984889594356537,0.540703535079956
16,2.1316662,0.13923015,0.8912684681323451,0.5702626705169678
32,1.534655,0.15825358,0.9436441983850274,0.55375075340271
64,1.0652875,0.16848806,0.9728449437741113,0.577070951461792
