train_sample_num,rmse,nrmse,r2,time
8,4.247485,0.08534542,0.6103160854838097,0.55959153175354
16,1.4772133,0.062857725,0.9528659025117245,0.5718824863433838
32,0.99569875,0.05626902,0.9785856592438588,0.578582763671875
64,0.32135457,0.06636185,0.997769420575367,0.5949170589447021
