train_sample_num,rmse,nrmse,r2,time
8,6.1601567,0.12586989,0.2167731511784855,0.5789794921875
16,1.7664229,0.04661715,0.935598888230167,0.5657150745391846
32,0.65372115,0.024033897,0.9911795819967516,0.5787448883056641
64,0.4896428,0.030560365,0.9950516233290909,0.5983290672302246
