train_sample_num,rmse,nrmse,r2,time
8,8.267536,0.14042985,-0.4107700224569162,0.5772864818572998
16,1.6581093,0.092507325,0.9432546385741487,0.5601146221160889
32,1.2242054,0.04617712,0.9690676747985348,0.5785284042358398
64,0.7541,0.08895491,0.988262868783931,0.5827066898345947
