train_sample_num,rmse,nrmse,r2,time
8,5.0793505,0.107801735,0.38264716884259,0.5936238765716553
16,3.2504349,0.1228305,0.747186638129437,0.5645997524261475
32,1.8752986,0.12103741,0.9158492488147262,0.5980701446533203
64,0.9250738,0.12518053,0.9795228352897446,0.5894904136657715
