train_sample_num,rmse,nrmse,r2,time
8,3.5058587,0.13207889,0.7345164874185579,0.5743250846862793
16,2.3693964,0.10621742,0.8787381218045411,0.5853612422943115
32,1.5119841,0.065677784,0.9506208956157901,0.5944395065307617
64,0.8266561,0.051078085,0.9852395857770817,0.6527087688446045
