cost,SR,IR,rmse,r2,max_value,operation_time
104.0,6.358338835478165,6.828960120571516,0.9637255478020658,0.98613861753024,48.39609765744176,12.170745372772217
111.0,6.358338835478165,5.502025165361893,0.8122544717266507,0.9901534514908719,48.39609765744176,12.563748121261597
118.0,6.358338835478165,4.672012769888603,0.7326970178634855,0.9919878577600032,48.39609765744176,13.145859241485596
119.0,6.358338835478165,4.573679954064339,1.071478175737301,0.9828656962321762,48.39609765744176,13.369918823242188
126.0,6.358338835478165,5.234739127365728,1.2685542178662037,0.9759830491007528,48.39609765744176,13.134196996688843
133.0,6.358338835478165,1.4154084631542219,1.1478345899649713,0.980336608823214,48.39609765744176,12.201333999633789
140.0,6.358338835478165,3.322772320805086,1.03230974727584,0.9840955059131041,48.39609765744176,11.439839839935303
147.0,6.358338835478165,1.3129821879772976,0.812191278268904,0.9901549835556711,48.39609765744176,11.235548496246338
154.0,6.358338835478165,2.815483674115967,0.7248974118868989,0.9921575293642969,48.39609765744176,11.875258445739746
