cost,SR,IR,rmse,r2,max_value,operation_time
104.0,6.568300027023859,0.6351656320166796,1.8096127752836555,0.9511267623687536,48.18613646589606,25.44998002052307
105.0,6.568300027023859,0.14135080061083016,1.4499181633008207,0.9686247797211253,48.18613646589606,22.40902018547058
112.0,6.568300027023859,0.2007935336629174,1.1090724262922584,0.9816422429121029,48.18613646589606,22.14111018180847
119.0,6.568300027023859,0.695052297303242,0.8087327297645517,0.9902386509663001,48.18613646589606,27.936924934387207
126.0,6.568300027023859,0.8292398924808566,0.7186993617843574,0.9922910661099968,48.18613646589606,28.826123237609863
133.0,6.568300027023859,0.9246243244979127,0.7329149954680901,0.9919830898209562,48.18613646589606,27.8850257396698
140.0,6.568300027023859,0.7901654200913626,0.7373531727084192,0.991885702818282,48.18613646589606,27.129270553588867
147.0,6.568300027023859,1.119146303883852,0.7958483698359854,0.9905472000945172,48.18613646589606,27.45769166946411
154.0,6.568300027023859,0.7628093050393261,0.6990150239692263,0.9927075606944061,48.18613646589606,26.719141244888306
