cost,SR,IR,rmse,r2,max_value,operation_time
104.0,0.05441002022121211,2.7239560451383653,0.833191256292899,0.9896392973360361,54.70002647269871,13.768524885177612
111.0,0.05441002022121211,4.0323086819518394,1.1865273631768887,0.9789885841013176,54.70002647269871,14.005384922027588
118.0,0.05441002022121211,0.3278255566065056,1.0723851862929998,0.9828366754411029,54.70002647269871,13.855633020401001
125.0,0.05441002022121211,2.4072871162643636,0.8552597067828885,0.9890831881156898,54.70002647269871,14.286014318466187
132.0,0.05441002022121211,2.1543934316800915,0.714844137098081,0.9923735483359304,54.70002647269871,13.5270357131958
139.0,0.05441002022121211,3.3624051568780757,0.9628993129650828,0.9861623750153278,54.70002647269871,13.09741997718811
146.0,0.05441002022121211,1.8200382647609672,1.5831831048047122,0.9625922061584178,54.70002647269871,14.104703903198242
153.0,0.05441002022121211,4.83726689518204,1.4637271142135195,0.9680243016305881,54.70002647269871,14.407480716705322
