cost,SR,IR,rmse,r2,max_value,operation_time
104.0,8.242487533299766,6.096651226040684,1.614852975462571,0.9610806320242644,46.511948959620156,26.945905447006226
111.0,8.242487533299766,4.980765148907224,1.513107156047891,0.9658304567683226,46.511948959620156,26.10346508026123
118.0,6.358338835478165,3.925903761949087,1.4259520913517187,0.9696534257422924,48.39609765744176,26.257126331329346
125.0,6.358338835478165,3.8551208315863406,1.2125119488119356,0.9780582199599581,48.39609765744176,26.510218620300293
132.0,6.358338835478165,3.7144837008144123,1.0952768471077419,0.9820961010737399,48.39609765744176,26.163944244384766
133.0,6.358338835478165,3.5821419156553915,1.007014161098093,0.9848653996054223,48.39609765744176,26.625799894332886
140.0,6.358338835478165,3.6341847831078624,0.9551578663977659,0.9863839820146857,48.39609765744176,26.696746110916138
147.0,6.358338835478165,4.2839682832444055,0.9999374785938885,0.9850773657116356,48.39609765744176,29.033162355422974
154.0,6.358338835478165,4.822760325515354,1.1555930121019398,0.9800698936177797,48.39609765744176,30.77006244659424
