cost,SR,IR,rmse,r2,max_value,operation_time
104.0,0.05441002022121211,-0.6878192139689645,1.1495001863155845,0.9802795012309179,54.70002647269871,25.915858268737793
111.0,0.05441002022121211,-0.5339796708782814,1.0155143187192277,0.9846088204166491,54.70002647269871,25.420164823532104
118.0,0.05441002022121211,-0.45143615641789125,1.0217697311791363,0.9844186218066263,54.70002647269871,26.21053671836853
125.0,0.05441002022121211,0.05181503802651832,0.814045247094064,0.9901099863089471,54.70002647269871,26.08633065223694
132.0,0.05441002022121211,0.2740158273681388,0.766764833990395,0.9912254636740798,54.70002647269871,26.224655628204346
139.0,0.05441002022121211,0.502040749607346,0.7564617097146443,0.9914596886701262,54.70002647269871,26.42590880393982
146.0,0.05441002022121211,0.47830062797124384,0.7570561835934325,0.9914462603978357,54.70002647269871,26.674671411514282
153.0,0.05441002022121211,0.325804052261752,0.7269937315899428,0.9921121047367372,54.70002647269871,26.567246913909912
