cost,SR,IR,rmse,r2,max_value,operation_time
104.0,6.358338835478165,3.3658137821375362,0.9682658390475303,0.9860077027439246,48.39609765744176,27.342123985290527
111.0,6.358338835478165,1.2994465982010581,0.7750722397068059,0.9910343007310474,48.39609765744176,26.898850679397583
118.0,6.358338835478165,1.4203204758369594,0.7254462083985558,0.9921456503048964,48.39609765744176,26.11613655090332
119.0,6.358338835478165,1.224324032795522,0.763796859221929,0.9912932607318748,48.39609765744176,26.504647970199585
126.0,6.358338835478165,2.042970780692599,0.7793608097904702,0.9909348096073517,48.39609765744176,26.764310836791992
133.0,6.358338835478165,2.8865766386806158,0.798843006766215,0.9904759278190135,48.39609765744176,26.808650970458984
140.0,6.358338835478165,2.658784612724766,0.8104344335287236,0.9901975288506478,48.39609765744176,26.733084440231323
147.0,6.358338835478165,2.1650409971531985,0.7967241791997065,0.9905263835512939,48.39609765744176,26.144859313964844
154.0,6.358338835478165,2.2121460224908773,0.7927171261454936,0.9906214373309378,48.39609765744176,26.611236333847046
