cost,SR,IR,rmse,r2,max_value,operation_time
104.0,6.369502896542215,4.738232048242011,1.8272307588962695,0.9501704921699603,48.38493359637771,28.661535263061523
111.0,6.358338835478165,3.0999011744239837,1.5257800364562173,0.965255692557003,48.39609765744176,27.056450128555298
118.0,6.358338835478165,1.909726188205859,0.8916107274042284,0.988135474530148,48.39609765744176,26.354224681854248
125.0,6.358338835478165,1.267095333480576,0.5923345019839237,0.9947635873572341,48.39609765744176,26.02088475227356
132.0,6.358338835478165,2.2494405407931595,0.9548972072762391,0.9863914125246316,48.39609765744176,26.698286056518555
139.0,6.358338835478165,2.465554558760367,0.9471525711811742,0.9866112606149268,48.39609765744176,26.818629503250122
146.0,6.358338835478165,2.2514501157825606,0.9436552116821223,0.9867099538671753,48.39609765744176,26.681721448898315
153.0,6.358338835478165,2.133638196545519,0.950939251701798,0.9865039912556277,48.39609765744176,26.717384338378906
