cost,SR,IR,rmse,r2,max_value,operation_time
104.0,8.242487533299766,6.231746355734302,1.5444229325661754,0.9644014518368454,46.511948959620156,14.539217710494995
111.0,8.242487533299766,4.3307106764669925,1.004325507018926,0.9849461082681614,46.511948959620156,14.605611324310303
118.0,6.358338835478165,5.440998510502588,1.0666651474925555,0.9830192834334198,48.39609765744176,14.340994834899902
125.0,6.358338835478165,4.704789598018934,1.010037112205357,0.9847743982493676,48.39609765744176,14.283229351043701
132.0,6.358338835478165,4.690262031068563,1.1801994217897696,0.979212101007017,48.39609765744176,15.055612564086914
133.0,6.358338835478165,3.898259409916463,1.055425313276984,0.9833752617964099,48.39609765744176,14.035919904708862
140.0,6.358338835478165,0.6027615474472796,0.7481466784611129,0.9916464070917395,48.39609765744176,14.91446042060852
147.0,6.358338835478165,5.028394496967465,1.1199322361023065,0.9812809719969531,48.39609765744176,14.419553756713867
154.0,6.358338835478165,2.158912822402364,0.6482296163968152,0.9937287005085466,48.39609765744176,14.37623643875122
