cost,SR,IR,rmse,r2,max_value,operation_time
104.0,1.1464447881166535,2.1270766719283287,0.748734311594269,0.991633279249441,53.60799170480327,13.210622310638428
111.0,1.1464447881166535,2.547791658016692,1.7610282359498628,0.9537158340883479,53.60799170480327,14.956415891647339
118.0,1.1464447881166535,3.805635454489078,0.7319621662059271,0.9920039211077095,53.60799170480327,13.354275941848755
125.0,1.1464447881166535,1.2711844457786512,2.716587693228749,0.8898594449668135,53.60799170480327,13.241869926452637
132.0,1.1464447881166535,1.8708273374103968,1.000160267486342,0.9850707153607855,53.60799170480327,13.51140308380127
139.0,1.1464447881166535,1.213620949013098,1.362864349182562,0.9722792443265708,53.60799170480327,15.329325675964355
146.0,1.1464447881166535,1.2679379682574705,1.6008382159745769,0.96175323655428,53.60799170480327,14.544303178787231
147.0,1.1464447881166535,0.7852896102388627,1.0103374656517896,0.9847653416674909,53.60799170480327,13.819477558135986
154.0,1.1464447881166535,0.8517173013519042,1.1255050692954485,0.9810942150436135,53.60799170480327,13.898993492126465
