cost,SR,IR,rmse,r2,max_value,operation_time
104.0,3.5004502817370593,1.7795564817708893,1.7653085175946563,0.9534905679400844,51.25398621118286,25.85927700996399
111.0,3.5004502817370593,1.1142764129905416,1.594513081506352,0.9620548760299379,51.25398621118286,25.814114093780518
118.0,3.5004502817370593,1.70624090567717,1.4232051209369414,0.9697702330996398,51.25398621118286,26.462260007858276
125.0,3.5004502817370593,1.6483550245500922,1.3634743951380237,0.9722544220179805,51.25398621118286,26.22644877433777
132.0,3.5004502817370593,1.7165215870711847,1.2665611461421498,0.9760584576278319,51.25398621118286,26.185503482818604
139.0,3.5004502817370593,1.6921623082466795,1.263811500292346,0.9761622967595575,51.25398621118286,26.34286069869995
146.0,3.5004502817370593,1.7526978001613642,1.1584287274931766,0.979971960432992,51.25398621118286,26.01325297355652
153.0,3.5004502817370593,1.702174175443723,1.2067729478551845,0.9782654358779846,51.25398621118286,26.37737536430359
