cost,SR,IR,rmse,r2,max_value,operation_time
104.0,1.1464447881166535,1.082918578797205,1.2076627341682356,0.9782333730987561,53.60799170480327,25.961195468902588
111.0,1.1464447881166535,0.861517269191296,1.2772827472659278,0.9756514056158738,53.60799170480327,26.193419694900513
118.0,1.1464447881166535,0.9311030394930029,1.135989314070911,0.9807403542328595,53.60799170480327,26.41609215736389
125.0,1.1464447881166535,1.1201555184623544,1.0879488386216338,0.9823348736243509,53.60799170480327,26.220348596572876
132.0,1.1464447881166535,1.2852048647193541,1.4777767367814947,0.9674075165193494,53.60799170480327,26.61232566833496
139.0,1.1464447881166535,1.1958962803936757,1.5161530259293838,0.9656927523973611,53.60799170480327,26.526491403579712
146.0,1.1464447881166535,1.2440975222057276,1.4980294183094731,0.9665080459162243,53.60799170480327,26.552690982818604
147.0,1.1464447881166535,1.2328602494169232,1.335058787705917,0.9733988395698663,53.60799170480327,26.677664756774902
154.0,1.1464447881166535,1.2976223851751243,1.327300568601204,0.9737071076219801,53.60799170480327,26.581222534179688
