cost,SR,IR,rmse,r2,max_value,operation_time
104.0,3.5004502817370593,3.900236580492681,0.8142832960787248,0.9901042012448916,51.25398621118286,13.532941341400146
111.0,3.5004502817370593,3.03594299376266,1.3835799255151313,0.9714301271720737,51.25398621118286,13.34340524673462
118.0,3.5004502817370593,4.353574412415568,1.8726440204384058,0.9476628271473144,51.25398621118286,13.513714075088501
125.0,3.5004502817370593,4.328023351619855,1.0935411856580306,0.9821527999535233,51.25398621118286,13.390841484069824
132.0,3.5004502817370593,2.266271706180916,1.3877565220025685,0.9712573797499281,51.25398621118286,12.648512601852417
139.0,3.5004502817370593,1.8487890720688611,0.680116610248699,0.993096543921916,51.25398621118286,12.974985122680664
146.0,3.5004502817370593,1.7581600499010435,0.6195248788695719,0.9942718114375015,51.25398621118286,12.543839931488037
153.0,3.5004502817370593,0.5562149260618554,0.8138218372132892,0.9901154140750122,51.25398621118286,13.559319019317627
