cost,SR,IR,rmse,r2,max_value,operation_time
104.0,3.5004502817370593,11.363755923491262,2.5160184734957807,0.9055227042300823,51.25398621118286,21.869332551956177
111.0,3.5004502817370593,2.076762341315181,1.2600120219142408,0.976305410971663,51.25398621118286,21.774770498275757
118.0,3.5004502817370593,1.066476411395577,1.3577453584955907,0.9724870944973584,51.25398621118286,22.00586438179016
125.0,3.5004502817370593,1.0753802383068916,1.3797260969602767,0.9715890627687694,51.25398621118286,22.131290674209595
132.0,3.5004502817370593,1.081471658800595,1.3891804450578158,0.9711983661175814,51.25398621118286,22.195293188095093
139.0,3.5004502817370593,1.0776740181787687,1.252657443621944,0.9765812101326066,51.25398621118286,22.189542770385742
146.0,3.5004502817370593,1.0824298252018565,1.2202900890075115,0.9777758084840054,51.25398621118286,22.3606014251709
153.0,3.5004502817370593,1.1005803758389874,1.25374449054819,0.9765405471891808,51.25398621118286,22.637960195541382
