cost,SR,IR,rmse,r2,max_value,operation_time
104.0,4.2248987192549095,11.686642930144778,3.0746048690545487,0.8589157856385591,50.52953777366501,22.633711576461792
111.0,4.2248987192549095,4.912538730917781,1.280896056170127,0.975513451141664,50.52953777366501,21.936207056045532
118.0,4.2248987192549095,3.8310482394549936,1.1471828775563957,0.980358931269584,50.52953777366501,21.364768505096436
125.0,4.2248987192549095,3.863875531663176,1.130587287228833,0.9809230914226141,50.52953777366501,21.923290014266968
132.0,4.2248987192549095,3.9036798592187623,1.152713061334991,0.9801691088288543,50.52953777366501,21.27074933052063
139.0,4.2248987192549095,3.9340560244321026,1.1645704553229694,0.9797590291716589,50.52953777366501,21.89373779296875
146.0,4.2248987192549095,3.9329060561339872,1.1565876222889224,0.980035571469331,50.52953777366501,22.145798683166504
153.0,4.2248987192549095,3.9293925454373593,1.1521376398972478,0.9801889026043229,50.52953777366501,21.785709619522095
