cost,SR,IR,rmse,r2,max_value,operation_time
104.0,8.242487533299766,11.510946725841713,2.664861148045039,0.8940138849729391,46.511948959620156,21.417271852493286
111.0,8.242487533299766,3.436542158537499,0.9438839968170786,0.9867035088572895,46.511948959620156,21.79242515563965
118.0,6.358338835478165,2.679053586580757,0.8628906552479633,0.9888875112463369,48.39609765744176,22.209806203842163
125.0,6.358338835478165,1.8696024744095467,0.7388136907413757,0.9918535260681043,48.39609765744176,21.710414171218872
132.0,6.358338835478165,2.4392709434820574,0.8581065572840674,0.9890103909156409,48.39609765744176,21.7276394367218
139.0,6.358338835478165,2.4466534812342715,0.854453103448146,0.9891037698980636,48.39609765744176,22.584667444229126
146.0,6.358338835478165,2.5211770136276286,0.7551843681151987,0.9914885062151667,48.39609765744176,22.98595356941223
153.0,6.358338835478165,2.2795493648922047,0.6753044819633512,0.9931938883816332,48.39609765744176,22.354523181915283
