cost,SR,IR,rmse,r2,max_value,operation_time
104.0,1.1464447881166535,3.025389056390999,0.9667922651569849,0.9860502592270828,53.60799170480327,22.09125256538391
111.0,1.1464447881166535,1.1650332541035766,0.816794910436492,0.9900430609477697,53.60799170480327,21.19424295425415
118.0,1.1464447881166535,1.0844028009394435,0.7030875245125316,0.9926223408508711,53.60799170480327,20.977391004562378
125.0,1.1464447881166535,1.0985859833983582,0.6996416483277328,0.9926944803795689,53.60799170480327,21.04939079284668
132.0,1.1464447881166535,1.1467378927643423,0.7360510353933258,0.9919143365857215,53.60799170480327,20.831977367401123
139.0,1.1464447881166535,1.1405640111402562,0.7326673057367982,0.9919885075591771,53.60799170480327,20.92663836479187
146.0,1.1464447881166535,1.152430747462617,0.7434847930354427,0.991750189306968,53.60799170480327,21.245750188827515
153.0,1.1464447881166535,1.152167145066052,0.7438127817283371,0.9917429088851126,53.60799170480327,21.50198745727539
