cost,SR,IR,rmse,r2,max_value,operation_time
104.0,0.05441002022121211,2.219820353681598,1.1566188736935055,0.9800344925629852,54.70002647269871,21.771421670913696
111.0,0.05441002022121211,1.1033710851455751,0.7709513215125151,0.9911293852698652,54.70002647269871,21.588443517684937
118.0,0.05441002022121211,1.004257886137104,0.7873012849611672,0.9907491482031503,54.70002647269871,21.899649620056152
125.0,0.05441002022121211,0.9924470373971133,0.7463269424496881,0.9916869949790708,54.70002647269871,22.895593643188477
132.0,0.05441002022121211,0.9748204128008382,0.7293495154384727,0.992060901314425,54.70002647269871,21.986514568328857
139.0,0.05441002022121211,0.9631897021713272,0.7200431113528885,0.9922622124303732,54.70002647269871,21.431025981903076
146.0,0.05441002022121211,0.9694822841005504,0.7250328763807886,0.9921545979823845,54.70002647269871,21.9659481048584
153.0,0.05441002022121211,1.0108244928748888,0.7582278203047363,0.991419764001423,54.70002647269871,21.228358030319214
