cost,SR,IR,rmse,r2,max_value,operation_time
104.0,4.527093716647585,4.793646739426038,1.1131379406272253,0.9815074085859956,50.22734277627234,20.819175243377686
111.0,4.527093716647585,1.288170916931982,0.7255735006533053,0.9921428936963795,50.22734277627234,22.181600332260132
118.0,4.527093716647585,1.0500218126399474,0.7387863060392968,0.9918541299676529,50.22734277627234,22.270533561706543
125.0,4.527093716647585,1.084436684609507,0.7704738629151696,0.9911403692052935,50.22734277627234,22.250829458236694
132.0,4.527093716647585,1.15922992039377,0.832102037007232,0.9896663684332364,50.22734277627234,22.722585439682007
139.0,4.527093716647585,1.193134217289881,0.8614868095998531,0.9889236398770126,50.22734277627234,21.607435703277588
146.0,4.527093716647585,1.2540341756805091,0.9142886439019483,0.9875242560149421,50.22734277627234,21.90945339202881
153.0,4.527093716647585,1.301380762711041,0.9561025031246482,0.9863570366240401,50.22734277627234,21.780311584472656
