cost,SR,IR,rmse,r2,max_value,operation_time
104.0,2.741108975526714,2.974797200136514,1.7833711865085327,0.9525339279600813,52.01332751739321,21.307569980621338
111.0,2.741108975526714,1.1799291363278996,0.9497752373886713,0.9865370110989948,52.01332751739321,21.049384593963623
118.0,2.741108975526714,1.0406724661556837,0.47102337082250734,0.9966888053240418,52.01332751739321,21.177919387817383
125.0,2.741108975526714,1.0410574042413856,0.4616592060989492,0.996819152825694,52.01332751739321,20.849515438079834
132.0,2.741108975526714,1.0433237938590096,0.46140336450405156,0.9968226773628858,52.01332751739321,20.855984449386597
139.0,2.741108975526714,1.0505634119801783,0.46344231330765956,0.9967945340385782,52.01332751739321,20.87298274040222
146.0,2.741108975526714,1.0546256579359437,0.46471767462830793,0.9967768673201683,52.01332751739321,21.498416662216187
153.0,2.741108975526714,1.033842865339608,0.4596023543507363,0.9968474332384463,52.01332751739321,21.34861922264099
