cost,SR,IR,rmse,r2,max_value,operation_time
104.0,6.568300027023859,5.605495541964757,1.3491280257762945,0.9728352238209855,48.18613646589606,21.509605884552002
111.0,6.568300027023859,1.5124953636046428,0.8008369127377641,0.9904283244631326,48.18613646589606,21.050452709197998
118.0,6.568300027023859,1.0191865343611255,0.8339187670321554,0.9896211962982839,48.18613646589606,21.03965950012207
125.0,6.568300027023859,1.1987129679779258,0.9867796205827603,0.9854675062043217,48.18613646589606,20.940391302108765
132.0,6.568300027023859,1.11995697983118,0.8884017449818878,0.988220723705475,48.18613646589606,21.274497747421265
139.0,6.568300027023859,0.8279449409884734,0.9378148196883677,0.9868739520760834,48.18613646589606,20.825772762298584
146.0,6.568300027023859,1.1728373171046087,0.7985200381677572,0.9904836273404871,48.18613646589606,21.236916065216064
153.0,6.568300027023859,1.1724175665073773,0.7730855531268176,0.9910802040813601,48.18613646589606,21.57266664505005
