cost,SR,IR,rmse,r2,max_value,operation_time
104.0,6.568300027023859,1.3898598298259444,6.863639489806675,0.2969135447822583,48.18613646589606,28.52188777923584
111.0,6.568300027023859,14.489895033856996,5.2076464724374665,0.5952537899932466,48.18613646589606,29.441637992858887
118.0,6.568300027023859,3.3614735452244986,6.3793457572578935,0.39263175002668615,48.18613646589606,29.939650774002075
125.0,6.568300027023859,-30.2148750263123,19.324120495801914,-4.5731313219002585,48.18613646589606,29.937836408615112
132.0,6.568300027023859,1.8521596200862334,1.753763267882339,0.9540969289389303,48.18613646589606,28.29933738708496
139.0,6.568300027023859,-150.19067296233052,32.633825292368236,-14.894093782990314,48.18613646589606,29.365280389785767
140.0,6.568300027023859,-38.42253458197807,23.8517497979261,-7.490637371227441,48.18613646589606,28.633238077163696
147.0,6.568300027023859,12.025113506764967,18.172954807496904,-3.92891008941971,48.18613646589606,27.501551866531372
154.0,6.568300027023859,-13.151036160240622,12.743355350370523,-1.4236359743931257,48.18613646589606,30.20532202720642
