cost,SR,IR,rmse,r2,max_value,operation_time
104.0,6.358338835478165,5.133178089576084,1.0761321954265952,0.98271652553766,48.39609765744176,6.777831315994263
111.0,6.358338835478165,1.0041232315119544,0.7313037710136012,0.9920182994797496,48.39609765744176,6.6496193408966064
118.0,6.358338835478165,1.7361853495861013,0.7090814121519735,0.9924960141790403,48.39609765744176,6.592714548110962
125.0,6.358338835478165,0.8283993527243325,0.8424432237563346,0.9894079240641303,48.39609765744176,6.692657470703125
132.0,6.358338835478165,-1.1004634146168257,0.8345141576873942,0.9896063707566588,48.39609765744176,6.6048383712768555
139.0,6.358338835478165,0.1807677835535344,0.8154809288834615,0.9900750707229143,48.39609765744176,6.836594820022583
146.0,6.358338835478165,0.002198457277664545,0.9289914051659927,0.9871197825543249,48.39609765744176,6.732583999633789
153.0,6.358338835478165,-0.07200237686419086,0.9791624883721213,0.9856909982247267,48.39609765744176,6.558217525482178
