cost,SR,IR,rmse,r2,max_value,operation_time
104.0,0.05441002022121211,3.2399110223294088,0.9052244677304865,0.987770396657663,54.70002647269871,6.779021978378296
111.0,0.05441002022121211,1.4489687515268699,0.815249289736492,0.9900807083179868,54.70002647269871,6.530107498168945
118.0,0.05441002022121211,1.5061313253057094,0.876490197593859,0.9885344754188303,54.70002647269871,6.634858131408691
125.0,0.05441002022121211,1.8072937517952,0.8885118474796809,0.9882178038370353,54.70002647269871,6.7792909145355225
132.0,0.05441002022121211,1.8168175959993036,0.8807116540343378,0.9884237662048286,54.70002647269871,6.754223823547363
139.0,0.05441002022121211,1.7760725955364691,0.8830664913884385,0.9883617786256235,54.70002647269871,6.6946563720703125
146.0,0.05441002022121211,1.5729047242410275,0.9265669379967114,0.98718692400563,54.70002647269871,6.5286924839019775
153.0,0.05441002022121211,0.3576304441987759,0.9867565232014611,0.9854681865155381,54.70002647269871,6.896103858947754
