cost,SR,IR,rmse,r2,max_value,operation_time
104.0,3.5004502817370593,3.254402559267035,1.2016177139714006,0.9784507357463266,51.25398621118286,6.225648403167725
111.0,3.5004502817370593,1.7860093674241782,0.9828872030337779,0.9855819288524674,51.25398621118286,6.1246278285980225
118.0,3.5004502817370593,1.9875337990159707,1.0150152844583227,0.984623943470243,51.25398621118286,6.3247387409210205
125.0,3.5004502817370593,2.257291747971877,1.197406843491586,0.9786015027764089,51.25398621118286,6.414071798324585
132.0,3.5004502817370593,2.223038221856484,1.2171013217293356,0.9778918057902942,51.25398621118286,6.20961594581604
139.0,3.5004502817370593,2.182051010383411,1.1971644223419742,0.9786101663700945,51.25398621118286,6.053056716918945
146.0,3.5004502817370593,2.186893865627283,1.191912889277045,0.9787974139059117,51.25398621118286,6.281175851821899
153.0,3.5004502817370593,2.187924512856,1.2169882931419913,0.9778959118443833,51.25398621118286,6.3667216300964355
