cost,SR,IR,rmse,r2,max_value,operation_time
104.0,2.2069861919728595,4.977365208032666,0.8929604630821242,0.9880995258948305,52.54745030094706,1.7867460250854492
111.0,2.206391119138331,2.06942809476584,0.9668920310021101,0.9860473800574108,52.54804537378159,1.8910822868347168
118.0,2.2036224386137278,1.1040526725851336,0.7368285346340037,0.9918972456038051,52.550814054306194,1.8314480781555176
125.0,2.2036224386137278,1.035559093719563,0.7083720710635948,0.9925110201373432,52.550814054306194,1.851708173751831
132.0,2.2036224386137278,2.2887792400219666,0.8072616477233066,0.990274130388785,52.550814054306194,1.7647693157196045
139.0,2.2036224386137278,2.6401691613613067,0.832606194607521,0.9896538426685515,52.550814054306194,1.8206512928009033
146.0,2.2036224386137278,2.546152681459475,0.8160797388428224,0.9900604895639413,52.550814054306194,1.719999074935913
153.0,2.2036224386137278,1.6162878529219569,0.7269266109680284,0.9921135611894465,52.550814054306194,1.8075525760650635
