cost,SR,IR,rmse,r2,max_value,operation_time
104.0,3.0024397868318076,3.705033331051766,1.03923439355849,0.9838814182760391,51.751996706088114,1.8902807235717773
111.0,2.2028302426959385,1.5286571990403885,0.7367625052957649,0.9918986977612969,52.55160625022398,1.7250521183013916
118.0,2.202122433410267,1.6140040418337591,0.6651046215418961,0.993397935939059,52.552314059509655,1.8355000019073486
125.0,2.202048397615634,1.575843192584479,0.6719468434675046,0.993261400596783,52.55238809530429,1.7715001106262207
132.0,2.202048397615634,1.580015797305407,0.6785981042144904,0.9931273363973514,52.55238809530429,1.737980604171753
139.0,2.202048397615634,1.5926443705601514,0.680382797394225,0.9930911390520853,52.55238809530429,1.84934401512146
146.0,2.202048397615634,1.508789417085012,0.6713507392652043,0.9932733513208659,52.55238809530429,1.6975674629211426
153.0,2.202048397615634,1.4987348899517414,0.6697898809750067,0.9933045932321513,52.55238809530429,1.92830228805542
