cost,SR,IR,rmse,r2,max_value,operation_time
104.0,3.000680033384974,5.723559043471106,1.141351375249023,0.9805581075747245,51.75375645953495,2.053248405456543
111.0,2.203741325197953,1.8350986038170092,0.7528283128497413,0.9915415323863884,52.55069516772197,1.9333362579345703
118.0,2.2020410178785212,1.5859315929951379,0.6728211213991857,0.993243853847374,52.5523954750414,1.7353949546813965
125.0,2.2016093957212846,1.1263545873054,0.6530547284719633,0.9936349919163844,52.55282709719864,2.022433280944824
132.0,2.2016093957212846,1.0123801450425773,0.6567815886364858,0.9935621368214416,52.55282709719864,1.7050938606262207
139.0,2.2013821231414994,1.0092598412280367,0.655975930372403,0.993577921479694,52.55305436977842,1.962414026260376
140.0,2.2013821231414994,0.771993597281984,0.6615069936698578,0.9934691654295058,52.55305436977842,1.8512730598449707
147.0,2.2013821231414994,0.8891608257676396,0.6504591051418244,0.9936854879325755,52.55305436977842,1.6871426105499268
154.0,2.2013821231414994,2.4345807063895535,0.866090272828508,0.9888049477492131,52.55305436977842,2.5786986351013184
