cost,SR,IR,rmse,r2,max_value,operation_time
104.0,2.2044906072381707,3.5197946447530484,0.7698322120384099,0.991155119667297,52.54994588568175,1.6666662693023682
111.0,2.2039289381339557,1.2997377798104424,0.7303236545876006,0.9920396797974346,52.550507554785966,1.7859344482421875
118.0,2.2025389990806588,0.8831484208711871,0.6589615247654657,0.9935193298327776,52.55189749383926,1.690000057220459
125.0,2.2025389990806588,1.2415995005776281,0.6977742061717152,0.9927334272555454,52.55189749383926,1.8414838314056396
132.0,2.2025389990806588,2.18290238252861,0.7994982076128859,0.9904602983670137,52.55189749383926,2.0950913429260254
139.0,2.2025389990806588,2.1644073402949715,0.7945367156485758,0.99057833312861,52.55189749383926,2.045668125152588
146.0,2.2025389990806588,2.4316407464090375,0.850725919190141,0.9891986228054711,52.55189749383926,1.8703999519348145
153.0,2.2025389990806588,1.1885985478742072,0.6926835584960481,0.9928390678034578,52.55189749383926,1.832024097442627
