cost,SR,IR,rmse,r2,max_value,operation_time
104.0,1.1464447881166535,2.7377561471150287,1.072796351190613,0.9828235116832766,53.60799170480327,1.7014970779418945
111.0,1.1464447881166535,0.9634473437919624,0.8406498306634739,0.9894529728845263,53.60799170480327,1.9465405941009521
118.0,1.1464447881166535,1.0992154450520601,0.6742069331360875,0.99321599387516,53.60799170480327,1.876948356628418
125.0,1.1464447881166535,0.9359169692706999,0.6889422839030023,0.9929162131679619,53.60799170480327,1.8206963539123535
132.0,1.1464447881166535,0.9367254848241799,0.693125768059908,0.9928299217988944,53.60799170480327,1.943690538406372
139.0,1.1464447881166535,1.2477886093552115,0.6877733839176442,0.9929402303146749,53.60799170480327,1.8248193264007568
146.0,1.1464447881166535,1.0366865087211181,0.6504223484123755,0.9936862015646915,53.60799170480327,1.8472826480865479
153.0,1.1464447881166535,1.0807164763381039,0.6537490710270737,0.9936214498800517,53.60799170480327,1.7996482849121094
