cost,SR,IR,rmse,r2,max_value,operation_time
104.0,2.999984587202519,3.643104816173029,0.5780781017474994,0.9950126156390185,51.7544519057174,1.8925704956054688
111.0,2.2040403687917234,2.0445894867109473,0.6384152401235885,0.9939171613802095,52.5503961241282,1.656278371810913
118.0,2.2040403687917234,1.4078458885919147,0.6780352344360583,0.9931387328638851,52.5503961241282,1.7776415348052979
125.0,2.2028132003024368,1.5057877375148152,0.6438541588461508,0.9938130755405862,52.551623292617485,1.6526854038238525
132.0,2.2028132003024368,1.5128140839782844,0.65140557608916,0.9936670983049425,52.551623292617485,1.7280933856964111
139.0,2.2028132003024368,1.6827788772721277,0.6694682072248114,0.9933110227691978,52.551623292617485,1.7347519397735596
146.0,2.2028132003024368,2.100609471271568,0.7251189629966118,0.9921527348276856,52.551623292617485,1.7193934917449951
153.0,2.2028132003024368,2.2815332377534006,0.7650611499205147,0.991264412852167,52.551623292617485,1.7483794689178467
