cost,SR,IR,rmse,r2,max_value,operation_time
104.0,2.2178152229929964,4.149964532272179,0.6431124259479212,0.9938273222516193,52.536621269926925,1.6773760318756104
111.0,2.2042688239610513,1.2893756546947301,0.600122507649202,0.9946249855821041,52.55016766895887,1.7553658485412598
118.0,2.2042688239610513,2.2272902508527324,0.6208488844963581,0.9942473014999317,52.55016766895887,1.7083470821380615
125.0,2.2042688239610513,2.1202447085045435,0.6169281489446528,0.9943197300470976,52.55016766895887,1.7262282371520996
132.0,2.2042688239610513,2.318827419580728,0.6473661775384381,0.9937453960659124,52.55016766895887,1.8081159591674805
139.0,2.2042688239610513,1.7006998030085327,0.5982020077909896,0.9946593325596815,52.55016766895887,1.645390510559082
146.0,2.2042688239610513,1.6427628651199129,0.6032219596635445,0.994569321546984,52.55016766895887,1.713094711303711
153.0,2.2042688239610513,1.7274094738035828,0.6177953659394111,0.9943037492917743,52.55016766895887,1.797684669494629
