cost,SR,IR,rmse,r2,max_value,operation_time
104.0,2.997802531950846,6.189463081020207,1.087359850966074,0.9823539953415195,51.756633960969076,1.6406245231628418
111.0,2.2036652883194563,2.2018399000319135,0.6121713501469009,0.9944069873181987,52.550771204600466,1.4665429592132568
118.0,2.2031861017209593,1.4999104502551717,0.6380788535159695,0.9939235698938003,52.55125039119896,1.6088356971740723
125.0,2.2029435063394374,1.1176162574377884,0.6575548814407219,0.9935469680526867,52.551492986580485,1.5835983753204346
126.0,2.202930133987479,0.8768459697967046,0.6812641063233527,0.9930732291803329,52.55150635893244,1.5678489208221436
133.0,2.2029108412785092,0.8548237587331542,0.6762879253626445,0.9931740505172916,52.55152565164141,1.6494901180267334
140.0,2.2028929388091854,0.844859643614349,0.6744840371284269,0.9932104161766522,52.55154355411074,1.5972940921783447
147.0,2.2028929388091854,0.8680101246611258,0.6782133876180838,0.9931351268059768,52.55154355411074,1.480407476425171
154.0,2.2028929388091854,0.8707428700396278,0.6781100765230242,0.993137218075666,52.55154355411074,1.5958070755004883
