cost,SR,IR,rmse,r2,max_value,operation_time
104.0,3.5004502817370593,-35.30375838247136,32.22622836483665,-14.499538368002444,51.25398621118286,7.983604907989502
111.0,3.5004502817370593,-46.96452723701131,33.625582360584424,-15.874831000173483,51.25398621118286,7.932023763656616
118.0,3.5004502817370593,-50.058952550364594,34.7326878262447,-17.00431442503715,51.25398621118286,8.292533159255981
125.0,3.5004502817370593,-50.33956972528118,37.35936065668728,-19.830451034378154,51.25398621118286,8.440377235412598
132.0,3.5004502817370593,-53.7012456344941,38.73653276132612,-21.394496020796392,51.25398621118286,7.805098295211792
139.0,3.5004502817370593,-51.126671312759356,38.38821447433639,-20.993564840547183,51.25398621118286,8.114505290985107
146.0,3.5004502817370593,-50.761424580971266,38.39484488414163,-21.001162950723785,51.25398621118286,8.778366327285767
153.0,3.5004502817370593,-50.75614618915782,38.441315388728455,-21.054452597897583,51.25398621118286,8.355138301849365
