train_sample_num,rmse,nrmse,r2,time
8,3.2890942,0.15236498,0.4095490945235435,0.6101639270782471
16,2.4280465,0.13819604,0.6782303460929319,0.6606135368347168
32,7.5732317,0.1051807,-2.1303551340787337,0.6044373512268066
64,6.362267,0.13335085,-1.2093009101335368,0.6278185844421387
