train_sample_num,rmse,nrmse,r2,time
8,3.6189601,0.13196783,0.27397923450016326,0.5847854614257812
16,5.281193,0.05323181,-0.5461280579070606,0.5839078426361084
32,4.624463,0.105438106,-0.18550663220738994,0.6052036285400391
64,5.612051,0.15539467,-0.7459211212567345,0.6165590286254883
