train_sample_num,rmse,nrmse,r2,time
8,3.573353,0.16680978,0.30307995688693956,0.8316442966461182
16,2.9566472,0.19340642,0.5228771987643148,0.8382060527801514
32,4.585696,0.14615226,-0.1477352392579423,0.8413982391357422
64,1.5744352,0.1625828,0.8647053265009507,0.862330436706543
