train_sample_num,rmse,nrmse,r2,time
8,3.5089312,0.11005878,0.31745527576014043,0.6300933361053467
16,4.233971,0.08238407,0.0062499744367402466,0.6274411678314209
32,2.5686684,0.1613203,0.634238906188052,0.6500918865203857
64,1.7211661,0.12599936,0.8357796502802509,0.6485605239868164
