train_sample_num,rmse,nrmse,r2,time
8,5.1292334,0.103738986,-0.22456858765347887,0.8288249969482422
16,4.0914025,0.10581981,0.22084734244397497,0.8499741554260254
32,2.364297,0.19013734,0.7398150136870073,0.850306510925293
64,2.0174634,0.14004135,0.8105522177271623,0.889331579208374
