train_sample_num,rmse,nrmse,r2,time
8,1.5699869753700513,0.12372040101703985,0.8852717773951189,3.2776365280151367
16,1.7969350815146932,0.1064643198697313,0.8497055507153501,3.4593734741210938
32,1.1654294342092146,0.10408609735127002,0.9367806346966334,4.009158372879028
64,1.1277778120266404,0.11721029159353945,0.9407995158549379,8.252699136734009
