train_sample_num,rmse,nrmse,r2,time
8,1.3251112208032931,0.04207972121144386,0.9026611846172176,3.668173313140869
16,1.162786973666264,0.027153453325837844,0.9250482617568587,4.099622011184692
32,1.1994920938702809,0.024418047504368424,0.9202416477708174,4.543707370758057
64,1.044431117851608,0.05846186003032051,0.9395298565301979,8.20223593711853
