train_sample_num,rmse,nrmse,r2,time
8,1.5044902921717718,0.045427339519271914,0.8764593420064183,3.041090726852417
16,0.9685742274860581,0.05519292917326883,0.9487968183053347,3.3639233112335205
32,0.9407286883254561,0.050721638080379355,0.9516985790266266,3.8772425651550293
64,0.9771704812482387,0.025431021670815696,0.9478839119802623,8.732648372650146
