train_sample_num,rmse,nrmse,r2,time
8,3.5946288,0.16709292,0.29475621444354216,0.8403260707855225
16,2.648326,0.19586349,0.6171981588111872,0.8376517295837402
32,2.8707194,0.14483634,0.5502070760208309,0.8566434383392334
64,1.7040942,0.074592926,0.8415040087475048,0.8754754066467285
