train_sample_num,rmse,nrmse,r2,time
8,4.779218,0.061429743,-0.06314359880862042,0.8397471904754639
16,6.0812054,0.067066826,-0.7213034598564454,0.840421199798584
32,2.6280453,0.18441355,0.6785274600996487,0.8550844192504883
64,1.9255102,0.18601672,0.8274282138195288,0.8807594776153564
