train_sample_num,rmse,nrmse,r2,time
8,3.0873833,0.17604735,0.4716003504396564,0.5537083148956299
16,2.7857952,0.20083116,0.5697907463604642,0.5500411987304688
32,2.7742534,0.16334794,0.5733481326157059,0.5489120483398438
64,2.518861,0.20028608,0.6482858498635811,0.5652616024017334
