train_sample_num,rmse,nrmse,r2,time
8,3.5362315,0.16374694,0.3174844806839179,0.5538375377655029
16,2.5273426,0.17509729,0.6513743589099557,0.5553402900695801
32,2.7563376,0.1666174,0.58533634725451,0.5577218532562256
64,2.2020333,0.20717806,0.7353457602122508,0.579545259475708
