train_sample_num,rmse,nrmse,r2,time
8,4.9050417,0.0734583,-0.11985962484844603,0.609400749206543
16,5.3991017,0.06608584,-0.3568166427403481,0.607623815536499
32,1.603126,0.122775055,0.8803773340836285,0.5713634490966797
64,1.0256584,0.13633879,0.9510352404252275,0.6157722473144531
