train_sample_num,rmse,nrmse,r2,time
8,3.7996738,0.13698405,0.2120044613202141,0.5637376308441162
16,1.2467338,0.13242301,0.9151643044188666,0.5742702484130859
32,1.815443,0.03804252,0.8201144025056663,0.5677618980407715
64,1.0666645,0.0930329,0.9379006946923291,0.5943758487701416
