train_sample_num,rmse,nrmse,r2,time
8,4.558228,0.057085156,0.032902552982279176,0.5715656280517578
16,4.772527,0.06370449,-0.06016875812361966,0.5866782665252686
32,1.1063378,0.15082355,0.9430290297817475,0.5747663974761963
64,0.68748575,0.16628364,0.9780008670152096,0.5914785861968994
