train_sample_num,rmse,nrmse,r2,time
8,3.2298682,0.07369833,0.42170286298152515,0.570227861404419
16,3.1684735,0.05676302,0.44347906906446577,0.5819413661956787
32,1.2511379,0.14256701,0.9132255800952904,0.5677359104156494
64,0.34867212,0.12549618,0.9932606835178496,0.5925085544586182
