train_sample_num,rmse,nrmse,r2,time
8,0.489786,0.13110292,0.6946265420917468,0.5995864868164062
16,0.5843319,0.10823555,0.5653518866057827,0.5791566371917725
32,0.5071632,0.105284564,0.6725733556584348,0.6544718742370605
64,0.4531061,0.120273665,0.7386525137976845,0.6575002670288086
