train_sample_num,rmse,nrmse,r2,time
8,0.51823986,0.16848826,0.6232865112958814,0.5929887294769287
16,0.48389918,0.16022013,0.6715574954928069,0.5823936462402344
32,0.49338183,0.17337288,0.6585588873588633,0.5944797992706299
64,0.53622997,0.14442584,0.5966781770485363,0.6202905178070068
