train_sample_num,rmse,nrmse,r2,time
8,2.2622182,0.11898306,-5.763661885554009,0.6282925605773926
16,1.3559734,0.08308802,-1.4300502598503795,0.6392648220062256
32,0.5398961,0.12049084,0.6147583350912008,0.6365292072296143
64,0.603551,0.11872911,0.5185615084781894,0.6540439128875732
