train_sample_num,rmse,nrmse,r2,time
8,1.0671285,0.14740497,-0.5050343764409908,0.8346545696258545
16,1.0879502,0.15784848,-0.5643394566040794,0.8344981670379639
32,0.9720389,0.1429792,-0.24876345343778294,0.8470320701599121
64,1.0807756,0.14387472,-0.5437751169092073,0.8552820682525635
