train_sample_num,rmse,nrmse,r2,time
8,0.51914454,0.1694459,0.6219700902618968,0.6283910274505615
16,0.5080844,0.17004403,0.6379059881350855,0.6213083267211914
32,0.49841353,0.21482927,0.6515590597499762,0.6315979957580566
64,0.5426386,0.16045515,0.5869802114540803,0.6581451892852783
