train_sample_num,rmse,nrmse,r2,time
8,0.601031,0.14088182,0.49330879823448126,0.835519552230835
16,0.75121766,0.18789043,0.20844494354307508,0.8363611698150635
32,0.8093599,0.2209994,0.08117474103826694,0.8331315517425537
64,0.886698,0.11476576,-0.1028107030120533,0.8707141876220703
