train_sample_num,rmse,nrmse,r2,time
8,1.2608043668255784,0.040822458968902284,-1.023550022056257,2.6810810565948486
16,0.6116214316980678,0.10477668988131679,0.5238059923819927,2.6378729343414307
32,0.5723611263564903,0.09499521905830342,0.5829781647193956,3.1908881664276123
64,0.47023741387464585,0.11028258518853022,0.7185165297957444,8.390095472335815
