train_sample_num,rmse,nrmse,r2,time
8,3.8064463758957054,0.04635516868771513,-18.149275761016813,2.6702563762664795
16,2.4022519944744745,0.03543388629757443,-6.6269350259044835,2.629910707473755
32,0.7192202313324516,0.08047112440611837,0.31634544429425937,3.1880688667297363
64,0.480212154132244,0.10098448488492051,0.695225086264051,8.457881689071655
