train_sample_num,rmse,nrmse,r2,time
8,0.50035924,0.17093866,0.6488332030585255,0.5602512359619141
16,0.47992447,0.1453634,0.6769309480423302,0.550572395324707
32,0.4477113,0.20629059,0.7188451265245728,0.559471845626831
64,0.44727814,0.19979694,0.7193888859015207,0.5713667869567871
