train_sample_num,rmse,nrmse,r2,time
8,1.8415287,0.13826671,-3.4819793713136526,0.552682638168335
16,0.9012402,0.12462518,-0.07348025488174481,0.5534346103668213
32,0.46302298,0.13550188,0.7166533933628002,0.5535283088684082
64,0.45524827,0.13458736,0.7260890024543236,0.5765590667724609
