train_sample_num,rmse,nrmse,r2,time
8,0.5217079,0.14728361,0.6535239215744209,0.5688862800598145
16,0.55980486,0.10358428,0.601074496225364,0.5765607357025146
32,0.5249209,0.09840106,0.6492431402644756,0.5840082168579102
64,0.49817023,0.117128216,0.6840822179091719,0.5925302505493164
