train_sample_num,rmse,nrmse,r2,time
8,0.494589,0.12870409,0.6886079912301243,0.5580201148986816
16,0.54158574,0.10913139,0.6266183047480696,0.562432050704956
32,0.52797645,0.10383689,0.6451476878940989,0.5821645259857178
64,0.4710589,0.11582334,0.7175321943016975,0.5808155536651611
