train_sample_num,rmse,nrmse,r2,time
8,2.2879145,0.123761766,-5.918189908460928,0.5627222061157227
16,1.4133089,0.08539133,-1.6398972605966207,0.5629746913909912
32,0.5256398,0.09266059,0.6348348443223317,0.5847091674804688
64,0.46998644,0.100056976,0.7080667471808164,0.5896670818328857
