train_sample_num,rmse,nrmse,r2,time
8,0.66893166,0.080250174,-0.44156709111140424,0.6204290390014648
16,0.5067278,0.07491168,0.1727802926831583,0.6194577217102051
32,0.24788813,0.05856923,0.8020375025168431,0.6249074935913086
64,0.08404239,0.059123587,0.9772454521754084,0.6975216865539551
