train_sample_num,rmse,nrmse,r2,time
8,0.46867818,0.11719628,0.40737506700366544,0.5976712703704834
16,0.17680527,0.06450474,0.9156624611717179,0.5977132320404053
32,0.18800059,0.10337237,0.9046438042217007,0.6001667976379395
64,0.14203238,0.095442496,0.9455741471697442,0.6173865795135498
