train_sample_num,rmse,nrmse,r2,time
8,0.9539537,0.15634969,-1.3266856094451054,0.5848560333251953
16,0.73253983,0.09123687,-0.37197301484106404,0.6028990745544434
32,0.44552678,0.10778396,0.49250625130444037,0.5960955619812012
64,0.30383432,0.15364584,0.7639756957223933,0.6192781925201416
