train_sample_num,rmse,nrmse,r2,time
8,0.37562734,0.09601076,0.6193332718545882,0.629755973815918
16,0.22621146,0.06797086,0.8619426029447641,0.6355946063995361
32,0.1952179,0.0889872,0.897181859493283,0.6351892948150635
64,0.19923007,0.1637655,0.8929121436864494,0.6525437831878662
