train_sample_num,rmse,nrmse,r2,time
8,1.2206002,0.06412095,-2.8091667151263757,0.8478596210479736
16,0.66360736,0.14581811,-0.1259146573327068,0.857771635055542
32,0.49485707,0.14467375,0.3739015220051871,0.870004415512085
64,0.72168124,0.13568062,-0.33160051629725285,0.9056477546691895
