train_sample_num,rmse,nrmse,r2,time
8,1.514841,0.14916474,-6.392740861165155,0.8494648933410645
16,0.54798603,0.10439541,0.03259044274908973,0.8600668907165527
32,0.40178305,0.12503242,0.47993858465064443,0.8625240325927734
64,0.38652575,0.09988783,0.5186862482714067,0.884955644607544
