train_sample_num,rmse,nrmse,r2,time
8,0.95760155,0.13287579,-1.3445137234982796,0.6373953819274902
16,0.7777758,0.10005054,-0.5466498738461472,0.6276369094848633
32,0.5844407,0.10234209,0.12669882437941737,0.638498067855835
64,0.4457071,0.1306045,0.4920952975827184,0.658489465713501
