train_sample_num,rmse,nrmse,r2,time
8,0.5332983,0.08133157,0.23269002338281386,0.8596389293670654
16,0.40358886,0.09569611,0.5605506914792706,0.855952262878418
32,0.38450423,0.08056414,0.601128801048932,0.8852050304412842
64,0.43842107,0.10633946,0.48142295200178375,0.8948862552642822
