train_sample_num,rmse,nrmse,r2,time
8,0.77356386,0.08432006,-0.9278079257873839,0.6315712928771973
16,0.5215474,0.076434076,0.12368767163984773,0.6321742534637451
32,0.33148667,0.055604175,0.6459997464077389,0.6293630599975586
64,0.22462086,0.113567986,0.8374557644565181,0.6569180488586426
