train_sample_num,rmse,nrmse,r2,time
8,2.1177511884807267,0.10559350754101503,-11.09985935012028,2.6489498615264893
16,2.021509154437834,0.10821624604761308,-10.025083276970557,2.5890796184539795
32,1.9141376108948853,0.10974099818014076,-8.88500213346494,3.272416353225708
64,1.65804599896791,0.11192687531608378,-6.416920154329202,8.437177419662476
