train_sample_num,rmse,nrmse,r2,time
8,2.1595326517798146,0.10848521021661851,-10.923469554935535,2.6645991802215576
16,2.1153084113905005,0.11002214173318152,-10.440117630703883,2.6077911853790283
32,1.9859880867789184,0.12009853575187811,-9.084082157447362,3.2645761966705322
64,1.896220843763416,0.10912247632092094,-8.19307767534509,8.57953929901123
