train_sample_num,rmse,nrmse,r2,time
8,0.95776606,0.1328785,-1.3453192239971514,0.8090391159057617
16,0.7809754,0.100791484,-0.5594010400244802,0.8090157508850098
32,0.60101825,0.10217318,0.07645427926823267,0.8167469501495361
64,0.460478,0.13142516,0.45787322035695155,0.8333685398101807
