train_sample_num,rmse,nrmse,r2,time
8,0.7751877,0.08459627,-0.935909930252053,0.8195011615753174
16,0.52094465,0.07648536,0.1257119222959424,0.7984914779663086
32,0.3348185,0.055958923,0.6388477668330435,0.7874159812927246
64,0.23205388,0.11558671,0.8265201268316766,0.8640668392181396
