train_sample_num,rmse,nrmse,r2,time
8,0.3834257,0.092317,0.6033632506522726,0.8198413848876953
16,0.22677058,0.06842262,0.8612592937445289,0.7962701320648193
32,0.20407002,0.09321008,0.887645921860604,0.826831579208374
64,0.21310265,0.17443448,0.8774796783014168,0.8336834907531738
