train_sample_num,rmse,nrmse,r2,time
8,1.5664108,0.09557352,-6.904651039259832,0.5688481330871582
16,0.26760143,0.067527026,0.7692996272536674,0.571235179901123
32,0.19741048,0.08852603,0.8744514213511088,0.5657873153686523
64,0.095391445,0.08699503,0.9706849757351093,0.578134298324585
