train_sample_num,rmse,nrmse,r2,time
8,1.0937971,0.084125146,-2.058839104519333,0.5566859245300293
16,0.64976674,0.07472354,-0.07943882863585783,0.5688533782958984
32,0.33384103,0.090905264,0.7150540115222952,0.579204797744751
64,0.20065874,0.12907101,0.8970564155027707,0.5803868770599365
