train_sample_num,rmse,nrmse,r2,time
8,0.52621055,0.0762899,0.25295027566432515,0.5674269199371338
16,0.18100938,0.08076494,0.9116040029562584,0.5696122646331787
32,0.116301395,0.12816148,0.9635077841085681,0.5807721614837646
64,0.09202112,0.13781735,0.9771542458016673,0.5855143070220947
