train_sample_num,rmse,nrmse,r2,time
8,0.5271673,0.09509427,0.28947387044477235,0.568056583404541
16,0.527676,0.107925296,0.2881019914475047,0.5699882507324219
32,0.25008985,0.08033711,0.8400901502513547,0.5773758888244629
64,0.17124104,0.08501436,0.9250280405299338,0.5972812175750732
