train_sample_num,rmse,nrmse,r2,time
8,0.48191527,0.10993436,0.2518085187781114,0.5610911846160889
16,0.29892546,0.06583854,0.7121295014646591,0.577850341796875
32,0.1942797,0.05745865,0.878402050225856,0.5764443874359131
64,0.059608627,0.06106677,0.9885530532540054,0.6024606227874756
