train_sample_num,rmse,nrmse,r2,time
8,0.35080814,0.08790876,0.6679757694069244,0.6022329330444336
16,0.1572059,0.063251,0.9333242117742145,0.6008946895599365
32,0.15090972,0.1583233,0.9385580656763542,0.5798485279083252
64,0.10912052,0.19585663,0.9678749872852649,0.5921468734741211
