train_sample_num,rmse,nrmse,r2,time
8,0.8671077,0.12570177,-0.9223353393493698,0.6497859954833984
16,0.6783877,0.094291896,-0.17662766749087755,0.6491873264312744
32,0.46069315,0.06947962,0.45736645945385945,0.6144514083862305
64,0.2132519,0.07979071,0.8837296681736514,0.617804765701294
