train_sample_num,rmse,nrmse,r2,time
8,0.66001385,0.07926002,-0.4033870803438431,0.5749616622924805
16,0.40472063,0.05945484,0.4723060892305321,0.5653653144836426
32,0.27483407,0.05471476,0.7566605304941403,0.5762739181518555
64,0.0748204,0.042342182,0.981965195732974,0.5938501358032227
