train_sample_num,rmse,nrmse,r2,time
8,118.20362,0.11478921,-0.12694870899568578,0.6179630756378174
16,92.80358,0.18217203,0.3053403814421134,0.6373000144958496
32,52.692974,0.0609947,0.7760515964071742,0.6332194805145264
64,33.35683,0.0231677,0.910254617741821,0.6604385375976562
