train_sample_num,rmse,nrmse,r2,time
8,85.397606,0.09434584,0.4187082701116529,0.6343717575073242
16,73.69174,0.06868332,0.5671469979974351,0.6250619888305664
32,71.31266,0.07758648,0.5946444941272193,0.6323158740997314
64,55.25608,0.0853126,0.7566322937685495,0.6629533767700195
