train_sample_num,rmse,nrmse,r2,time
8,83.18692,0.06377059,0.5084288883388289,0.6191282272338867
16,70.47054,0.05092894,0.64723014299341,0.6350774765014648
32,62.736763,0.08891469,0.7204107846477408,0.634788990020752
64,46.542603,0.085112475,0.8461216385981849,0.6701915264129639
