train_sample_num,rmse,nrmse,r2,time
8,87.75708,0.05609383,0.45293293322029227,0.6570112705230713
16,82.21202,0.059049997,0.519883225990031,0.6691348552703857
32,71.852,0.083110675,0.6332636645354319,0.6773662567138672
64,71.32872,0.07757463,0.6385859156425826,0.7017378807067871
