train_sample_num,rmse,nrmse,r2,time
8,109.8535,0.07802879,0.026647131947943437,0.851081371307373
16,112.23139,0.055360414,-0.015947422014169987,0.875176191329956
32,109.483086,0.04717603,0.03320010910473059,0.8827800750732422
64,106.98871,0.04173715,0.0767518471008033,0.8871121406555176
