train_sample_num,rmse,nrmse,r2,time
8,97.938515,0.045258235,0.23544320158122423,0.8607759475708008
16,99.39142,0.055795494,0.21259067046618385,0.8586480617523193
32,101.895485,0.059079286,0.17241493486595738,0.874356746673584
64,86.915565,0.042977307,0.3978593227942385,0.9131357669830322
