train_sample_num,rmse,nrmse,r2,time
8,119.38952,0.048771072,-0.012531573161068454,0.8656032085418701
16,118.48328,0.052435365,0.002781497381591169,0.8704814910888672
32,113.36943,0.08667734,0.08700553049129822,0.8832263946533203
64,117.7197,0.06046344,0.015593295011104069,0.9057426452636719
