train_sample_num,rmse,nrmse,r2,time
8,84.62368,0.1042653,0.4291964894481475,0.6639485359191895
16,72.92761,0.07752155,0.5760771461764762,0.6583590507507324
32,74.61141,0.077010535,0.5562756602657019,0.6730499267578125
64,74.69125,0.081513636,0.5553254110797403,0.702674150466919
