train_sample_num,rmse,nrmse,r2,time
8,115.74682,0.11228449,-0.0805891777319685,0.6662397384643555
16,94.60874,0.115874596,0.27805351943438017,0.6705405712127686
32,65.5729,0.059470933,0.6531902764083313,0.6701273918151855
64,54.97235,0.034551945,0.7562575359778034,0.6879029273986816
