train_sample_num,rmse,nrmse,r2,time
8,143.8709872649544,0.07967136714699896,-0.649868155953651,3.7087225914001465
16,143.42488915666527,0.08102491775840916,-0.6396525868284639,3.598909378051758
32,141.2645591255858,0.08018971775231504,-0.5906302210235732,4.570289373397827
64,138.229006500214,0.07367631589903961,-0.5230044276430701,9.343393802642822
