train_sample_num,rmse,nrmse,r2,time
8,135.22676580290238,0.06619180925747832,-0.4749179516474076,3.5474793910980225
16,133.79394395915597,0.06477390196875549,-0.4438279713261335,3.5195634365081787
32,132.99728434305558,0.06391968628868218,-0.42668496883070195,4.481956243515015
64,129.8728174821768,0.05862045011025021,-0.36043896958924937,8.047026634216309
