train_sample_num,rmse,nrmse,r2,time
8,85.82824799182728,0.05132945413409994,0.4058405157480426,1.1404495239257812
16,71.41469111528244,0.057714504185396275,0.5886441637474598,1.3266370296478271
32,64.99505701086952,0.052273010574685426,0.6592756299705691,1.5315382480621338
64,46.475563916647666,0.01384239593113769,0.8257824607410582,2.791030168533325
