train_sample_num,rmse,nrmse,r2,time
8,87.79861,0.056129925,0.4524151043839647,0.8072566986083984
16,82.384224,0.05910439,0.5178698063395499,0.8045480251312256
32,72.129326,0.08195499,0.630427193771228,0.8365538120269775
64,75.7744,0.07970677,0.5921304969473332,0.824434757232666
