train_sample_num,rmse,nrmse,r2,time
8,115.712814,0.11220662,-0.07995444547604391,0.7945435047149658
16,92.77298,0.11483509,0.3057984834055263,0.8026478290557861
32,70.92052,0.06688761,0.5943174751625699,0.8035130500793457
64,61.19068,0.04054076,0.6979956924797194,0.8439884185791016
