train_sample_num,rmse,nrmse,r2,time
8,82.8654,0.09986873,0.45267004522255005,0.8617732524871826
16,73.5876,0.075586475,0.5683695342715426,0.7797269821166992
32,76.972305,0.07579319,0.5277501606327901,0.7905645370483398
64,78.969666,0.08217993,0.5029233090118097,0.8255734443664551
