train_sample_num,rmse,nrmse,r2,time
8,106.18044,0.08485047,0.09064895222045233,0.5867524147033691
16,52.358677,0.08734274,0.7788841766457236,0.6007952690124512
32,44.6467,0.055819374,0.8392239594852683,0.6005115509033203
64,28.75963,0.022947362,0.9332872007217323,0.6041738986968994
