train_sample_num,rmse,nrmse,r2,time
8,69.45883,0.04293794,0.6154456677462526,0.5979125499725342
16,60.662563,0.0386226,0.7066781939284847,0.5797040462493896
32,58.128464,0.046483573,0.7306726127806977,0.6064953804016113
64,31.791622,0.043170054,0.9194383739907636,0.6126666069030762
