train_sample_num,rmse,nrmse,r2,time
8,75.260605,0.036792077,0.5485202522183619,0.5928347110748291
16,70.46114,0.0345209,0.6042671176647867,0.5954515933990479
32,65.411514,0.036130827,0.6589553778489958,0.605492115020752
64,31.439823,0.036082502,0.921211475573484,0.6253714561462402
