train_sample_num,rmse,nrmse,r2,time
8,77.6847,0.04638311,0.5132415715389933,0.6097671985626221
16,65.74691,0.041646224,0.6513471345727158,0.5977880954742432
32,50.483498,0.031565458,0.7944386632378232,0.6059010028839111
64,29.460846,0.01911474,0.9299943694922063,0.6432516574859619
