train_sample_num,rmse,nrmse,r2,time
8,103.28531,0.056704238,0.24220224437094584,0.6275413036346436
16,87.84442,0.05058052,0.45184346778590645,0.6057093143463135
32,55.198753,0.039198034,0.7835613869840043,0.6087546348571777
64,36.32238,0.027223611,0.9062816060599681,0.6491711139678955
