train_sample_num,rmse,nrmse,r2,time
8,73.22126,0.053538345,0.5726564072141219,0.6154096126556396
16,69.530914,0.04298818,0.6146470631166345,0.6061379909515381
32,64.16963,0.05152218,0.6717823625696372,0.6130671501159668
64,34.893803,0.046939213,0.902949132657307,0.6350927352905273
