train_sample_num,rmse,nrmse,r2,time
8,83.25063,0.06373293,0.5076756467267601,0.5996384620666504
16,70.80767,0.050236836,0.6438468511040385,0.6118767261505127
32,61.534496,0.074487455,0.7310240378456683,0.624093770980835
64,31.738855,0.03304769,0.9284419126119021,0.6182501316070557
