train_sample_num,rmse,nrmse,r2,time
8,52.57014943703979,0.16438218214108527,-0.28705175095839097,2.6783626079559326
16,50.843042563545936,0.21139133858740264,-0.20387293332124745,2.642648935317993
32,49.02582805750894,0.23984676542421768,-0.11935401695674397,2.9718406200408936
64,47.71998935723015,0.18067588329673406,-0.060518534321748474,7.599252462387085
