train_sample_num,rmse,nrmse,r2,time
8,49.51503073692718,0.20840291780717254,-0.1433540332438341,2.680363655090332
16,48.940845606527034,0.21203917685138154,-0.11699070689797098,2.608217477798462
32,48.475377126204634,0.21353585707098852,-0.09584470894834163,3.000011920928955
64,45.59379047734935,0.19944029813824846,0.0305665063220375,7.7341272830963135
