train_sample_num,rmse,nrmse,r2,time
8,537350.6,0.13491948,-0.28937894278029397,0.6017429828643799
16,372814.8,0.11730262,0.379343537399908,0.6051144599914551
32,335424.1,0.13488604,0.49759557816974564,0.652719259262085
64,301837.75,0.09466727,0.5931707680612026,0.6902704238891602
