train_sample_num,rmse,nrmse,r2,time
8,633351.2,0.12493879,-0.9357217677378631,0.585374116897583
16,331695.28,0.11654561,0.4690760274796061,0.6263833045959473
32,247554.47,0.093919076,0.7042700550790134,0.6037752628326416
64,250078.95,0.0833346,0.6982077704083124,0.613344669342041
