train_sample_num,rmse,nrmse,r2,time
8,529054.7,0.14590116,-0.2743783240041884,0.5782334804534912
16,319391.22,0.06984636,0.5355454034742344,0.582165002822876
32,227898.64,0.07044161,0.763527469829359,0.6016957759857178
64,235856.14,0.06348873,0.746725389333923,0.6100478172302246
