train_sample_num,rmse,nrmse,r2,time
8,740304.8402945371,0.1763431499132631,-1.6446909609306637,2.780888795852661
16,743330.0247069247,0.17939584839938688,-1.666349673487737,2.689870595932007
32,746550.6300729774,0.17609457777532372,-1.6895045647791802,3.07387113571167
64,738858.5409982516,0.14884777852960243,-1.6343674344841417,8.019833326339722
