train_sample_num,rmse,nrmse,r2,time
8,755138.7926678427,0.10188389039511449,-1.596275754211017,2.7570669651031494
16,759403.1726516923,0.1030407550639226,-1.6256816533123772,2.697453498840332
32,759510.0766261317,0.10311783354748177,-1.6264209590507535,3.0152547359466553
64,764986.1012066954,0.10406009979073037,-1.6644301813729525,8.062716007232666
