train_sample_num,rmse,nrmse,r2,time
8,766386.7958000003,0.08574634158305347,-1.6227749770369782,2.7739675045013428
16,761237.3728933618,0.08461048861279483,-1.587648055897954,2.695636510848999
32,754404.193877489,0.08380171209345959,-1.5414009766117411,3.0455050468444824
64,752651.3753054761,0.08355935414255701,-1.5296050724136965,7.988593101501465
