train_sample_num,rmse,nrmse,r2,time
8,384505.16,0.13046703,0.33980943521341933,0.5559787750244141
16,268937.97,0.09750957,0.6770247575225342,0.5754919052124023
32,216988.86,0.085191555,0.7897481208798637,0.5740823745727539
64,187752.64,0.05114633,0.8425882651466282,0.582676887512207
