train_sample_num,rmse,nrmse,r2,time
8,357905.7,0.08808784,0.41677721971917814,0.575239896774292
16,239960.53,0.054005396,0.7378336561005165,0.5749268531799316
32,189149.5,0.08733934,0.8371050349346758,0.5570900440216064
64,198313.33,0.08608089,0.8209389755397067,0.5951395034790039
