train_sample_num,rmse,nrmse,r2,time
8,331638.56,0.06962157,0.469257586756595,0.5616946220397949
16,265206.78,0.08083554,0.6605912073604121,0.5650169849395752
32,194653.05,0.07821364,0.8171579361593875,0.5670733451843262
64,175093.78,0.09195527,0.8520567432514464,0.5904152393341064
