train_sample_num,rmse,nrmse,r2,time
8,692282.5,0.12282896,-1.3127060270015707,0.5659980773925781
16,349679.44,0.111037254,0.40994299475788876,0.5762948989868164
32,241811.97,0.10071707,0.7178309558427072,0.5790457725524902
64,199899.4,0.07465665,0.8071690283632907,0.5905170440673828
