train_sample_num,rmse,nrmse,r2,time
8,564980.44,0.13871518,-0.42538379479677557,0.5682182312011719
16,386991.62,0.12740465,0.3312434163213972,0.5697457790374756
32,267556.9,0.12872611,0.6803333120578652,0.5762460231781006
64,229732.95,0.08804134,0.7643260571164722,0.5947427749633789
