cost,SR,IR,rmse,r2,max_value,operation_time
90.0,0.19029463725072793,1.280849029473574,0.5714372583828274,-0.5870685506433622,1.9842227558614547,0.0
95.0,0.19029463725072793,1.2710209626869655,0.6365703550571657,-0.9694791990245797,1.9842227558614547,2.0824134349823
100.0,0.19029463725072793,-12.713265114268403,8.721607359063885,-368.7018646780941,1.9842227558614547,2.073662281036377
106.0,0.19029463725072793,-7.781276861243827,3.709283081917583,-65.8711106237462,1.9842227558614547,2.088573694229126
107.0,0.19029463725072793,0.6329744926477718,0.9689684450672433,-3.5632876671452385,1.9842227558614547,2.0917303562164307
114.0,0.19029463725072793,1.2647785807382281,0.5398842375317839,-0.4166412214715822,1.9842227558614547,2.0903947353363037
121.0,0.19029463725072793,1.157886344660172,0.5043175898942202,-0.23613758320623157,1.9842227558614547,2.0797791481018066
124.0,0.19029463725072793,1.2655728184345434,0.5775136380383936,-0.6210001982548325,1.9842227558614547,2.1227219104766846
126.0,0.19029463725072793,1.415242473536007,0.5281149746787381,-0.35555000492944355,1.9842227558614547,2.1307668685913086
128.0,0.19029463725072793,-0.014548471249222317,2.4937245831967743,-29.224251329662394,1.9842227558614547,2.1216180324554443
135.0,0.19029463725072793,1.3993829678530598,0.6222797481455156,-0.8820446102125896,1.9842227558614547,2.124436140060425
140.0,0.19029463725072793,1.2578173700166737,0.5003621310227234,-0.21682310018350837,1.9842227558614547,2.115950345993042
146.0,0.19029463725072793,-1.6018445003360422,1.1124215795665855,-5.014470358372389,1.9842227558614547,2.1455295085906982
153.0,0.19029463725072793,1.4772745997972998,0.7007536258787058,-1.3866530289243504,1.9842227558614547,2.1240739822387695
