train_sample_num,rmse,nrmse,r2,time
8,0.5737471,0.06942301,0.6514605657484283,0.5927350521087646
16,0.33440226,0.053915363,0.8816006573231217,0.5904252529144287
32,0.34787688,0.117918186,0.8718666989710848,0.6226825714111328
64,0.24165244,0.0849353,0.9381708388237441,0.6367824077606201
