train_sample_num,rmse,nrmse,r2,time
8,1.0067914,0.076748416,0.10708111830609357,0.8591909408569336
16,0.7977688,0.14400363,0.4393560027177984,0.9459993839263916
32,1.4060825,0.063751444,-0.741625348125688,0.8629086017608643
64,0.57646143,0.13062054,0.7072656758458011,0.9333124160766602
