train_sample_num,rmse,nrmse,r2,time
8,0.82580274,0.07115155,0.3723808699713975,0.8584930896759033
16,1.0395749,0.117478095,0.005384997401168712,0.8428223133087158
32,0.9573766,0.09531547,0.15645311359890024,0.864142656326294
64,0.771097,0.07433191,0.45278054259667533,0.8750269412994385
