train_sample_num,rmse,nrmse,r2,time
8,0.9894389,0.099924915,-0.03654680630032647,0.8621954917907715
16,0.7425626,0.12908614,0.4161825059435309,0.8702244758605957
32,0.8349792,0.07171109,0.2618200938029833,0.8564653396606445
64,0.8886657,0.07155313,0.1638432105515779,0.887955904006958
