train_sample_num,rmse,nrmse,r2,time
8,0.81787413,0.079310775,0.38437467812085235,0.6402726173400879
16,0.34484577,0.1064386,0.8905556371368636,0.6221420764923096
32,0.35735255,0.09816199,0.882473093409509,0.6409168243408203
64,0.32748765,0.13810249,0.9012963235733831,0.6606261730194092
