train_sample_num,rmse,nrmse,r2,time
8,0.6873781,0.08192111,0.4997323875996613,0.6292355060577393
16,0.51984626,0.06294391,0.7138717480272184,0.6317753791809082
32,0.36276624,0.11759935,0.8606635879650824,0.6494162082672119
64,0.29942852,0.09343654,0.9050713615376507,0.6478872299194336
