train_sample_num,rmse,nrmse,r2,time
8,0.8075744967572297,0.12369019484322828,0.3997823845877454,2.6823737621307373
16,0.7394244420487578,0.1683572670950476,0.49681098586304206,2.615227699279785
32,0.6914388532653797,0.2673948092668401,0.5600015914483816,2.955202579498291
64,0.6477545686573826,0.31958873076718525,0.6138424630145316,8.31461501121521
