train_sample_num,rmse,nrmse,r2,time
8,0.49646077,0.079181395,0.7731632553386807,0.5655126571655273
16,0.19852868,0.20764062,0.9637264475110743,0.5471141338348389
32,0.19118346,0.21188834,0.9663609158093047,0.5685880184173584
64,0.13453533,0.105374806,0.9833422556908077,0.5762338638305664
