train_sample_num,rmse,nrmse,r2,time
8,0.79251903,0.08690645,0.42195323875211466,0.5756182670593262
16,0.12627971,0.06021684,0.9853238968799846,0.5668089389801025
32,0.0719989,0.08764852,0.9952291557921429,0.5858302116394043
64,0.06917224,0.055990037,0.9955964062641289,0.6027767658233643
