train_sample_num,rmse,nrmse,r2,time
8,0.46338493,0.064080246,0.8108453725093825,0.5667858123779297
16,0.30666968,0.06326832,0.9171533728935243,0.5694558620452881
32,0.15337965,0.07483883,0.9792762361284906,0.5773229598999023
64,0.12437546,0.13019072,0.9863729295352305,0.5890889167785645
