train_sample_num,rmse,nrmse,r2,time
8,0.6494401,0.09990067,0.5534304198092188,0.5826339721679688
16,0.32607463,0.048841387,0.8874242179174954,0.5738089084625244
32,0.10013742,0.060569618,0.9893829549766813,0.5757441520690918
64,0.06593728,0.040749226,0.9953966608405497,0.5940487384796143
