train_sample_num,rmse,nrmse,r2,time
8,0.7311542,0.06448589,0.508004057347078,0.567253589630127
16,0.28779808,0.108438194,0.9237711669144717,0.5647690296173096
32,0.27560017,0.11619742,0.9300959286915391,0.5841689109802246
64,0.1573563,0.16478384,0.9772117038241239,0.6180906295776367
