train_sample_num,rmse,nrmse,r2,time
8,0.69898087,0.06686163,0.5696084736735316,0.5650820732116699
16,0.46341878,0.08920927,0.8108177403524172,0.5677359104156494
32,0.33939633,0.14021455,0.8985277397749427,0.5894975662231445
64,0.2583038,0.15593493,0.9412247278674518,0.5869319438934326
