train_sample_num,rmse,nrmse,r2,time
8,0.447561,0.04001589,0.7879123583467333,0.5750906467437744
16,0.3092096,0.0442766,0.898768237882914,0.5717039108276367
32,0.21228707,0.0899786,0.9522846660385595,0.5746924877166748
64,0.11962982,0.05224726,0.9848473071167856,0.5881264209747314
