cost,SR,IR,rmse,r2,max_value,operation_time
94.0,1.0547752052780837,-10.950066716325384,12.687368465936034,-27.368261237923107,12.743983301496819,0.0
102.0,1.0547752052780837,-10.950066716325384,12.687368465936034,-27.368261237923107,12.743983301496819,63.01624417304993
110.0,1.0547752052780837,-20.506985064085228,18.73690918243811,-60.870769225825136,12.743983301496819,62.937742710113525
118.0,1.0547752052780837,-12.025896497060192,13.700468129279495,-32.07961341307683,12.743983301496819,61.036168336868286
126.0,1.0547752052780837,-17.57990499373806,17.424411591198673,-52.50641509938861,12.743983301496819,61.95377969741821
134.0,1.0547752052780837,-12.545607405363285,14.09185539828185,-33.99660922280858,12.743983301496819,62.08828783035278
142.0,1.0547752052780837,-17.263722500386063,17.192077752690224,-51.08903901304568,12.743983301496819,61.50966763496399
150.0,1.0547752052780837,-12.860005120482757,14.20571280623608,-34.56441527839008,12.743983301496819,62.99797701835632
