cost,SR,IR,rmse,r2,max_value,operation_time
94.0,1.6123394461485905,-7.862877964126049,11.042505829291834,-20.48942951760794,12.186419060626312,0.0
102.0,1.6123394461485905,-7.862877964126049,11.042505829291834,-20.48942951760794,12.186419060626312,85.81777381896973
110.0,1.6123394461485905,-7.0006507576062305,9.60134205305156,-15.246263614355296,12.186419060626312,89.41347336769104
118.0,1.6123394461485905,-5.144541394806041,7.870323333904772,-9.916282380528324,12.186419060626312,91.94170904159546
126.0,1.6123394461485905,-3.2704249600942354,7.088501444371599,-7.855202078389894,12.186419060626312,86.36825728416443
134.0,1.6123394461485905,-2.767782189489246,7.1276895960930835,-7.95338312192823,12.186419060626312,84.23986172676086
142.0,1.6123394461485905,-3.6084424571937888,8.01309481260455,-10.31592798327957,12.186419060626312,81.54571843147278
150.0,1.6123394461485905,-4.902927515087587,9.206084384187537,-13.93617917363844,12.186419060626312,86.29254102706909
