cost,SR,IR,rmse,r2,max_value,operation_time
94.0,0.32168893454441694,-23.345382225783652,20.01011321249275,-69.56489563487038,13.477069572230485,0.0
95.0,0.32168893454441694,-17.305737310231713,14.880748968462578,-38.02466582256543,13.477069572230485,66.76124930381775
103.0,0.32168893454441694,-15.282116564708744,11.761296939903147,-23.378110522244867,13.477069572230485,66.57527828216553
111.0,0.32168893454441694,-10.472299961033062,7.363531135986047,-8.555685926696798,13.477069572230485,67.51641631126404
119.0,0.32168893454441694,-10.334876952778586,7.557732069610725,-9.06636318333279,13.477069572230485,67.0207622051239
127.0,0.32168893454441694,-8.447057195705224,5.4606785424997115,-4.2551223863243255,13.477069572230485,65.71542096138
135.0,0.32168893454441694,-6.4328186265972,4.176883710971976,-2.074640760963231,13.477069572230485,67.63153767585754
143.0,0.32168893454441694,-6.377999391460371,4.15562703339362,-2.043425937756736,13.477069572230485,68.22887349128723
151.0,0.32168893454441694,-6.362458519493845,4.151826478713358,-2.037861714886436,13.477069572230485,67.42656302452087
