cost,SR,IR,rmse,r2,max_value,operation_time
94.0,1.5229036800448341,-14.343145286410003,14.466334306744107,-35.88133273470298,12.275854826730068,0.0
102.0,1.5229036800448341,-14.343145286410003,14.466334306744107,-35.88133273470298,12.275854826730068,61.39666938781738
110.0,1.294705502894411,-12.083453337629237,12.103489355763955,-24.81729856328071,12.504053003880491,59.978052854537964
118.0,1.294705502894411,-8.460956966488354,8.853862960470662,-12.815137235192244,12.504053003880491,61.4186224937439
126.0,1.294705502894411,-6.146265058563522,7.4318426185792115,-8.733804522907777,12.504053003880491,63.231616258621216
134.0,1.294705502894411,-4.824678115787378,6.9986762284988115,-7.632198478548238,12.504053003880491,62.875195026397705
142.0,1.294705502894411,-9.329349316135964,8.374503005871627,-11.35969339950867,12.504053003880491,62.674341917037964
150.0,1.294705502894411,-4.492004181485331,6.911255280626969,-7.417894558790286,12.504053003880491,57.79879832267761
