cost,SR,IR,rmse,r2,max_value,operation_time
94.0,0.490519350299488,-17.932662524166,17.845931720415475,-55.12651359445768,13.308239156475414,0.0
95.0,0.490519350299488,-16.188694894012045,17.633646435062108,-53.799155961980105,13.308239156475414,67.6959114074707
103.0,0.490519350299488,-9.922995743037749,12.340761404815213,-25.839444538832424,13.308239156475414,69.94339966773987
111.0,0.005416904541263534,-19.06892169475168,18.12335974746218,-56.885132867728395,13.793341602233639,71.31493806838989
119.0,0.005416904541263534,-10.067736643657682,10.106025771864992,-16.99908445810439,13.793341602233639,68.77158904075623
127.0,-0.00020172626300940522,-14.656950391327022,14.321338883955228,-35.14571791762332,13.798960233037912,66.4486129283905
135.0,-0.00020172626300940522,-9.182470414845564,9.048278309731952,-13.428510922848393,13.798960233037912,68.20947504043579
143.0,-0.00020172626300940522,-14.147936043333587,14.044464868916059,-33.76161971550324,13.798960233037912,65.7659215927124
151.0,-0.00020172626300940522,-10.877445281263434,9.043583950441576,-13.413543424785717,13.798960233037912,62.06817030906677
