cost,SR,IR,rmse,r2,max_value,operation_time
94.0,0.8109621285012345,-16.219064225011763,16.270133987854916,-45.65217229679234,12.987796378273668,0.0
102.0,0.8109621285012345,-16.219064225011763,16.270133987854916,-45.65217229679234,12.987796378273668,86.71734952926636
110.0,0.8109621285012345,-36.59482350138195,29.370317015054372,-151.02215352542635,12.987796378273668,86.76261925697327
118.0,0.8109621285012345,-18.941316459116777,17.08553506123864,-50.4454274403903,12.987796378273668,84.19623565673828
126.0,0.33835453722347,-33.83421136936193,27.28919200679271,-130.2414337077253,13.460403969551432,83.90005302429199
134.0,0.33835453722347,-19.688685642839594,17.576187460644782,-53.442613336418205,13.460403969551432,84.40943741798401
135.0,-0.0007044790296824033,-39.39765705906395,27.966913302676826,-136.84108539630427,13.799462985804585,69.60864639282227
143.0,-0.0007044790296824033,-21.933639619923014,15.540425580087105,-41.56135323496707,13.799462985804585,65.12915968894958
151.0,-0.0007044790296824033,-17.507268691033403,14.950026978944194,-38.38887389664403,13.799462985804585,68.15369009971619
