cost,SR,IR,rmse,r2,max_value,operation_time
94.0,1.5229036800448341,1.1727445836700685,5.511108017510402,-4.352632876443208,12.275854826730068,0.0
95.0,1.5229036800448341,2.8851342191603653,3.9626134911601087,-1.7672795795352743,12.275854826730068,6.656529426574707
103.0,1.5229036800448341,1.9266494561160812,3.804706851934684,-1.5511266041713374,12.275854826730068,6.561419248580933
111.0,1.5229036800448341,1.1943074784420187,5.325372818584714,-3.9979239700837743,12.275854826730068,6.579401731491089
119.0,1.5229036800448341,-0.1653045994071931,6.611575760079169,-6.703703657856658,12.275854826730068,6.6520795822143555
127.0,1.5229036800448341,0.3375601066332461,6.130513919245314,-5.623436490182028,12.275854826730068,6.735440254211426
135.0,1.5229036800448341,-0.39067350995893513,6.831977178029567,-7.225881039973157,12.275854826730068,6.657583951950073
143.0,1.5229036800448341,0.18424570305673882,6.058151104930241,-5.4679970579088994,12.275854826730068,6.690354347229004
151.0,1.5229036800448341,0.40698907462255995,5.957459756940016,-5.254777214300628,12.275854826730068,6.778719902038574
