cost,SR,IR,rmse,r2,max_value,operation_time
94.0,0.490519350299488,4.588318393448329,3.8140546449644326,-1.5636777413747844,13.308239156475414,0.0
95.0,0.490519350299488,4.587988790296453,3.813951650494824,-1.5635392844890408,13.308239156475414,6.688528299331665
103.0,0.490519350299488,8.4998410605527,4.314011462345053,-2.279836541116363,13.308239156475414,6.604781866073608
111.0,0.490519350299488,5.89005763116708,3.1100907845789045,-0.7046520438859933,13.308239156475414,6.656895399093628
119.0,0.490519350299488,4.696762425434837,3.2024656393326825,-0.8074178544967321,13.308239156475414,6.643413066864014
127.0,0.490519350299488,6.736354781556076,3.6154334122549705,-1.303617373489482,13.308239156475414,6.802947759628296
135.0,0.490519350299488,3.211586355561618,3.8930974990208647,-1.6710386445308103,13.308239156475414,6.689470052719116
143.0,0.490519350299488,4.748861595160573,3.7471352897052936,-1.4745051256080277,13.308239156475414,6.649660587310791
151.0,0.490519350299488,5.869648215234386,3.653474575317833,-1.3523491864494819,13.308239156475414,6.679692268371582
