cost,SR,IR,rmse,r2,max_value,operation_time
94.0,2.3461169151938623,3.6660397427407787,2.7407036964698057,-0.3237738014478113,11.45264159158104,0.0
95.0,2.3461169151938623,3.658368824591143,2.745208095296762,-0.3281286721754406,11.45264159158104,6.619058132171631
103.0,0.6951302710731966,-1.243028483334017,7.35136023824775,-8.524123551997233,13.103628235701706,6.64360237121582
111.0,0.6951302710731966,0.06492973640995281,4.805284001004969,-3.0693751755459164,13.103628235701706,6.620163679122925
119.0,0.6951302710731966,2.8084953585355557,3.285157496683856,-0.9019627250138373,13.103628235701706,6.641504764556885
127.0,0.6951302710731966,2.440086089896649,3.8887259020731952,-1.6650433421032909,13.103628235701706,6.633325099945068
135.0,0.6951302710731966,0.3281915166305378,5.506570552853584,-4.343822530448785,13.103628235701706,6.707985162734985
143.0,0.6951302710731966,1.6572657090236245,4.658877966526133,-2.8251835575925357,13.103628235701706,7.08849310874939
151.0,0.6951302710731966,1.2575296036247412,5.236188404781938,-3.831924503032332,13.103628235701706,6.743515491485596
