cost,SR,IR,rmse,r2,max_value,operation_time
94.0,1.0547752052780837,0.12479190999202672,6.325044708494469,-6.050449561858545,12.743983301496819,0.0
102.0,1.0547752052780837,5.3274581277618545,2.8014751307152057,-0.3831304855687867,12.743983301496819,6.619691371917725
110.0,1.0547752052780837,1.3234231181311475,5.217483170801663,-3.7974640004150793,12.743983301496819,6.599628210067749
118.0,1.0547752052780837,1.5691352794459519,4.970186062884662,-3.3534634747643315,12.743983301496819,6.620128154754639
126.0,1.0547752052780837,0.4936857751282151,5.73550462349862,-4.797394832850531,12.743983301496819,6.652825593948364
134.0,1.0547752052780837,1.356169533190716,5.301353588894025,-3.952940993959605,12.743983301496819,6.677649021148682
142.0,1.0547752052780837,0.8531399618873792,5.631762740407899,-4.589568864584842,12.743983301496819,6.615875959396362
150.0,1.0547752052780837,0.7873734262218797,5.683689477115252,-4.6931194494870105,12.743983301496819,6.641544342041016
