cost,SR,IR,rmse,r2,max_value,operation_time
94.0,1.6123394461485905,3.8126504080802572,2.579759503782528,-0.17286507113089744,12.186419060626312,0.0
102.0,1.6123394461485905,3.814826225519086,2.579141120905153,-0.17230285380049581,12.186419060626312,6.8935699462890625
110.0,1.6123394461485905,1.0862727535664138,4.5486631136233155,-2.6463399584537584,12.186419060626312,6.777873754501343
118.0,1.6123394461485905,2.5143049973539213,3.2364577779203216,-0.8459906717037404,12.186419060626312,6.82407021522522
126.0,1.6123394461485905,4.627379697377089,2.3137080848509113,0.056576393534984115,12.186419060626312,6.728694438934326
134.0,1.6123394461485905,0.8206123921578072,4.237782377457285,-2.1649504271601296,12.186419060626312,6.854370594024658
142.0,1.1278688649273683,1.1886915620117318,4.249316709075764,-2.182202501336546,12.670889641847534,6.720118761062622
150.0,1.1278688649273683,1.4184681828777475,3.4860094657974163,-1.141641307353094,12.670889641847534,6.651834726333618
