cost,SR,IR,rmse,r2,max_value,operation_time
94.0,0.32168893454441694,5.90795927293426,2.909063079213826,-0.4914060057653602,13.477069572230485,0.0
102.0,0.32168893454441694,5.908252081730624,2.9091824468789578,-0.49152840208354887,13.477069572230485,12.675747156143188
103.0,0.32168893454441694,5.809496867282791,2.920969839136321,-0.5036396040272679,13.477069572230485,12.682723045349121
111.0,0.32168893454441694,4.9336491714207575,3.017616960134984,-0.6047886150235098,13.477069572230485,12.853903770446777
119.0,0.02437342155178257,4.656272118036664,2.9508685514810975,-0.5345793105321919,13.77438508522312,12.868433237075806
127.0,0.02437342155178257,5.567714503461852,2.8072284507882137,-0.3888173206608052,13.77438508522312,12.971771478652954
135.0,0.02437342155178257,5.537003916636703,2.8058244364803846,-0.3874284548776703,13.77438508522312,12.929887533187866
143.0,0.02437342155178257,5.509999587115972,2.815665643626484,-0.3971781140210049,13.77438508522312,13.177272319793701
151.0,0.02437342155178257,5.529049855830241,2.8193547543048285,-0.40084170337243186,13.77438508522312,12.856458902359009
