cost,SR,IR,rmse,r2,max_value,operation_time
94.0,1.0547752052780837,-2.9404179820350684,6.25866713466488,-5.90324553519399,12.743983301496819,0.0
102.0,1.0547752052780837,-2.9404179820350684,6.25866713466488,-5.90324553519399,12.743983301496819,47.39625096321106
110.0,1.0547752052780837,-2.34163640065362,5.486744318570825,-4.3054112897415,12.743983301496819,47.33174514770508
118.0,1.0547752052780837,-1.8798795495597957,7.152705509164916,-8.016340436440743,12.743983301496819,47.47699284553528
126.0,1.0547752052780837,-1.8501392353223327,6.784384689711071,-7.111675014789446,12.743983301496819,47.42598628997803
134.0,1.0547752052780837,-2.70277682319389,5.0888539474734085,-3.563831327754751,12.743983301496819,47.63831353187561
142.0,1.0547752052780837,-2.350097248869492,6.118120108588135,-5.596682915931787,12.743983301496819,47.594237089157104
150.0,1.0547752052780837,-2.5267416146012494,6.163764051903109,-5.695478553045695,12.743983301496819,47.615811824798584
