cost,SR,IR,rmse,r2,max_value,operation_time
94.0,1.711127851189886,-5.077340160713682,6.181061346374,-5.733110158150078,12.087630655585016,0.0
102.0,1.711127851189886,-5.077340160713682,6.181061346374,-5.733110158150078,12.087630655585016,47.34779167175293
110.0,1.711127851189886,-6.3078512016530155,6.776328225167678,-7.09242120690938,12.087630655585016,47.48608374595642
118.0,1.711127851189886,-5.858784824251288,7.450787955292058,-8.78349482555338,12.087630655585016,47.48349642753601
126.0,1.711127851189886,-4.866883321541447,5.729493162555563,-4.785248560711667,12.087630655585016,47.287490129470825
134.0,1.711127851189886,-4.424940626366112,5.276801639918197,-3.907170522869179,12.087630655585016,47.296961069107056
142.0,1.711127851189886,-6.992406036529097,7.818064111094808,-9.771794684838696,12.087630655585016,47.4771044254303
150.0,1.711127851189886,-7.152411898772261,9.374839548487028,-14.488783129490427,12.087630655585016,47.53593039512634
