cost,SR,IR,rmse,r2,max_value,operation_time
94.0,0.8109621285012345,-5.781107956212562,8.316625408762407,-11.189443916121188,12.987796378273668,0.0
102.0,0.8109621285012345,-5.781107956212562,8.316625408762407,-11.189443916121188,12.987796378273668,48.35387706756592
110.0,0.8109621285012345,-6.602056287910948,8.09726551922291,-10.554904837110941,12.987796378273668,48.632312297821045
118.0,0.8109621285012345,-6.722251980412338,8.210214597233602,-10.87951279299581,12.987796378273668,48.17930603027344
126.0,0.8109621285012345,-6.754051414332949,8.195605887681777,-10.837275174643601,12.987796378273668,50.09520244598389
134.0,0.8109621285012345,-6.794507890974721,8.191454120862211,-10.825285052430162,12.987796378273668,51.00476288795471
142.0,0.7932435913790279,-6.839712685991579,8.183531954668057,-10.802423037696018,13.005514915395874,48.98892593383789
150.0,0.6499210594725806,-6.886985627097882,8.173154113278356,-10.772507834352309,13.148837447302322,48.597636222839355
