cost,SR,IR,rmse,r2,max_value,operation_time
94.0,1.5229036800448341,-8.343972334036646,8.30832059971018,-11.165111820922434,12.275854826730068,0.0
102.0,1.5229036800448341,-8.343972334036646,8.30832059971018,-11.165111820922434,12.275854826730068,47.396881341934204
110.0,1.5229036800448341,-7.480876230494644,7.855733207107858,-9.875846350446103,12.275854826730068,47.67470192909241
118.0,1.5229036800448341,-8.79572503881764,8.026092840031204,-10.35266885273938,12.275854826730068,47.70772862434387
126.0,1.5229036800448341,-9.018778856224046,8.16493192268957,-10.74883346983975,12.275854826730068,47.7966251373291
134.0,1.5229036800448341,-9.010156348692735,8.230561297559257,-10.938465792965799,12.275854826730068,48.31568169593811
142.0,1.5229036800448341,-9.019795857589415,8.257774082112856,-11.017540830714221,12.275854826730068,47.49935817718506
150.0,1.5229036800448341,-9.004695386407292,8.290079346867811,-11.111752474669611,12.275854826730068,46.931904315948486
