cost,SR,IR,rmse,r2,max_value,operation_time
94.0,1.6123394461485905,-3.67467335305448,6.503990301865839,-6.455029769270777,12.186419060626312,0.0
102.0,1.6123394461485905,-3.67467335305448,6.503990301865839,-6.455029769270777,12.186419060626312,48.639522552490234
110.0,1.6123394461485905,-6.133172886869978,7.808090254612465,-9.744328089008045,12.186419060626312,48.52364945411682
118.0,1.6123394461485905,-5.324192422570938,7.232512716794905,-8.21866479963713,12.186419060626312,49.28643298149109
126.0,1.6123394461485905,-5.269044677843077,7.4163852708637155,-8.693356321667846,12.186419060626312,48.14021706581116
134.0,1.6123394461485905,-5.397460783216388,7.5041671378463395,-8.924179452727637,12.186419060626312,48.959744930267334
142.0,1.6123394461485905,-5.413512507668173,7.511704429492557,-8.944125437223885,12.186419060626312,48.37420725822449
150.0,1.6123394461485905,-5.419783062592963,7.513531240088041,-8.948962752863324,12.186419060626312,48.61116933822632
