cost,SR,IR,rmse,r2,max_value,operation_time
94.0,6.369502896542215,6.0060587745791025,16.02166935905543,-2.8310280579113694,48.38493359637771,0.0
102.0,6.369502896542215,5.553853613329352,16.309483497852767,-2.9699059507643133,48.38493359637771,5.606222629547119
110.0,1.495716835857074,4.3651646750691455,17.713118253898397,-3.68263004039365,53.25871965706285,5.532883644104004
118.0,1.495716835857074,4.567341055207578,16.483673090596824,-3.055158078985711,53.25871965706285,5.4632568359375
126.0,1.495716835857074,6.182788004257205,15.53921876045423,-2.603779116843099,53.25871965706285,5.539623737335205
134.0,1.495716835857074,4.741124152504739,16.578881428821507,-3.102137882212017,53.25871965706285,5.804378986358643
142.0,1.495716835857074,5.945878161671395,16.527413223854843,-3.0767077041713566,53.25871965706285,5.563380002975464
150.0,1.495716835857074,6.980343423283273,15.74157691233076,-2.6982500703361185,53.25871965706285,5.639812231063843
