cost,SR,IR,rmse,r2,max_value,operation_time
94.0,10.448479289737847,7.504800074143944,15.591613451142686,-2.6281223250964705,44.305957203182075,0.0
102.0,2.516534147187386,4.6777558794257885,17.287386711878433,-3.460242761535894,52.237902345732536,5.629821062088013
110.0,2.516534147187386,5.396349995928247,16.91858244356647,-3.2719656004085547,52.237902345732536,5.797886610031128
118.0,2.516534147187386,5.682372276927104,17.109020831291993,-3.3686787795684694,52.237902345732536,5.694379091262817
126.0,2.516534147187386,4.170607867037575,17.90974417656825,-3.7871668857656173,52.237902345732536,5.523607969284058
134.0,2.516534147187386,3.4478944378550977,19.038425855848352,-4.409559187183154,52.237902345732536,5.502559185028076
142.0,2.516534147187386,15.031262645336241,9.82871683971755,-0.4417615849766461,52.237902345732536,5.570169448852539
143.0,2.516534147187386,17.618997014003085,9.298414627409855,-0.2903799872077699,52.237902345732536,5.482061147689819
151.0,2.516534147187386,7.67269832712951,11.885383544943688,-1.1082698842935135,52.237902345732536,5.629385948181152
