cost,SR,IR,rmse,r2,max_value,operation_time
94.0,1.1464447881166535,1.1454451081314971,20.90221106805409,-5.520550468260247,53.60799170480327,0.0
95.0,1.1464447881166535,1.147272150324028,20.9044553403869,-5.52195076764332,53.60799170480327,6.584625959396362
103.0,1.1464447881166535,1.133874978289441,20.866217784233687,-5.498113229305339,53.60799170480327,6.795004844665527
111.0,1.1464447881166535,3.7394869941330953,17.373225759718462,-3.504646642236615,53.60799170480327,6.617827653884888
119.0,1.1464447881166535,1.500107876156065,20.91557778577863,-5.528892765216811,53.60799170480327,6.668081760406494
127.0,1.1464447881166535,0.35244727917331886,19.474489904155842,-4.66020270941095,53.60799170480327,6.679972410202026
135.0,1.1464447881166535,0.42601478256700887,21.079920810243994,-5.631896701115495,53.60799170480327,6.689696788787842
143.0,1.1464447881166535,0.5728818409129275,20.570968556088136,-5.3155224542182165,53.60799170480327,6.640958547592163
151.0,1.1464447881166535,-2.539289865783111,22.09249731085106,-6.284326850044253,53.60799170480327,6.739039897918701
