cost,SR,IR,rmse,r2,max_value,operation_time
94.0,6.568300027023859,4.87526883191952,18.116595350606225,-3.8983856155513497,48.18613646589606,0.0
95.0,6.568300027023859,4.882928231779417,18.10636574660619,-3.8928553934398042,48.18613646589606,5.443640470504761
103.0,6.568300027023859,3.3302806314504068,18.608813599437106,-4.1681745633726015,48.18613646589606,5.538296699523926
111.0,6.568300027023859,6.492101579331148,16.640596281941544,-3.1327351257047074,48.18613646589606,5.445117235183716
119.0,6.568300027023859,0.9827733514296,20.71092813513407,-5.401753186293655,48.18613646589606,5.490504264831543
127.0,6.568300027023859,2.879756699394079,18.423440665937747,-4.065721187010589,48.18613646589606,5.599356412887573
135.0,6.568300027023859,-14.231990569206687,16.38566836228457,-3.0070810264035694,48.18613646589606,5.710201025009155
143.0,6.568300027023859,-1.0064280705693704,21.964088505913114,-6.19989516722917,48.18613646589606,5.574955701828003
151.0,6.568300027023859,1.3697063748816163,20.165742734485125,-5.069155258894099,48.18613646589606,5.513334512710571
