cost,SR,IR,rmse,r2,max_value,operation_time
94.0,4.2248987192549095,5.654942990406724,16.85654472534326,-3.240693819723064,50.52953777366501,0.0
102.0,2.221983703053823,4.113750082219127,17.868038507675443,-3.764897496041553,52.5324527898661,4.1170265674591064
110.0,2.202557954834319,2.746913842549162,18.577708997257428,-4.150911811731608,52.5518785380856,3.9331812858581543
118.0,2.202557954834319,2.688338704494626,18.622937504906346,-4.176022727336459,52.5518785380856,3.968667507171631
126.0,2.202557954834319,2.911012682805847,18.4452470661967,-4.077720087794357,52.5518785380856,4.223806619644165
134.0,2.202557954834319,2.305437829056146,18.939096353161293,-4.3532596674144495,52.5518785380856,4.0862812995910645
142.0,2.202557954834319,2.3726174168225924,18.878555201818063,-4.3190896630074675,52.5518785380856,4.09105658531189
150.0,2.202557954834319,1.5354015288381362,19.556251562456307,-4.707830046023064,52.5518785380856,4.0559563636779785
