cost,SR,IR,rmse,r2,max_value,operation_time
94.0,1.1464447881166535,0.06008965200550165,21.247980171465862,-5.738063627397898,53.60799170480327,0.0
102.0,1.1464447881166535,-0.08274375796187883,21.272147609936454,-5.753400082425939,53.60799170480327,3.683427572250366
110.0,1.1464447881166535,1.055965820530453,20.180260843219106,-5.077897250201856,53.60799170480327,3.512012004852295
118.0,1.1464447881166535,0.8838245859808893,20.30842243539276,-5.155341887545528,53.60799170480327,3.5084242820739746
126.0,1.1464447881166535,0.6755590360373205,20.461485783027623,-5.248476421171686,53.60799170480327,3.8763835430145264
134.0,1.1464447881166535,0.7432357241040606,20.40618373808109,-5.214746069705754,53.60799170480327,3.7957656383514404
142.0,1.1464447881166535,1.0149229789806924,20.18805397043974,-5.082592429579311,53.60799170480327,3.987874984741211
150.0,1.1464447881166535,1.1245589646292657,20.098065092027227,-5.0284865983161025,53.60799170480327,3.949080467224121
