cost,SR,IR,rmse,r2,max_value,operation_time
94.0,2.741108975526714,1.165390990098956,20.26796115732063,-5.130839255553107,52.01332751739321,0.0
102.0,2.2364778231996496,1.8916201707061333,20.11830244118603,-5.040633241355629,52.51795866972027,3.635327100753784
110.0,2.2062299695969685,1.03289682953465,20.221143356508527,-5.10254821089994,52.54820652332295,2.8210718631744385
118.0,2.2030132952671124,1.8272255981130172,19.42994632014588,-4.6343394005116325,52.55142319765281,2.6017050743103027
126.0,2.2028783137694035,1.6880190898030918,19.53027376924335,-4.692675981813969,52.55155817915052,2.625303030014038
134.0,2.2028436081006717,1.7997105496978634,19.4438579776922,-4.642410556210222,52.55159288481925,2.9610652923583984
142.0,2.2028436081006717,1.7716925599096385,19.46162654728583,-4.652727785890769,52.55159288481925,3.817229986190796
150.0,2.2028436081006717,1.703984683234097,19.511530290464954,-4.681754542441785,52.55159288481925,3.744814157485962
