cost,SR,IR,rmse,r2,max_value,operation_time
94.0,4.580762681635903,2.648103198140987,19.356773478792835,-4.59198166102443,50.17367381128402,0.0
102.0,2.217302333900399,5.074626704494555,18.20969249793054,-3.948858392114688,52.53713415901952,3.416025161743164
110.0,2.2048235710937973,1.0908161474432845,20.099772517353035,-5.029510938507524,52.549612921826125,3.7178144454956055
118.0,2.2040784462713816,1.350925636361616,19.824381010223366,-4.865419446947628,52.55035804664854,3.595195770263672
126.0,2.2040784462713816,2.317137938429596,19.02230304035673,-4.400400825557558,52.55035804664854,4.025311231613159
134.0,2.2040784462713816,2.1384050306134554,19.165633242365807,-4.4820898491562815,52.55035804664854,3.8961994647979736
142.0,2.2040784462713816,2.426794284703554,18.931935340600567,-4.3492122185102104,52.55035804664854,3.9616053104400635
150.0,2.2040784462713816,2.10214459289989,19.20104766603811,-4.50236827372258,52.55035804664854,3.940807342529297
