train_sample_num,rmse,nrmse,r2,time
8,3031.6912,0.08813736,-21.855819763200454,0.5922749042510986
16,1562.911,0.06690692,-5.074289211293171,0.5905194282531738
32,534.2178,0.054354526,0.2903183591780786,0.6033856868743896
64,329.80157,0.04503874,0.7295217322099168,0.6201045513153076
