train_sample_num,rmse,nrmse,r2,time
8,667.83875,0.16875309,-0.07000783677478495,0.5905499458312988
16,345.51346,0.12947913,0.7135995629003994,0.5839729309082031
32,188.0259,0.14679967,0.9151837479952556,0.6219139099121094
64,106.60914,0.038853053,0.972733297296301,0.6188256740570068
