train_sample_num,rmse,nrmse,r2,time
8,722.85156,0.07047958,-0.2535509951412023,0.8658089637756348
16,650.0395,0.0567578,-0.013732139491339224,0.8648576736450195
32,635.37854,0.034225494,0.031479465647446525,0.9130165576934814
64,368.48032,0.056050528,0.6742590819363881,0.9180660247802734
