train_sample_num,rmse,nrmse,r2,time
8,2619.5593,0.07222035,-16.064102359525975,0.8531167507171631
16,671.2851,0.054378312,-0.12057512938734494,0.8726801872253418
32,220.87181,0.07343664,0.8786869546235923,0.8906354904174805
64,435.0403,0.037425272,0.529363151463293,0.8991646766662598
