train_sample_num,rmse,nrmse,r2,time
8,3113.384,0.09012821,-23.1041774205821,0.6188125610351562
16,1633.9727,0.06974642,-5.639211238718353,0.6484191417694092
32,537.90436,0.056746233,0.2804895403745796,0.6350753307342529
64,363.53735,0.049802136,0.6713565603106059,0.6619806289672852
