train_sample_num,rmse,nrmse,r2,time
8,159.42445,0.016809804,0.9202610427207637,0.6366996765136719
16,129.06218,0.022040011,0.94774129720195,0.6396732330322266
32,307.39978,0.10087662,0.7035388619964302,0.6513943672180176
64,162.80406,0.11574416,0.9168444721222688,0.6543581485748291
