train_sample_num,rmse,nrmse,r2,time
8,482.26775762318107,0.03715214297501085,0.2703121516395409,1.063079833984375
16,262.4904898418507,0.01905910180578974,0.783833791623418,1.0431675910949707
32,103.19103897019187,0.019057345018802622,0.9665924498847378,1.1421868801116943
64,73.02391770042203,0.015394912286152147,0.9832701935642609,3.026090383529663
