train_sample_num,rmse,nrmse,r2,time
8,470.1375402222088,0.02858808685698065,0.45036194169019006,1.1080942153930664
16,174.31337276486735,0.024088633480312975,0.9244406266630982,1.0500719547271729
32,125.13732580466905,0.02334303851974411,0.9610595760986884,1.1932072639465332
64,85.05553080347875,0.01534146176104788,0.9820099631202898,2.987508535385132
