train_sample_num,rmse,nrmse,r2,time
8,786.7429518073458,0.017082824458531206,-0.5391915023033564,4.1702399253845215
16,746.9170359796836,0.022299629037647265,-0.3873040861905983,4.639302492141724
32,793.6223244286153,0.01526495787193232,-0.5662269302017793,5.22708797454834
64,1138.9186547117686,0.007418637375519494,-2.225613649155395,9.941274404525757
