train_sample_num,rmse,nrmse,r2,time
8,718.71680829199,0.06331031934322329,-0.23925114069560038,3.524866819381714
16,717.3123140047395,0.06308730933471259,-0.23441246017203254,3.460627555847168
32,715.823777883971,0.062252844206116806,-0.2292945750286468,4.386807441711426
64,669.7271092032962,0.056733749507777806,-0.07606741731527977,8.811127662658691
