train_sample_num,rmse,nrmse,r2,time
8,668.1285,0.16917251,-0.07093628960736353,1.2486941814422607
16,260.84674,0.10865152,0.836764506768519,1.1943440437316895
32,179.398,0.058614057,0.9227890483914346,1.2212262153625488
64,97.14904,0.026064605,0.9773576885422584,1.2428233623504639
