train_sample_num,rmse,nrmse,r2,time
8,3124.4517,0.09058717,-23.275854460262043,1.361438274383545
16,1640.8433,0.069797054,-5.695162236017098,1.4033102989196777
32,533.9655,0.057394486,0.2909883226032973,1.3559465408325195
64,364.62863,0.049879346,0.669380464331317,1.3480353355407715
