train_sample_num,rmse,nrmse,r2,time
8,159.44122,0.016778175,0.9202442747198882,1.3411595821380615
16,128.87924,0.022012513,0.9478893452058578,1.2828013896942139
32,307.0191,0.10080499,0.7042726948067921,1.2265796661376953
64,162.72937,0.1164484,0.9169207591939337,1.4262683391571045
