train_sample_num,rmse,nrmse,r2,time
8,285.40332,0.04056697,0.7444483398953518,0.5550553798675537
16,167.20708,0.053558894,0.9122857836498822,0.5554826259613037
32,262.98642,0.14417824,0.7830161977022009,0.5619125366210938
64,143.82489,0.06822955,0.9351023813876606,0.568903923034668
