train_sample_num,rmse,nrmse,r2,time
8,375.19016,0.05165892,0.6622879487270152,0.5539085865020752
16,195.40329,0.08930029,0.9083974667249095,0.5508320331573486
32,183.40953,0.06522706,0.9192974017284842,0.5684819221496582
64,150.23889,0.092078544,0.9458487441396426,0.5869779586791992
