train_sample_num,rmse,nrmse,r2,time
8,520.89996,0.03216725,0.32526138487554057,0.5996346473693848
16,743.9559,0.11973943,-0.3763259686318119,0.5697381496429443
32,384.18958,0.089120165,0.6329560469118305,0.5865442752838135
64,159.08713,0.08830581,0.9370643101311049,0.5946938991546631
