train_sample_num,rmse,nrmse,r2,time
8,609.98584,0.048569847,-0.16734754033572208,0.5719821453094482
16,188.8699,0.11833006,0.8880855456246168,0.5587842464447021
32,300.7174,0.11505531,0.7162879679280809,0.5822901725769043
64,91.2721,0.047711927,0.9738641397749113,0.600470781326294
