train_sample_num,rmse,nrmse,r2,time
8,3064.6516,0.0893262,-22.355502285937906,0.5744621753692627
16,1421.5897,0.06676108,-4.025455858737724,0.5671217441558838
32,530.132,0.056408808,0.3011323109407734,0.5727047920227051
64,318.58328,0.050859805,0.747609541462674,0.5871193408966064
