train_sample_num,rmse,nrmse,r2,time
8,166.79811,0.01988368,0.9127143486439654,0.5843086242675781
16,116.21228,0.060449112,0.9576293897379544,0.5715603828430176
32,316.11554,0.099986896,0.6864892836610368,0.5699653625488281
64,121.37235,0.098134555,0.9537831667786529,0.5809485912322998
