rmse,nrmse,r2,mae
0.03801916817029078,0.045486329230797526,0.9970653538517561,0.02535363516438556
0.03839191768855093,0.08389439732444481,0.9970075277410015,0.03045575810246813
