cost,SR,IR,rmse,r2,max_value,operation_time
104.0,0.5333219219743959,2.197204397662289,0.8870025410885387,-2.823915676253841,1.6411954711377867,25.24002456665039
111.0,0.5333219219743959,-26.747330849452947,8.540691660906175,-353.5232035048066,1.6411954711377867,24.445769786834717
118.0,0.5333219219743959,-35.67831301015695,12.06019443878241,-705.9150019094176,1.6411954711377867,25.47493624687195
125.0,0.5333219219743959,-53.67292057907243,15.664400169841803,-1191.5761433836587,1.6411954711377867,25.017619848251343
132.0,0.5333219219743959,-55.21866454896096,7.796359209200758,-294.4216095180883,1.6411954711377867,25.62528944015503
139.0,0.5333219219743959,-40.33005868691859,4.450264371547085,-95.25652999645978,1.6411954711377867,25.797603607177734
146.0,0.5333219219743959,-12.169215006636454,1.4844432044860003,-9.709908258183182,1.6411954711377867,24.515412092208862
153.0,0.5333219219743959,-15.500471578214931,2.4424941763826795,-27.99516954731879,1.6411954711377867,24.218244552612305
