cost,SR,IR,rmse,r2,max_value,operation_time
104.0,0.38042644919246693,2.480871637802837,1.2371533792733644,-6.4388477521199405,1.7940909439197157,24.83736801147461
111.0,0.38042644919246693,-43.870768212589546,15.582160996524086,-1179.0868018215797,1.7940909439197157,24.43140959739685
118.0,0.38042644919246693,-35.27318844575116,8.194091895939284,-325.3324332429466,1.7940909439197157,24.072837352752686
125.0,0.38042644919246693,1.8733182977804148,2.3016802367763844,-24.748299739305597,1.7940909439197157,24.25314950942993
132.0,0.38042644919246693,2.0112304978514906,0.635975661081778,-0.9658010814029807,1.7940909439197157,24.06188130378723
139.0,0.38042644919246693,2.0083435873049504,0.6558233167872218,-1.09041390392357,1.7940909439197157,22.917208194732666
146.0,0.38042644919246693,1.9487412586322164,0.667103522278078,-1.1629428584562946,1.7940909439197157,21.66529130935669
153.0,0.38042644919246693,1.9829891211941053,0.6505406196677065,-1.0568727134510123,1.7940909439197157,21.249140739440918
