cost,SR,IR,rmse,r2,max_value,operation_time
104.0,0.6799969790613694,1.4818617187592091,0.45584577419591654,-0.009937376201755388,1.4945204140508133,24.944079160690308
111.0,0.2360732023890857,-27.224880849004748,9.168338455419994,-407.54495620212214,1.938444190723097,25.533316373825073
118.0,0.2360732023890857,-38.72957241853481,9.907397141286282,-476.0651840452803,1.938444190723097,26.007543563842773
125.0,0.2360732023890857,-63.85605173356166,12.435743105725104,-750.6264637742561,1.938444190723097,26.60463786125183
132.0,0.2360732023890857,-61.97613332388215,10.853823511431262,-571.5640678285566,1.938444190723097,26.816673517227173
139.0,0.2360732023890857,-70.34563820910405,20.913582523205726,-2124.765955906633,1.938444190723097,25.448200702667236
146.0,0.2360732023890857,-70.92831077585163,25.1521613541627,-3073.7456773362105,1.938444190723097,25.914926528930664
153.0,0.2360732023890857,-60.499774780491585,22.670408956248775,-2496.912882727244,1.938444190723097,26.509875059127808
