cost,SR,IR,rmse,r2,max_value,operation_time
104.0,0.4003234970825198,2.1012258980518244,1.0834701864020129,-4.705484234598543,1.7741938960296628,25.79952621459961
111.0,0.4003234970825198,-43.894389050771366,12.86399798523013,-803.2859934042903,1.7741938960296628,27.021976709365845
118.0,0.4003234970825198,-52.13862784102162,18.221127328900565,-1612.6489686511409,1.7741938960296628,26.535266399383545
125.0,0.4003234970825198,-52.81408908171702,19.16640391955467,-1784.4177643418295,1.7741938960296628,26.94297695159912
132.0,0.4003234970825198,-71.86578871590552,27.118122157287498,-3573.191389751859,1.7741938960296628,26.92234468460083
139.0,0.4003234970825198,-77.05830760341595,29.694268770020816,-4284.523185084744,1.7741938960296628,26.818084478378296
146.0,0.4003234970825198,-73.71808045161153,28.46862751901766,-3938.05132087744,1.7741938960296628,27.233192443847656
153.0,0.4003234970825198,-0.6692774681579068,0.8458039784591022,-2.4769466427678277,1.7741938960296628,26.464977979660034
