cost,SR,IR,rmse,r2,max_value,operation_time
104.0,0.4080012168389806,2.255023403246651,1.2168758825084607,-6.196994096294455,1.766516176273202,25.164236307144165
111.0,0.4080012168389806,-36.90743597489451,9.979433938055681,-483.02789804675257,1.766516176273202,24.08981466293335
118.0,0.4080012168389806,-18.343057413075762,3.6622632978955907,-64.18650668776488,1.766516176273202,24.736708641052246
125.0,-0.04985315228546172,1.1134090771789122,1.001952753253909,-3.8792499325500502,2.2243705453976443,23.680500507354736
132.0,-0.07648260688781727,-3.1941443572165253,0.9166672195608172,-3.083964712425189,2.251,24.779821634292603
139.0,-0.07648260688781727,-11.07115614676366,2.114684134165903,-20.734496941404185,2.251,24.2169086933136
146.0,-0.07648260688781727,-22.97958074520916,4.469945512712584,-96.10979498958852,2.251,24.700436115264893
153.0,-0.07648260688781727,-25.4095503685584,5.339428685237623,-137.56328136166553,2.251,24.47978186607361
