cost,SR,IR,rmse,r2,max_value,operation_time
104.0,0.4176644742876241,0.9596417685470346,0.32246720137277035,0.49460647244552036,1.7568529188245585,24.62440013885498
111.0,0.4176644742876241,-16.41339568794987,2.84149789414848,-38.24219177558426,1.7568529188245585,24.94630193710327
118.0,0.4176644742876241,1.5256641590444615,0.4516693433780963,0.008483816211451112,1.7568529188245585,25.351738929748535
125.0,0.4176644742876241,1.4817254850042505,0.46552915247596727,-0.05330063038662103,1.7568529188245585,25.406315803527832
132.0,0.4176644742876241,1.485213407534252,0.4695550296454484,-0.07159720578303297,1.7568529188245585,26.474485158920288
139.0,0.4176644742876241,1.3973104198266666,0.46895463118966146,-0.06885855351287007,1.7568529188245585,26.483880043029785
146.0,0.4176644742876241,1.408110041654632,0.46466897029760734,-0.049411750962564005,1.7568529188245585,26.1458637714386
153.0,0.4176644742876241,1.4006033117247771,0.46422978828443634,-0.04742898476495139,1.7568529188245585,25.827515363693237
