cost,SR,IR,rmse,r2,max_value,operation_time
104.0,0.19029463725072793,0.6122302432393021,1.03677154408971,-4.224259201395832,1.9842227558614547,11.376524925231934
111.0,0.19029463725072793,-35.17759866939388,9.746498656326446,-460.69570374297507,1.9842227558614547,10.60696029663086
118.0,0.19029463725072793,-43.09209511369575,17.177224516719573,-1433.0508892856508,1.9842227558614547,11.040257692337036
125.0,0.19029463725072793,-62.480408615333204,27.361415121492936,-3637.6115111306603,1.9842227558614547,11.947497606277466
132.0,0.19029463725072793,-46.42888976837552,20.72770278557897,-2087.1463054789533,1.9842227558614547,10.79167914390564
139.0,0.19029463725072793,-77.19463779864267,41.30466733343995,-8290.953084689556,1.9842227558614547,11.02012324333191
146.0,0.19029463725072793,-11.423622059110382,7.163158895490772,-248.3835188555051,1.9842227558614547,10.974357843399048
153.0,0.19029463725072793,-10.463450993369035,6.721742952992067,-218.5949658748309,1.9842227558614547,10.996339082717896
