cost,SR,IR,rmse,r2,max_value,operation_time
104.0,0.679047630198601,0.8068330502112007,0.7876837131114613,-2.0155206730711317,1.4954697629135816,11.003904819488525
111.0,0.679047630198601,-24.02486942907179,6.87816519802836,-228.93431187219483,1.4954697629135816,11.758533954620361
118.0,0.679047630198601,-41.02631616796296,18.963835881620017,-1746.8773521446406,1.4954697629135816,12.062893867492676
125.0,0.679047630198601,-64.36437293871923,30.313194197339374,-4465.033560632139,1.4954697629135816,11.573148965835571
132.0,0.679047630198601,-74.14442984205544,36.85126890759673,-6599.296903414076,1.4954697629135816,10.928836822509766
139.0,0.4478366632393911,-73.35349705694078,36.49314693021654,-6471.6363841800785,1.7266807298727915,11.082494020462036
146.0,0.4478366632393911,-79.79500734295596,38.83891116554793,-7330.497165961959,1.7266807298727915,10.963573932647705
153.0,0.4478366632393911,-71.64544300361698,36.30674890877853,-6405.683979510131,1.7266807298727915,10.711017847061157
