cost,SR,IR,rmse,r2,max_value,operation_time
104.0,0.3535511166418863,-0.22057758436701658,1.6956314544416895,-12.97402472361122,1.8209662764702963,9.671351432800293
111.0,0.3535511166418863,-37.29366612276454,13.039492221155129,-825.3802666053118,1.8209662764702963,12.610385179519653
118.0,0.3535511166418863,-38.934207924232005,12.272418402063982,-731.0131539332976,1.8209662764702963,10.473377704620361
125.0,0.3535511166418863,-38.994399922714244,14.83493885962192,-1068.6214418939312,1.8209662764702963,10.123913526535034
132.0,0.3535511166418863,-64.0499244337491,29.98962874615842,-4370.200806088969,1.8209662764702963,11.027401208877563
139.0,0.3535511166418863,-90.96212277643274,39.01472616366239,-7397.023471609288,1.8209662764702963,10.789254903793335
146.0,0.3535511166418863,-85.05326554113923,47.906571512843406,-11153.465412812735,1.8209662764702963,10.405038595199585
153.0,0.3535511166418863,-87.94174102108056,47.11530251539366,-10788.033627049068,1.8209662764702963,10.292093515396118
