cost,SR,IR,rmse,r2,max_value,operation_time
104.0,0.19029463725072793,0.16066894688089084,1.1078519698164593,-4.965159316766524,1.9842227558614547,6.29211163520813
111.0,0.19029463725072793,1.488572889869553,0.4899636207275745,-0.16677267430840192,1.9842227558614547,6.429596185684204
112.0,0.19029463725072793,1.5281175700626348,0.5652379452808695,-0.5528202887238121,1.9842227558614547,6.403866767883301
119.0,0.19029463725072793,1.0148560461551992,0.6656478074569778,-1.1535134595877516,1.9842227558614547,6.370441198348999
126.0,0.19029463725072793,1.3792325639785465,0.5349854778935531,-0.39104943894794464,1.9842227558614547,6.381528377532959
133.0,0.19029463725072793,1.485881689943254,0.46703038767219146,-0.06010493716461096,1.9842227558614547,6.350915431976318
140.0,0.19029463725072793,1.688587012165502,0.47242373463272935,-0.08473086004584984,1.9842227558614547,6.413552761077881
147.0,0.19029463725072793,0.9788057234248779,0.6047028482600355,-0.7772257915978076,1.9842227558614547,6.340891361236572
154.0,0.19029463725072793,1.4909723823219383,0.4962470447040273,-0.1968905709534592,1.9842227558614547,6.443576097488403
