cost,SR,IR,rmse,r2,max_value,operation_time
104.0,0.4176644742876241,0.9584569574153916,0.6400537037411872,-0.9910923731886985,1.7568529188245585,6.306011915206909
111.0,0.4176644742876241,1.1910830953921763,0.4449743623869371,0.03765995600927763,1.7568529188245585,6.307800531387329
118.0,0.4176644742876241,1.4885211526011246,0.6277393496712519,-0.9152139000649868,1.7568529188245585,6.377436637878418
125.0,0.4176644742876241,1.8462956742885677,0.5410955615718609,-0.4230053141169201,1.7568529188245585,6.364869594573975
132.0,0.4176644742876241,0.19721106443411407,0.48898976139988587,-0.16213909268017623,1.7568529188245585,6.368004322052002
137.0,0.4176644742876241,1.5427437599017577,0.6436201618231973,-1.01334341768399,1.7568529188245585,6.493985176086426
144.0,0.4176644742876241,1.705888491501567,0.4748883532300309,-0.09607839107619509,1.7568529188245585,6.477109909057617
145.0,0.4176644742876241,1.0154063736856385,0.7033880444758097,-1.4046315635269258,1.7568529188245585,6.632626056671143
152.0,0.4176644742876241,1.6287737747976672,0.49816182174825335,-0.20614483270120787,1.7568529188245585,6.5517497062683105
