cost,SR,IR,rmse,r2,max_value,operation_time
104.0,0.679047630198601,-1.4038609743637318,0.6433488815323705,-1.011646561944732,1.4954697629135816,6.264829397201538
111.0,0.679047630198601,1.754320439068329,0.4930112911953951,-0.1813329305863718,1.4954697629135816,6.284785747528076
118.0,0.679047630198601,-0.05280000420153241,1.3925747218017563,-8.42530893085755,1.4954697629135816,6.434437990188599
125.0,0.679047630198601,0.777416590139614,0.708481495881127,-1.439583022949427,1.4954697629135816,6.378392696380615
132.0,0.679047630198601,1.1869400427840326,0.6207284574945868,-0.8726727511355472,1.4954697629135816,6.289442300796509
139.0,0.679047630198601,0.9308712078888239,0.5358661408240365,-0.3956329427123426,1.4954697629135816,6.383099794387817
146.0,0.679047630198601,1.668555304603937,0.48983330389030943,-0.16615209801368303,1.4954697629135816,6.365553140640259
147.0,0.679047630198601,1.411063310005825,0.512500200133918,-0.27657594744487146,1.4954697629135816,6.4806599617004395
154.0,0.679047630198601,1.629815707158302,0.5778545311227095,-0.6229144416970855,1.4954697629135816,6.501194953918457
