cost,SR,IR,rmse,r2,max_value,operation_time
104.0,0.3535511166418863,0.6622925789590899,0.7308634177579322,-1.5961574502010953,1.8209662764702963,6.36176872253418
111.0,0.3535511166418863,0.37964103079906164,0.8711202753242853,-2.688203052185266,1.8209662764702963,6.3376970291137695
118.0,0.3535511166418863,1.4317566327611808,0.6457916347831119,-1.0269517417733924,1.8209662764702963,6.415938377380371
125.0,0.3535511166418863,1.055419959518797,0.47154757123493884,-0.08071107825779644,1.8209662764702963,6.423975944519043
132.0,0.3535511166418863,1.308533660986503,0.7487803508001118,-1.7250059655961762,1.8209662764702963,6.38132381439209
139.0,0.3535511166418863,1.051417644561142,0.6700039184521401,-1.1817915934271643,1.8209662764702963,6.45490288734436
146.0,0.3535511166418863,0.7824688711008441,0.8651473668007706,-2.637799503541043,1.8209662764702963,6.386077165603638
153.0,0.3535511166418863,1.9014606976442259,0.6147414772308397,-0.8367227766460463,1.8209662764702963,6.443521499633789
