cost,SR,IR,rmse,r2,max_value,operation_time
104.0,0.5333219219743959,0.2758475311368118,0.9610354593919092,-3.4888738750674335,1.6411954711377867,6.3080055713653564
111.0,0.5333219219743959,1.4231172856701506,0.5653373656755847,-0.5533665916906805,1.6411954711377867,6.459550619125366
118.0,0.5333219219743959,1.5491303418611975,0.5001415603936071,-0.2157505318863142,1.6411954711377867,6.277934312820435
125.0,0.5333219219743959,1.3864479189684566,0.48943835075658787,-0.1642723167059894,1.6411954711377867,6.257887840270996
132.0,0.5333219219743959,1.0202296023458362,0.6170157314206132,-0.8503379349367937,1.6411954711377867,6.315856695175171
139.0,0.5333219219743959,1.4248726561670655,0.4057795544703532,0.19972564372843904,1.6411954711377867,6.358662366867065
146.0,0.5333219219743959,1.4737614118247762,0.5599947772054458,-0.5241458641291878,1.6411954711377867,6.501344203948975
153.0,0.5333219219743959,1.2962082526339285,0.35531080705364765,0.38641404086028175,1.6411954711377867,6.52950644493103
