cost,SR,IR,rmse,r2,max_value,operation_time
104.0,0.20736910248668528,-0.8644199845333382,0.5782431725557465,-0.6250981881682109,1.9671482906254973,6.3993918895721436
111.0,0.20736910248668528,0.7608902326614178,0.6713959325944311,-1.1908668827657136,1.9671482906254973,6.252265214920044
118.0,0.20736910248668528,1.8544405530327954,0.5522731364560811,-0.4824034483169577,1.9671482906254973,6.345959901809692
125.0,0.20736910248668528,1.0175340583475354,0.6539003580303262,-1.0781731483346522,1.9671482906254973,6.359086751937866
132.0,0.20736910248668528,1.6642681155314567,0.5448353241046034,-0.44274338891484866,1.9671482906254973,6.394211530685425
139.0,0.20736910248668528,1.5493027423186212,0.5889837643900725,-0.6860297195183322,1.9671482906254973,6.387316703796387
146.0,0.20736910248668528,1.603248418284817,0.4117861564328884,0.1758579695221283,1.9671482906254973,6.413997411727905
147.0,0.20736910248668528,1.6146131321959736,0.6804271432446458,-1.25020372173979,1.9671482906254973,6.473512887954712
154.0,0.20736910248668528,1.6612954054188322,0.7384220542650238,-1.6501343856697446,1.9671482906254973,6.404884576797485
