cost,SR,IR,rmse,r2,max_value,operation_time
104.0,0.3535511166418863,0.8345227549569492,0.8714783520456096,-2.6912357702256315,1.8209662764702963,74.41429209709167
111.0,0.3535511166418863,-29.062389942329027,40.560321964774545,-7994.789758686342,1.8209662764702963,71.64838790893555
118.0,0.3535511166418863,-9.546232423679063,4.876521099677848,-114.5789631425717,1.8209662764702963,71.75633239746094
125.0,0.3535511166418863,1.2024594176768058,4.136653399863149,-82.16811276465701,1.8209662764702963,74.55605220794678
132.0,0.3535511166418863,-12.346391223202321,36.8382844770487,-6594.646534456876,1.8209662764702963,77.93263792991638
139.0,0.3535511166418863,-14.315995075611397,34.831197067503986,-5895.5146189556235,1.8209662764702963,77.12891697883606
146.0,0.3535511166418863,-15.356461518730072,10.789776346325738,-564.8267352456062,1.8209662764702963,79.10081887245178
147.0,0.3535511166418863,-40.345467598969854,69.19333724903215,-23268.50440335283,1.8209662764702963,77.27210593223572
154.0,0.3535511166418863,9.618227712755834,8.04170640831589,-313.3076893509194,1.8209662764702963,78.67760372161865
