cost,SR,IR,rmse,r2,max_value,operation_time
104.0,0.4080012168389806,1.7974275603378826,0.5285634904807015,-0.3578534570213572,1.766516176273202,57.886577129364014
111.0,0.4080012168389806,-29.61645035321234,19.247994187644686,-1799.6509582992096,1.766516176273202,57.67898726463318
118.0,0.4080012168389806,-0.6653900545370117,0.8611859597927386,-2.6045616707321133,1.766516176273202,61.24927854537964
125.0,0.4080012168389806,0.4708224094859945,0.7937706861345694,-2.0623067498804732,1.766516176273202,60.92848443984985
132.0,0.4080012168389806,-8.891875966892297,2.642205834886451,-32.93062609221363,1.766516176273202,60.61703395843506
139.0,0.4080012168389806,-3.340495162473247,1.262786827474802,-6.750302697707067,1.766516176273202,61.0104866027832
146.0,0.4080012168389806,-143.83100362697257,4913.716980191833,-117348853.77431102,1.766516176273202,63.26455116271973
147.0,0.4080012168389806,-25060.019613996494,17037.028216614217,-1410737672.1361976,1.766516176273202,61.195334672927856
154.0,0.4080012168389806,-30.7494049907369,12.61898647188468,-772.9404191152355,1.766516176273202,61.33546566963196
