cost,SR,IR,rmse,r2,max_value,operation_time
98.0,0.20736910248668528,1.960280104638173,0.5891180139890377,-0.6867984151045405,1.9671482906254973,61.530171632766724
105.0,0.20736910248668528,1.8040364424045918,0.620429268832206,-0.8708679444708545,1.9671482906254973,61.35745072364807
112.0,0.20736910248668528,-1.145219491227686,0.7880237268611243,-2.018124611098761,1.9671482906254973,61.393391370773315
119.0,0.20736910248668528,-2.5908251261817954,1.0799486364129278,-4.668455997117744,1.9671482906254973,61.19994497299194
126.0,0.20736910248668528,0.6719611857912597,1.3924033973914693,-8.422989936927966,1.9671482906254973,61.60995602607727
133.0,0.20736910248668528,-0.15116864863453738,0.817611203283663,-2.2490189639434095,1.9671482906254973,61.684337854385376
140.0,0.20736910248668528,-2.382309733360109,9.974157405360327,-482.5161828840675,1.9671482906254973,61.67712688446045
147.0,0.20736910248668528,-17.66758080694293,9.988468244679549,-483.90466837855115,1.9671482906254973,61.49148106575012
154.0,0.20736910248668528,-6.408605824045031,4.636705289732801,-103.49068219095084,1.9671482906254973,62.25025486946106
