cost,SR,IR,rmse,r2,max_value,operation_time
104.0,0.4176644742876241,1.836573969009319,0.5237681257367293,-0.33332711143931726,1.7568529188245585,71.43147540092468
111.0,0.4176644742876241,0.7359246558297461,0.966458261469129,-3.5396752310374957,1.7568529188245585,68.04856777191162
118.0,0.4176644742876241,0.37660352260170726,3.6967647851763803,-65.42051150754034,1.7568529188245585,67.56863141059875
125.0,0.4176644742876241,-0.29498708637631665,4.606080467242794,-102.11494637043785,1.7568529188245585,74.68632674217224
132.0,-0.004940123118843953,1.7598878450295898,2.156674089010049,-21.606202834537594,2.1794575162310266,70.38330078125
139.0,-0.004940123118843953,1.0484021814388509,1.975241743680282,-17.962652615805577,2.1794575162310266,73.66178560256958
146.0,-0.004940123118843953,1.8299838385572726,1.1219398334728823,-5.117834353544375,2.1794575162310266,73.4001579284668
153.0,-0.004940123118843953,-20.869996722185157,15.270849408528678,-1132.4045914726692,2.1794575162310266,70.84063005447388
