cost,SR,IR,rmse,r2,max_value,operation_time
104.0,0.19029463725072793,1.1384665127416997,0.4072487313592031,0.19392016120478095,1.9842227558614547,57.089555978775024
111.0,0.19029463725072793,-6.468851021907726,3.9280519244104597,-73.99166892650253,1.9842227558614547,53.13319277763367
118.0,0.19029463725072793,-209200721.23326945,198939391.13623437,-1.923535242045825e+17,1.9842227558614547,61.325345039367676
125.0,0.19029463725072793,-22.03298255038697,13.891440382300452,-936.8926611582143,1.9842227558614547,54.902854681015015
132.0,0.19029463725072793,-21.674397696876262,13.22013447528391,-848.4353379569355,1.9842227558614547,59.055525064468384
139.0,0.19029463725072793,111.3405716780582,136.15731998385564,-90102.2731638296,1.9842227558614547,55.05476760864258
146.0,0.19029463725072793,-12.223791050613189,7.53871433504859,-275.21874806659036,1.9842227558614547,51.33973240852356
153.0,0.19029463725072793,-36.218995439774815,20.567862198359716,-2055.065219776597,1.9842227558614547,56.01299595832825
