cost,SR,IR,rmse,r2,max_value,operation_time
104.0,0.4176644742876241,1.94379249330835,0.583271499773262,-0.6534843589006596,1.7568529188245585,55.858417987823486
111.0,0.4176644742876241,0.9337724715412865,0.9757776804677057,-3.627648231266762,1.7568529188245585,51.658119916915894
118.0,0.4176644742876241,0.7393676499621917,0.3406234219066751,0.43609285949488763,1.7568529188245585,55.66093635559082
125.0,0.4176644742876241,-3.9741951167405976,1.4383681289183459,-9.055384496585237,1.7568529188245585,55.248926639556885
132.0,0.4176644742876241,-10.854555090772996,3.348815019534861,-53.50557134643793,1.7568529188245585,51.931779623031616
139.0,0.4176644742876241,-20.577529560945205,11.783892258960364,-673.8948356753865,1.7568529188245585,55.79162096977234
140.0,0.4176644742876241,-204.19447595579894,74.4994329444743,-26974.19004238912,1.7568529188245585,53.60122513771057
147.0,0.4176644742876241,-12.731438292754714,6.591634824661893,-210.17614510570795,1.7568529188245585,51.807037115097046
154.0,0.4176644742876241,-21.408877395564303,9.418495299588159,-430.1432881005993,1.7568529188245585,57.762375831604004
