cost,SR,IR,rmse,r2,max_value,operation_time
104.0,0.5333219219743959,1.6041496835891997,0.4638389693436262,-0.045666138925202215,1.6411954711377867,55.56972551345825
111.0,0.5333219219743959,0.12483531666956704,18.180875012433585,-1605.5274153265634,1.6411954711377867,51.95021724700928
118.0,0.5333219219743959,-121.49356583965775,37.14413572716023,-6704.622396054738,1.6411954711377867,57.90371870994568
125.0,0.5333219219743959,-48.85099118599338,47.72196833789298,-11067.665811565546,1.6411954711377867,52.08200645446777
132.0,0.5333219219743959,-35.40540153605744,151.68050176950405,-111818.64061856133,1.6411954711377867,54.02343988418579
139.0,-0.07648260688781727,-1344.5535315709988,638.6972955574133,-1982661.229709523,2.251,55.9881546497345
146.0,-0.07648260688781727,-1368.5778098012245,639.3387231359513,-1986645.5046617188,2.251,51.07593011856079
153.0,-0.07648260688781727,-561.1053844774891,310.8118698072158,-469518.6478920082,2.251,55.326844692230225
