cost,SR,IR,rmse,r2,max_value,operation_time
104.0,0.19029463725072793,-0.9991580079085711,1.0003342802733655,-3.8634995768113214,1.9842227558614547,74.27187919616699
111.0,0.19029463725072793,-1.7156291821235166,8.927177163132448,-386.335128344764,1.9842227558614547,66.18333840370178
118.0,0.19029463725072793,-0.8322410225407353,25.412287748308337,-3137.6732595750486,1.9842227558614547,70.29143500328064
125.0,0.19029463725072793,1.2124589027386143,4.444533977539588,-95.0087996730801,1.9842227558614547,71.00261807441711
132.0,0.057677435281383804,-90.67947364182083,66.45250805441422,-21461.550611620936,2.116839957830799,69.72017455101013
139.0,0.057677435281383804,-39.59346748445474,92.37661746385969,-41473.64622691578,2.116839957830799,74.61699199676514
146.0,0.057677435281383804,6.617298306398571,66.0609716616975,-21209.38214797211,2.116839957830799,71.69618773460388
153.0,0.057677435281383804,-25.37693114247408,41.46712313797072,-8356.307684814796,2.116839957830799,75.70303654670715
