cost,SR,IR,rmse,r2,max_value,operation_time
104.0,0.6799969790613694,1.647130118709104,0.474990341410374,-0.09654923456472231,1.4945204140508133,65.91351699829102
111.0,0.3924302344307202,1.8124377437944634,0.6297457854144166,-0.9274766167499893,1.7820871586814624,60.21172070503235
118.0,0.3924302344307202,2.4314282121238753,4.694669101133227,-106.11950387188354,1.7820871586814624,69.88805651664734
125.0,0.3924302344307202,0.17883520890664673,2.699541012358336,-34.4191747733542,1.7820871586814624,59.82948398590088
132.0,0.3924302344307202,5.398528749068932,3.8361165063443736,-70.52241265366659,1.7820871586814624,68.18623518943787
139.0,0.3924302344307202,-4.681861583113828,16.782018911634932,-1367.822045525861,1.7820871586814624,72.68688917160034
146.0,0.3924302344307202,1.5474051065368477,17.973077888564095,-1569.0138787833484,1.7820871586814624,71.09542083740234
153.0,0.3924302344307202,-18.896143616546162,41.42825854583777,-8340.6494418118,1.7820871586814624,69.91680836677551
