cost,SR,IR,rmse,r2,max_value,operation_time
104.0,0.20736910248668528,1.119824180567467,0.44911877537407935,0.019650343597333864,1.9671482906254973,7.9893810749053955
111.0,0.20736910248668528,-21.607107432932196,5.654748632014261,-154.4122282183778,1.9671482906254973,7.8481316566467285
118.0,0.20736910248668528,-22.30028842564804,4.827132266795446,-112.24967821496948,1.9671482906254973,7.636753559112549
125.0,0.20736910248668528,-23.125621463173502,6.4100005988986455,-198.6984614758013,1.9671482906254973,7.771836996078491
132.0,0.20736910248668528,-22.89453570596318,6.512635885443173,-205.14470051046428,1.9671482906254973,8.28309416770935
139.0,0.20736910248668528,-27.700433408797707,11.825420822244187,-678.6601202023014,1.9671482906254973,7.82114315032959
145.0,0.20736910248668528,-29.985388684524608,13.833738509591528,-929.1172592971914,1.9671482906254973,7.624397039413452
150.0,0.20736910248668528,-29.993174684605044,13.838296737513165,-929.7303090449261,1.9671482906254973,7.769588470458984
