cost,SR,IR,rmse,r2,max_value,operation_time
104.0,0.7923870307512266,1.1709107960510607,0.3637366616186983,0.3569677837909596,1.382130362360956,21.098172664642334
111.0,0.7923870307512266,-8.99635007164407,2.853347732091981,-38.570175992792095,1.382130362360956,20.831438064575195
118.0,0.7923870307512266,-9.333905055746877,2.6446540118950392,-32.99353312363916,1.382130362360956,20.83237099647522
125.0,0.7923870307512266,-13.728451170361133,5.112598956529525,-126.04045276514148,1.382130362360956,20.924134492874146
132.0,0.7923870307512266,-15.152965200818876,6.566854850669468,-208.59137792378405,1.382130362360956,21.053258657455444
139.0,0.7923870307512266,-15.791654781199568,6.754470419878941,-220.73854169541465,1.382130362360956,20.888027667999268
146.0,0.7923870307512266,-16.4217014543696,7.20548542088295,-251.3394001661168,1.382130362360956,20.835593700408936
153.0,0.7923870307512266,-23.55616365943392,8.781656932249883,-373.8102959425569,1.382130362360956,20.93337631225586
