cost,SR,IR,rmse,r2,max_value,operation_time
104.0,0.20736910248668528,1.1714683143843856,0.3397740506400484,0.4389016466838853,1.9671482906254973,21.086867332458496
111.0,0.20736910248668528,-5.321315746034293,1.4451108593528388,-9.14988000529732,1.9671482906254973,20.925883054733276
118.0,0.20736910248668528,-13.249358685840205,3.2781879770089692,-51.2307527678426,1.9671482906254973,20.661062479019165
125.0,0.20736910248668528,-12.278767750815506,2.800385711076475,-37.11485612930648,1.9671482906254973,21.007722854614258
132.0,0.20736910248668528,-12.651935562859528,2.3548710421545263,-25.95211414141083,1.9671482906254973,21.162792444229126
139.0,0.20736910248668528,-8.009319240573335,1.5139805202038594,-10.14035815635363,1.9671482906254973,21.49294090270996
146.0,0.20736910248668528,0.999491935367828,0.47308520615811894,-0.0877705925844885,1.9671482906254973,20.899991273880005
153.0,0.20736910248668528,1.50820733435818,0.46076020877703816,-0.03183085751199366,1.9671482906254973,20.791702032089233
