cost,SR,IR,rmse,r2,max_value,operation_time
104.0,0.4080012168389806,-0.3192528269991781,0.6816453053997066,-1.2582679700177772,1.766516176273202,8.05603575706482
111.0,0.4080012168389806,-22.893701722854928,6.671950002947793,-215.3536095584958,1.766516176273202,7.783495187759399
118.0,0.4080012168389806,-24.064658193676724,7.3987436378073355,-265.05690693023666,1.766516176273202,7.8992600440979
125.0,0.4080012168389806,-24.124087838593923,9.735364110589693,-459.6414101625599,1.766516176273202,8.018925905227661
132.0,0.4080012168389806,-25.413041687814136,13.631116248370326,-902.0700137880862,1.766516176273202,8.298157691955566
139.0,0.4080012168389806,-25.907287761053585,15.85684470019764,-1221.0588609224785,1.766516176273202,7.94007134437561
146.0,0.4080012168389806,-26.471440951147823,16.70419253380858,-1355.1556976342035,1.766516176273202,7.753633975982666
152.0,0.4080012168389806,-26.68840345186956,17.005065016283083,-1404.4492634457513,1.766516176273202,7.9154253005981445
