cost,SR,IR,rmse,r2,max_value,operation_time
104.0,0.6799969790613694,1.296477392601755,0.4055063161416063,0.20080303663398213,1.4945204140508133,9.181808471679688
111.0,0.45041679307260063,-17.129866719498587,3.014604800878164,-43.16918152635872,1.724100600039582,8.63845443725586
118.0,0.45041679307260063,-21.49616154933393,3.954034560428035,-74.98703534392332,1.724100600039582,8.744799613952637
125.0,0.45041679307260063,-23.47334074361233,5.881859915242744,-167.146539058075,1.724100600039582,8.019703388214111
132.0,0.45041679307260063,-23.922441592350832,7.2869375072512605,-257.0766239656648,1.724100600039582,7.737029314041138
139.0,0.45041679307260063,-23.455170911590265,7.4848664712187105,-271.28686570788216,1.724100600039582,8.016640901565552
145.0,0.45041679307260063,-23.23739160174957,9.553694860681192,-442.6099829565877,1.724100600039582,7.744216680526733
150.0,0.45041679307260063,-23.25850078102129,9.582626310921258,-445.30081898558154,1.724100600039582,7.869628667831421
