cost,SR,IR,rmse,r2,max_value,operation_time
104.0,0.44836353391673045,0.6059798032220831,0.5689793102704868,-0.5734448589223959,1.7261538591954522,8.120301723480225
111.0,0.44836353391673045,-24.182447337248096,7.060929006263478,-241.31609893198274,1.7261538591954522,7.919074296951294
118.0,0.44836353391673045,-22.748834658101174,4.7746847690931835,-109.80209888122575,1.7261538591954522,7.698363304138184
125.0,0.44836353391673045,-24.56120463086631,8.071187531002847,-315.6164352940732,1.7261538591954522,7.622545003890991
132.0,0.44836353391673045,-23.745883984843818,8.391340073779531,-341.2324787012622,1.7261538591954522,7.664165258407593
139.0,0.44836353391673045,-24.491448235124363,9.857126633882878,-471.23617296301734,1.7261538591954522,8.695312261581421
145.0,0.44836353391673045,-24.41766531980006,10.59497141274912,-544.5796429653761,1.7261538591954522,8.030550003051758
150.0,0.44836353391673045,-24.420123646695593,10.618613339433821,-547.0172040536272,1.7261538591954522,8.055940389633179
