cost,SR,IR,rmse,r2,max_value,operation_time
104.0,0.6799969790613694,1.2744561915603476,0.36998471463081406,0.3346867951885194,1.4945204140508133,21.478290557861328
111.0,0.6799969790613694,-8.987867481938656,2.289601215513429,-24.478759108121974,1.4945204140508133,21.532668352127075
118.0,0.6799969790613694,-16.765317374192566,6.166238350494286,-183.7988204129701,1.4945204140508133,21.234341144561768
125.0,-0.07648260688781727,-34.064745579142105,7.374100543898901,-263.28753991072483,2.251,21.855864763259888
132.0,-0.07648260688781727,-2.4993961327521523,0.7257606365372348,-1.5600320218933312,2.251,21.66116762161255
139.0,-0.07648260688781727,1.3926466453368453,0.45621616193875997,-0.011579249032527494,2.251,22.72969961166382
146.0,-0.07648260688781727,-1.6002789031612537,0.5992271142897261,-0.7451850807805327,2.251,22.101075172424316
153.0,-0.07648260688781727,0.771700620010698,0.4699074144417852,-0.07320620252503152,2.251,21.292818546295166
