cost,SR,IR,rmse,r2,max_value,operation_time
104.0,0.4176644742876241,1.1259675648418705,0.42960327263216613,0.10299731931696887,1.7568529188245585,8.213903903961182
111.0,0.4176644742876241,-19.262129082769974,6.747552346172961,-220.28455554997674,1.7568529188245585,8.007855415344238
118.0,0.4176644742876241,-19.598903989382944,5.51274242868228,-146.70458667980074,1.7568529188245585,7.960527658462524
125.0,0.4176644742876241,-17.469920003160205,3.3749766872149576,-54.36051649980315,1.7568529188245585,8.133094549179077
132.0,0.4176644742876241,-20.72951187809289,5.662025672951301,-154.81248256002195,1.7568529188245585,8.57190728187561
139.0,0.4176644742876241,-22.459972145322833,8.651474103087018,-362.7799869428151,1.7568529188245585,8.098772525787354
145.0,0.4176644742876241,-24.325036287206203,11.046924131309849,-592.1182966791083,1.7568529188245585,7.800133943557739
150.0,0.4176644742876241,-23.641400358625642,10.243163484855227,-508.94905033487436,1.7568529188245585,8.265209436416626
