cost,SR,IR,rmse,r2,max_value,operation_time
104.0,0.679047630198601,0.9064015609325318,0.58148038318297,-0.643344874846342,1.4954697629135816,21.01721954345703
111.0,0.679047630198601,-13.761342350250256,3.9020986430570352,-73.00397822107006,1.4954697629135816,22.062320232391357
118.0,0.679047630198601,-19.83646801553496,5.249134832057694,-132.91648317361705,1.4954697629135816,21.988054275512695
125.0,0.679047630198601,-18.01987920328826,3.8008459756474613,-69.21325716712501,1.4954697629135816,22.153137683868408
132.0,0.679047630198601,-11.974258893157959,1.8475583664159276,-15.59032573421042,1.4954697629135816,21.86634373664856
139.0,0.679047630198601,0.6841428501862408,0.515131206383575,-0.2897166270716931,1.4954697629135816,22.32363748550415
146.0,0.679047630198601,1.3609413539897366,0.5077939643112794,-0.253238268189818,1.4954697629135816,21.647980213165283
153.0,0.679047630198601,1.361056811412857,0.5077959556308023,-0.25324809738393506,1.4954697629135816,21.131139755249023
