cost,SR,IR,rmse,r2,max_value,operation_time
104.0,0.4176644742876241,1.2292108586492858,0.3750117348477645,0.3164846148187005,1.7568529188245585,21.63241410255432
111.0,0.4176644742876241,-8.736612437891658,1.883145267170161,-16.23559279501889,1.7568529188245585,20.890323162078857
118.0,0.4176644742876241,-17.582629049026014,4.222369391890894,-85.65049103290036,1.7568529188245585,22.24081826210022
125.0,0.4176644742876241,-8.248154606484237,1.81805321324128,-15.064668196776882,1.7568529188245585,21.937657594680786
132.0,0.4176644742876241,-2.3901513279131095,0.7693027706258236,-1.8764257760278622,1.7568529188245585,20.955053567886353
139.0,0.4176644742876241,0.7918284940558533,0.4770796489592915,-0.10621708289258014,1.7568529188245585,21.851506233215332
146.0,0.4176644742876241,-23.165134736158038,6.7949804066577535,-223.4062747710828,1.7568529188245585,21.53525161743164
153.0,0.4176644742876241,-24.46011479135752,9.699475872793201,-456.25147273533133,1.7568529188245585,21.076576948165894
