cost,SR,IR,rmse,r2,max_value,operation_time
104.0,0.3535511166418863,1.0862263868061328,0.6217762259850601,-0.879000102427687,1.8209662764702963,7.9571692943573
111.0,0.3535511166418863,-16.18573359298308,5.184522961497798,-129.64000347301348,1.8209662764702963,8.111856460571289
118.0,0.3535511166418863,-20.442234982966774,6.391899896927044,-197.5722279694036,1.8209662764702963,8.160098314285278
125.0,0.3535511166418863,-20.415649906800077,7.407537415337547,-265.689726705411,1.8209662764702963,8.111889362335205
132.0,0.3535511166418863,-22.38686519421123,11.435147135356033,-634.5388339554652,1.8209662764702963,7.922540187835693
139.0,0.3535511166418863,-28.684069625269952,12.297546036471227,-734.0137995785445,1.8209662764702963,8.460187435150146
145.0,0.3535511166418863,-27.62541294099947,14.544652867628097,-1027.170880756434,1.8209662764702963,8.34928274154663
150.0,0.3535511166418863,-27.583103554033336,14.591942163334815,-1033.8675711770964,1.8209662764702963,8.001086950302124
