cost,SR,IR,rmse,r2,max_value,operation_time
104.0,0.19029463725072793,1.4013529732541214,0.41741738762063235,0.1531633406075117,1.9842227558614547,20.654026746749878
111.0,0.19029463725072793,-8.577594054861251,1.5081809419583152,-10.0551712877624,1.9842227558614547,21.252630472183228
118.0,0.19029463725072793,-25.526256237107223,5.5513398745542455,-148.78013354163483,1.9842227558614547,21.14966130256653
125.0,0.19029463725072793,-30.153464569601375,6.0675226299461835,-177.92926928761727,1.9842227558614547,21.864829301834106
132.0,0.19029463725072793,-23.28247692003679,2.70763995149495,-34.63201691418412,1.9842227558614547,22.188283920288086
139.0,0.19029463725072793,1.2960170957519834,0.5391313584193024,-0.41269290869507413,1.9842227558614547,25.02164340019226
146.0,0.19029463725072793,1.2961645566458513,0.539992912442449,-0.4172115987574887,1.9842227558614547,22.030203104019165
153.0,0.19029463725072793,1.2961680607800243,0.5400844637348372,-0.4176921922959276,1.9842227558614547,22.617252111434937
