cost,SR,IR,rmse,r2,max_value,operation_time
104.0,0.3535511166418863,1.2241262009449125,0.500043046529375,-0.21527164152076494,1.8209662764702963,21.47429394721985
111.0,0.3535511166418863,-9.202878730708592,3.0564164132322507,-44.402903342499776,1.8209662764702963,21.49691390991211
118.0,0.3535511166418863,-22.244608091462762,8.22242770210091,-327.59330142128556,1.8209662764702963,20.850250482559204
125.0,0.3535511166418863,-29.65612075994199,12.547683781426766,-764.2189377951761,1.8209662764702963,20.338094472885132
132.0,0.3535511166418863,-34.34622652788902,11.340059929795734,-624.0133276105926,1.8209662764702963,20.966939449310303
139.0,0.3535511166418863,-31.90953829550334,4.654421611895408,-104.29070163012514,1.8209662764702963,20.529542207717896
146.0,0.3535511166418863,0.13426378649786397,0.5194605356145907,-0.3114861143283332,1.8209662764702963,20.81174612045288
153.0,0.3535511166418863,1.6330910922762838,0.4557171068387242,-0.009367325359306511,1.8209662764702963,18.9832980632782
