train_sample_num,rmse,nrmse,r2,time
8,1.4905991383671293,0.16624852565515127,-5.429194118617498,2.6822047233581543
16,1.4533400539688845,0.1746276132996518,-5.111802232077466,2.610067129135132
32,1.3960774302511187,0.17000284944575184,-4.63967164742822,2.9546213150024414
64,1.3101660670747972,0.1580577379834229,-3.966923845690183,7.537984132766724
