train_sample_num,rmse,nrmse,r2,time
8,1.5162027147963393,0.1330401627308388,-6.05878605230681,2.7037875652313232
16,1.4995715335949473,0.12899273330426891,-5.904780136782935,2.6209192276000977
32,1.4519251280461989,0.12336396517098415,-5.472974886718707,2.985090732574463
64,1.338583445458624,0.13160755836217658,-4.501820009010562,7.605873107910156
