train_sample_num,rmse,nrmse,r2,time
8,4.2190237,0.18511698,-0.5831716673519902,0.5958774089813232
16,0.9294382,0.19097728,0.9231674759129621,0.6060802936553955
32,0.8941399,0.18025531,0.9288925595195996,0.602130651473999
64,0.22042388,0.31067565,0.9956786309090282,0.6180906295776367
