train_sample_num,rmse,nrmse,r2,time
8,2.144192,0.19669667,0.5948482088358831,0.6344082355499268
16,1.9784282,0.15588506,0.6550699754969121,0.6341700553894043
32,2.2929146,0.15882817,0.5366958266479814,0.6516826152801514
64,1.8312452,0.1393112,0.7044823828904094,0.6595256328582764
