train_sample_num,rmse,nrmse,r2,time
8,4.4543915,0.14593104,-0.7485060421766006,0.8459904193878174
16,3.6397853,0.18960847,-0.16745985383974937,0.8555092811584473
32,3.5993025,0.2107616,-0.14163455288915672,0.8613495826721191
64,3.7278395,0.1777659,-0.22462970688989747,0.885737419128418
