train_sample_num,rmse,nrmse,r2,time
8,3.0287461,0.19684237,0.2399928583849651,0.6299467086791992
16,2.5515964,0.18659334,0.46059383295659073,0.6355099678039551
32,1.5114455,0.22531672,0.8107321009927936,0.6250808238983154
64,1.4727535,0.18721353,0.8202983917526263,0.6605570316314697
