train_sample_num,rmse,nrmse,r2,time
8,3.3375630984800195,0.19280446637543514,0.018366501390171264,2.6746139526367188
16,3.2885829934080313,0.20973625303290946,0.04696683636282617,2.5996596813201904
32,3.1442608540607244,0.19718239892524278,0.12878059923733076,2.960911512374878
64,3.012730982984825,0.19563668652144436,0.2001452874293479,8.151530981063843
