train_sample_num,rmse,nrmse,r2,time
8,3.409678209872144,0.20096508550417425,0.03679509365944811,2.6939704418182373
16,3.3933882774313253,0.19813743648513857,0.04597664139213464,2.5782792568206787
32,3.150031928171565,0.21248318125637605,0.17790537394285955,2.962810516357422
64,2.929576997853589,0.2075773718189296,0.2889473949999052,8.245869398117065
