train_sample_num,rmse,nrmse,r2,time
8,3.2095130954094624,0.2035006702113619,0.08381665026957974,2.7035787105560303
16,3.1107147893461726,0.19257181141049232,0.13935415036150978,2.6414241790771484
32,2.9596809649128066,0.19112344073302379,0.22089877085425302,2.978695869445801
64,2.7383505470195497,0.17057975333009132,0.3330670459734706,8.205079555511475
