train_sample_num,rmse,nrmse,r2,time
8,1.3097763,0.16893801,0.8578698557639577,0.5669074058532715
16,1.681835,0.14237018,0.765653388828627,0.5614416599273682
32,1.6438375,0.11721641,0.7761229261773119,0.5648665428161621
64,0.8558954,0.18245192,0.9393077449463504,0.565758466720581
