train_sample_num,rmse,nrmse,r2,time
8,4.00289,0.24019872,-0.42512009292213415,0.5731606483459473
16,1.0066426,0.0530724,0.9098730467702629,0.5663094520568848
32,0.576912,0.25922424,0.9703978534011901,0.5773911476135254
64,0.1010586,0.113763236,0.9990916554866791,0.5928635597229004
