train_sample_num,rmse,nrmse,r2,time
8,2.862807,0.114728846,0.32099021129068495,0.6399524211883545
16,2.0009434,0.08869536,0.6682877911200946,0.5645978450775146
32,1.4265012,0.20837606,0.8314083076968012,0.589280366897583
64,0.8337562,0.27945644,0.9424069495681793,0.6044940948486328
