train_sample_num,rmse,nrmse,r2,time
8,5.2807975,0.20605366,-1.4802937569993482,0.5746138095855713
16,1.2284222,0.18329911,0.8657855335968656,0.5687615871429443
32,0.8500961,0.1787508,0.9357252904876723,0.5892624855041504
64,0.15923914,0.07536819,0.9977447029047931,0.6249291896820068
