train_sample_num,rmse,nrmse,r2,time
8,1.7233706,0.24429642,0.7382734625679233,0.5709376335144043
16,0.55260193,0.2405684,0.9730899085950363,0.5754175186157227
32,0.749402,0.3122557,0.9505097071735823,0.592461109161377
64,0.53680754,0.09989899,0.9746062020098437,0.5888638496398926
