train_sample_num,rmse,nrmse,r2,time
8,5.003809,0.13260719,0.4275760052296945,0.5971734523773193
16,1.8108828,0.08549889,0.9250283406369955,0.5866329669952393
32,1.5712548,0.10168365,0.9435570562915335,0.599722146987915
64,1.1801126,0.13054954,0.9681607121126664,0.6213366985321045
