train_sample_num,rmse,nrmse,r2,time
8,2.1396942,0.122237235,0.9004898991088893,0.5979971885681152
16,2.3724241,0.113536686,0.8776656689957665,0.5912675857543945
32,2.4929821,0.115697436,0.864916597672069,0.5942039489746094
64,1.7724435,0.12105376,0.9317176363350004,0.6145126819610596
