train_sample_num,rmse,nrmse,r2,time
8,9.337764,0.12656534,-1.3164587728346029,0.5969803333282471
16,1.7387973,0.08381587,0.9196775718053571,0.5902650356292725
32,1.6978885,0.09937823,0.9234126240634905,0.5949709415435791
64,1.7839222,0.11561218,0.915454465284927,0.6239197254180908
