train_sample_num,rmse,nrmse,r2,time
8,6.406699,0.067266926,0.10786128810500772,0.8502547740936279
16,6.2776375,0.09165004,0.1434432736409348,0.8717646598815918
32,5.4217367,0.077525884,0.3610887148245947,0.8823361396789551
64,5.8048434,0.07492787,0.2676061011606191,0.9203884601593018
