train_sample_num,rmse,nrmse,r2,time
8,5.0716014,0.05773808,0.4119603195893634,0.8644418716430664
16,5.014566,0.07581049,0.4251121951715753,0.8826026916503906
32,5.4747577,0.058829848,0.3147545486436504,0.877558708190918
64,4.802745,0.051523607,0.4726543237931776,0.8966548442840576
