train_sample_num,rmse,nrmse,r2,time
8,5.0956726,0.15238953,0.40636507537655786,0.6360993385314941
16,3.2383385,0.11714633,0.7602487528885453,0.659355878829956
32,3.124964,0.09700327,0.7767422673945216,0.6388943195343018
64,3.0426047,0.106415406,0.7883552579150636,0.6436703205108643
