train_sample_num,rmse,nrmse,r2,time
8,8.560747,0.121197596,-0.9469833302678923,0.634221076965332
16,2.8334317,0.079591185,0.7867129945326212,0.6206393241882324
32,3.0211523,0.09694967,0.757515483785064,0.6681373119354248
64,2.9732447,0.09144438,0.7651448064692796,0.6687929630279541
