train_sample_num,rmse,nrmse,r2,time
8,3.2882507,0.10822488,0.7649860975514898,0.6257128715515137
16,2.8776019,0.11311124,0.8200196658400435,0.6304311752319336
32,2.983031,0.098589875,0.8065898577147463,0.6398031711578369
64,3.3270698,0.111493945,0.7594045163594284,0.6543371677398682
