train_sample_num,rmse,nrmse,r2,time
8,4.282245609968167,0.10521352681018638,0.5807630450123682,2.6880338191986084
16,4.276365605628128,0.10510045761960563,0.5819135734496402,2.6285622119903564
32,4.251349434503566,0.10557692171304983,0.5867907663286814,2.9616801738739014
64,4.16794632381655,0.1013267465341111,0.6028444398680715,8.191826343536377
