train_sample_num,rmse,nrmse,r2,time
8,4.453169759805718,0.11726971028494376,0.5689752659714638,2.7066879272460938
16,4.444889373307305,0.11611232107789769,0.5705767019679365,2.602006673812866
32,4.427961045418135,0.11494134010017124,0.5738413841771969,2.9573564529418945
64,4.357839839741084,0.11500008575487676,0.5872318110288861,8.258654117584229
