train_sample_num,rmse,nrmse,r2,time
8,1.7921978,0.13150185,0.9301871077819592,0.5566656589508057
16,1.82584,0.07501786,0.9275415356154192,0.5414948463439941
32,1.9297805,0.06407209,0.9190569659254895,0.5649549961090088
64,1.4466939,0.063270055,0.9545098917580778,0.595313310623169
