train_sample_num,rmse,nrmse,r2,time
8,3.7665675,0.15437226,0.6756544964268996,0.5642726421356201
16,1.5221127,0.06820475,0.947032421953144,0.5484087467193604
32,1.5047925,0.040938303,0.9482310200014034,0.5548584461212158
64,1.0466508,0.040332954,0.9749550566983043,0.5682802200317383
