train_sample_num,rmse,nrmse,r2,time
8,6.718935,0.13935134,-0.19933282337752223,0.5755445957183838
16,1.6864613,0.10742957,0.9244400555927439,0.5636281967163086
32,1.2512122,0.10187245,0.9584088666300054,0.5721838474273682
64,1.1808736,0.10498311,0.9629536275628744,0.5739529132843018
