train_sample_num,rmse,nrmse,r2,time
8,2.1111424,0.06085323,0.9031278967019823,0.5702207088470459
16,2.0752037,0.08075801,0.906397983664773,0.5740222930908203
32,2.1245615,0.07790858,0.9018924853427392,0.5673022270202637
64,1.3626593,0.08311682,0.9596411916131319,0.60042405128479
