train_sample_num,rmse,nrmse,r2,time
8,4.9312778,0.14336261,0.44405055941050053,0.5716803073883057
16,1.6720523,0.10500407,0.9360830345737206,0.6686630249023438
32,1.663477,0.09910378,0.9367369690407595,0.6893260478973389
64,0.747602,0.079573534,0.9872221637226769,0.6844809055328369
