train_sample_num,rmse,nrmse,r2,time
8,2.0003586,0.11539956,0.9130280064397454,0.6123859882354736
16,2.3554523,0.11340571,0.8794097164013166,0.6070702075958252
32,2.5933855,0.10109468,0.8538166729616745,0.6101016998291016
64,1.6487796,0.08909138,0.9409134082630151,0.6157948970794678
