train_sample_num,rmse,nrmse,r2,time
8,1.3038415,0.13001662,-2.253190600248983,0.60178542137146
16,1.5261928,0.12745938,-3.4573700434653185,0.5914654731750488
32,1.5199256,0.122771196,-3.420837586195887,0.6493687629699707
64,1.3824809,0.1104626,-2.6574483658381154,0.6680989265441895
