train_sample_num,rmse,nrmse,r2,time
8,1.5957383,0.15458645,-3.872852070404054,0.8492441177368164
16,1.061133,0.10253449,-1.1547633191343074,0.8465538024902344
32,0.9400996,0.09228083,-0.6912491789910693,0.8891665935516357
64,0.57602924,0.050690968,0.3650361851958792,0.9328315258026123
