train_sample_num,rmse,nrmse,r2,time
8,1.1455971,0.1579488,-1.5114455919009324,0.630746603012085
16,1.4571888,0.117203556,-3.0634182695834573,0.6383073329925537
32,1.2833639,0.083679855,-2.151806925989214,0.6454460620880127
64,0.9431977,0.08796129,-0.7024151065617643,0.6536262035369873
