train_sample_num,rmse,nrmse,r2,time
8,1.183067,0.24129973,-1.7086692163977641,0.8665115833282471
16,0.87308276,0.06525726,-0.47519069022618177,0.8743696212768555
32,0.79093254,0.030502332,-0.21064320871187303,0.8786697387695312
64,0.6051654,0.060850363,0.2912622975624968,0.8949620723724365
