train_sample_num,rmse,nrmse,r2,time
8,1.3761894,0.1592348,-3.279789007536878,0.8713147640228271
16,0.72727054,0.080473915,-0.19524783459375428,0.8676636219024658
32,0.7225393,0.069007605,-0.17974718465594552,0.8784306049346924
64,0.61772573,0.062467474,0.1377019932374346,0.8949441909790039
