train_sample_num,rmse,nrmse,r2,time
8,1.2939722942435838,0.09705950611254097,-2.20412815188484,2.781461238861084
16,1.2870584476948774,0.09604463004303072,-2.169979557178496,2.6297316551208496
32,1.2164975105548095,0.08680647718819395,-1.831929070339886,3.1353719234466553
64,1.1159419615792987,0.07434718840805796,-1.3831047867334259,8.050396919250488
