train_sample_num,rmse,nrmse,r2,time
8,1.3255489081356375,0.12713318948590074,-2.400390705402593,2.77636981010437
16,1.3065693420437605,0.14291272364379873,-2.3037124101873476,2.6668670177459717
32,1.1952715515301433,0.1203117473173112,-1.7648429917174364,3.2253828048706055
64,1.0946817857989757,0.11648765593095597,-1.3190659095376378,7.850686550140381
