train_sample_num,rmse,nrmse,r2,time
8,1.2573821165036814,0.09221738799628139,-2.5727328412252404,2.7308549880981445
16,1.2378153309314797,0.0888780206605933,-2.462403662099955,2.5967209339141846
32,1.1831654776203882,0.08515214096217566,-2.1634207751498784,3.0828332901000977
64,1.0815558363799653,0.07415988863281983,-1.6434060170755944,8.056293249130249
