train_sample_num,rmse,nrmse,r2,time
8,1.3799458,0.17663309,-3.303185255983312,0.5633177757263184
16,0.9829608,0.16059338,-1.1834255010852686,0.5615224838256836
32,0.65463096,0.15400237,0.03159051069793195,0.555959939956665
64,0.53833383,0.14348087,0.3451085502193073,0.5703253746032715
