train_sample_num,rmse,nrmse,r2,time
8,2.1143885,0.19164859,-7.651808474116821,0.5597779750823975
16,0.64733577,0.13157265,0.18904542464682672,0.5526862144470215
32,0.75353855,0.15945736,-0.0988748353065283,0.5642452239990234
64,0.5872491,0.12394759,0.3326064551457263,0.5615346431732178
