train_sample_num,rmse,nrmse,r2,time
8,0.6884559,0.14031354,0.08274614537715286,0.579599142074585
16,0.6546141,0.13746849,0.17070701352305673,0.5729866027832031
32,0.47184128,0.16626592,0.5691469819431846,0.5812106132507324
64,0.39405736,0.22625527,0.6994918757563521,0.5916879177093506
