train_sample_num,rmse,nrmse,r2,time
8,1.2568756,0.2133484,-2.057186559117393,0.565230131149292
16,1.1325141,0.09809287,-1.4821302075976477,0.5867700576782227
32,1.0577365,0.06582293,-1.1651713605326335,0.6031060218811035
64,0.86005133,0.060110092,-0.4314826526073994,0.5958399772644043
