train_sample_num,rmse,nrmse,r2,time
8,1.2327809,0.14671756,-1.9082498020537368,0.5767824649810791
16,1.4909204,0.11217113,-3.2537195966628376,0.5725877285003662
32,1.1836061,0.06942977,-1.680861668436818,0.5939273834228516
64,0.45407405,0.04894711,0.6054397810095319,0.6001760959625244
