train_sample_num,rmse,nrmse,r2,time
8,54.45467,0.14224817,0.3965868746489004,0.594813346862793
16,48.410576,0.12952147,0.5231025731080543,0.5997939109802246
32,46.56671,0.1170491,0.5587389453493615,0.6039986610412598
64,20.823767,0.0589069,0.9117605042093248,0.620398759841919
