train_sample_num,rmse,nrmse,r2,time
8,161.83931,0.16752389,-4.256186410663048,0.6022109985351562
16,66.64584,0.11287611,0.10864891372249186,0.5987119674682617
32,39.888893,0.12257174,0.6806943264862028,0.6007812023162842
64,21.79913,0.14520442,0.9046367482284912,0.614016056060791
