train_sample_num,rmse,nrmse,r2,time
8,55.164337,0.15437815,0.3807567596933582,0.6278955936431885
16,61.863728,0.13796552,0.22121660923743247,0.633556604385376
32,54.77301,0.1085586,0.38951122084273393,0.6433148384094238
64,23.467146,0.067570366,0.8879362727578591,0.6757469177246094
