train_sample_num,rmse,nrmse,r2,time
8,157.58531,0.165045,-3.9834971338002862,0.6374239921569824
16,71.42074,0.11452532,-0.02364984908150003,0.6272499561309814
32,38.53226,0.10350386,0.7020442823322895,0.643864631652832
64,20.680883,0.10763564,0.9141696534099075,0.6613233089447021
