train_sample_num,rmse,nrmse,r2,time
8,136.58698280635332,0.06561366522037529,-2.8974499657195474,2.6905579566955566
16,132.6138876490753,0.06649279896868265,-2.6740066579417947,2.606715202331543
32,127.2754003980492,0.08786636368237799,-2.3841598548339387,3.3009462356567383
64,128.66310475064492,0.09380006374877821,-2.4583582487732953,8.430399179458618
