train_sample_num,rmse,nrmse,r2,time
8,138.10754503143997,0.06272943150770309,-2.881318401005686,2.761871814727783
16,134.37258470852643,0.06715434730558931,-2.6742254625470196,2.6727535724639893
32,132.23605032629445,0.06666896417097506,-2.558313420243454,3.3626420497894287
64,124.91544579316177,0.0891842228360766,-2.1752413733939164,8.177454471588135
