train_sample_num,rmse,nrmse,r2,time
8,89.23043,0.22139339,-0.5978230888541987,0.5885796546936035
16,41.34201,0.09516087,0.6570065022381419,0.5971176624298096
32,40.62624,0.11853091,0.6687804735262217,0.6085600852966309
64,24.83979,0.099947415,0.8761777794624747,0.6714982986450195
