train_sample_num,rmse,nrmse,r2,time
8,68.08013,0.11488388,0.031716079811929365,0.5688731670379639
16,34.862595,0.099122845,0.7460890858846871,0.5736043453216553
32,34.61642,0.11751994,0.7496623421523896,0.5835638046264648
64,25.009178,0.08855837,0.8693345455586781,0.5998990535736084
