train_sample_num,rmse,nrmse,r2,time
8,71.387054,0.15368482,-0.0370110787857838,0.5646896362304688
16,48.96419,0.15869743,0.5121327932172608,0.5756807327270508
32,34.946,0.13573073,0.751492569112302,0.5798029899597168
64,19.942574,0.07558787,0.919070504898785,0.5940871238708496
