train_sample_num,rmse,nrmse,r2,time
8,173.676,0.16706075,-5.05316218698682,0.569810152053833
16,69.18352,0.104070224,0.03947641745081654,0.5783631801605225
32,39.20249,0.12151275,0.6915888557628691,0.5745041370391846
64,21.805552,0.14883806,0.9045805535871767,0.6007564067840576
