train_sample_num,rmse,nrmse,r2,time
8,139.98166084704846,0.03279024678673761,-0.10340494033767689,2.7424299716949463
16,134.53155408730416,0.03056563037656717,-0.019156687001547823,2.6115050315856934
32,135.51771605716402,0.0270990489672849,-0.03415297935598738,2.9105448722839355
64,134.32860859324236,0.030983632298348867,-0.01608414017463855,7.690237045288086
