train_sample_num,rmse,nrmse,r2,time
8,139.5891256791929,0.027131996666265076,-0.40890665899907197,2.7459607124328613
16,148.15383367939484,0.02123816540909034,-0.587101987501065,2.6380724906921387
32,122.65080060326139,0.05560194160269339,-0.08772678359069142,2.9908344745635986
64,133.06073672015214,0.03762890221529026,-0.2802031605551094,7.76954460144043
