train_sample_num,rmse,nrmse,r2,time
8,120.19696336382285,0.03898048838983329,-0.04700384139031022,2.680936813354492
16,123.07300382415455,0.04067515156003628,-0.09770813904719877,2.6244308948516846
32,119.28944456171365,0.038652390388227396,-0.031253216634421044,2.951720952987671
64,124.46285493887548,0.039526689169667714,-0.12264074562008176,7.778206825256348
