train_sample_num,rmse,nrmse,r2,time
8,1.4718231,0.17208217,-3.192263627535409,0.5956861972808838
16,0.9496784,0.2195255,-0.7453818801539176,0.5981090068817139
32,0.6513538,0.12411844,0.17894700028132837,0.6101617813110352
64,0.6163152,0.111399956,0.26490568250083923,0.6239559650421143
