train_sample_num,rmse,nrmse,r2,time
8,1.3104117,0.10257175,-2.286059791691402,0.6051535606384277
16,0.39657146,0.1472108,0.6990440855964878,0.5988485813140869
32,0.501142,0.16265866,0.5194024585779964,0.6198079586029053
64,0.319363,0.16551763,0.8048228048529642,0.6241364479064941
