train_sample_num,rmse,nrmse,r2,time
8,0.9452649,0.27601498,-1.01917076252901,0.5977892875671387
16,0.57424766,0.09036493,0.2548144291991895,0.5989968776702881
32,0.6463834,0.13252267,0.055838175252689415,0.5998735427856445
64,0.57543004,0.1268171,0.25174263297544863,0.6192152500152588
