train_sample_num,rmse,nrmse,r2,time
8,0.7304665,0.22783639,-0.20577585637051432,0.6272845268249512
16,0.45351824,0.082149215,0.535211394705972,0.6476452350616455
32,0.56437165,0.11659129,0.28022561895707365,0.6371231079101562
64,0.47175303,0.14691909,0.49708409843314183,0.650646448135376
