train_sample_num,rmse,nrmse,r2,time
8,0.6835171,0.05878295,-0.05575895793635244,0.8567538261413574
16,0.612569,0.05815021,0.15203882233733568,0.8500649929046631
32,0.5980855,0.060219448,0.1916628007289286,0.8736464977264404
64,0.6205772,0.070092045,0.1297227683293909,1.0217616558074951
