train_sample_num,rmse,nrmse,r2,time
8,1.2091434,0.0865756,-1.8293905066745557,0.8546555042266846
16,0.67423725,0.089826845,0.12024280633585949,0.8725571632385254
32,0.6636358,0.09437083,0.1476912870229219,0.8773701190948486
64,0.60634005,0.072371036,0.2885083162428921,0.8852932453155518
