train_sample_num,rmse,nrmse,r2,time
8,1.7816985401121275,0.25017517161037783,-5.0747494568846605,2.688617706298828
16,1.7375310700712066,0.3480768765111855,-4.777302144769856,2.6563570499420166
32,1.6675643548944754,0.3208128991420898,-4.321390489771515,3.2090046405792236
64,1.5525639049820124,0.2631803574770684,-3.612739117751291,7.742543458938599
