train_sample_num,rmse,nrmse,r2,time
8,1.7989081309687218,0.36056287528964,-5.262608705189866,2.7641499042510986
16,1.7614891791297524,0.331866005200758,-5.004782301942745,2.6089887619018555
32,1.729018269131612,0.20648864732725253,-4.7854410405184655,3.183001756668091
64,1.565600969376439,0.23885931971149837,-3.743506181643376,7.928054571151733
