train_sample_num,rmse,nrmse,r2,time
8,1.0644623,0.07192201,-1.19279437537317,0.5488173961639404
16,0.85101926,0.132952,-0.4015742588554554,0.5520157814025879
32,0.6811003,0.09567618,0.102241550978167,0.5597541332244873
64,0.6227016,0.05684865,0.24959230174434,0.5806481838226318
