train_sample_num,rmse,nrmse,r2,time
8,1.8492985,0.16799147,-5.544462194772459,0.5737950801849365
16,0.9136754,0.054182272,-0.597510803740928,0.5710606575012207
32,0.73805195,0.04713673,-0.04239854816424771,0.5783874988555908
64,0.562992,0.05954744,0.39345310660749544,0.5731279850006104
