train_sample_num,rmse,nrmse,r2,time
8,0.7410073,0.1329093,-0.06263064085068737,0.5853331089019775
16,0.66284573,0.13366935,0.1497194972784318,0.5781617164611816
32,0.5319371,0.13535222,0.4524070059362342,0.6198675632476807
64,0.5206144,0.07494784,0.4754707277752567,0.5931715965270996
