train_sample_num,rmse,nrmse,r2,time
8,1.5710974,0.17056367,-3.776870770556795,0.589768648147583
16,0.983539,0.20243941,-0.8720630585353457,0.5775048732757568
32,0.6822677,0.12780914,0.09916154636741314,0.5739200115203857
64,0.39056328,0.12675683,0.7047974074496473,0.5868115425109863
