train_sample_num,rmse,nrmse,r2,time
8,1.076912,0.3029354,-1.6207554345385082,0.5697140693664551
16,0.4991872,0.06902275,0.43689041725535505,0.582512617111206
32,0.62693226,0.11068775,0.11180727672035351,0.5794625282287598
64,0.57488483,0.13095744,0.25315983305936895,0.5975158214569092
