train_sample_num,rmse,nrmse,r2,time
8,1.4074041,0.099553116,-2.7905084977030254,0.5724523067474365
16,0.39202797,0.19161521,0.7059006683123117,0.5624809265136719
32,0.3433918,0.1140977,0.7743476978821839,0.5843911170959473
64,0.12501436,0.024963312,0.9700925241484039,0.5935661792755127
