train_sample_num,rmse,nrmse,r2,time
8,1.5256127,0.13370931,0.6779434951241504,0.6157450675964355
16,0.59706575,0.08357366,0.9506726530118955,0.6090657711029053
32,1.4466785,0.14425619,0.7104073536703644,0.599423885345459
64,2.0505724,0.18287061,0.41817326633131746,0.6262660026550293
