train_sample_num,rmse,nrmse,r2,time
8,1.4893376,0.06273335,0.6930767519731085,0.844562292098999
16,3.1177464,0.15971103,-0.3450084607995161,0.859351396560669
32,3.0747068,0.18251076,-0.3081299742350536,0.8811638355255127
64,3.3370898,0.17388898,-0.5409171068093173,0.885857343673706
