train_sample_num,rmse,nrmse,r2,time
8,3.2305577,0.1262909,-0.6120883038694971,0.8494265079498291
16,2.5747304,0.23819831,-0.023994032988530645,0.8627688884735107
32,2.6207206,0.26544073,-0.06090226681163169,0.8699097633361816
64,2.5779908,0.29161265,-0.026588930876871197,0.8904197216033936
