train_sample_num,rmse,nrmse,r2,time
8,1.8954387,0.20019165,0.4798924593490863,0.6253807544708252
16,2.477881,0.23252961,0.11113750379490928,0.6344232559204102
32,1.8684937,0.21418677,0.4945747041244074,0.647369384765625
64,2.0473447,0.17853238,0.3931859744697298,0.6427068710327148
