train_sample_num,rmse,nrmse,r2,time
8,2.8768857,0.2841381,-0.2784364424669057,0.6222095489501953
16,2.280819,0.20393936,0.19644519683516348,0.6289739608764648
32,2.3232157,0.20231734,0.16629393187375863,0.6254010200500488
64,2.260178,0.1941797,0.21092332245761602,0.6716210842132568
