train_sample_num,rmse,nrmse,r2,time
8,1.8398693,0.16321456,0.5315994346879096,0.6294224262237549
16,2.0290875,0.18558764,0.430301475499016,0.6254637241363525
32,2.362804,0.19513182,0.22749921304810738,0.6350133419036865
64,2.6113415,0.2003363,0.056437148842563345,0.6636009216308594
