train_sample_num,rmse,nrmse,r2,time
8,8.183746134844363,0.4797125969210234,-8.695673511368723,2.696187734603882
16,7.974260348158977,0.48103672299987216,-8.205651007330228,2.6102559566497803
32,7.600038266712593,0.44705127728860816,-7.361905268372924,2.979168653488159
64,6.901411462726727,0.4048647337815155,-5.895242219071078,8.283849716186523
