train_sample_num,rmse,nrmse,r2,time
8,8.084313104576298,0.5394450257461899,-8.043358557751626,2.7359774112701416
16,7.882218339801578,0.49028717471418476,-7.596871223341431,2.582061290740967
32,7.536232502561705,0.49355649863629086,-6.858724728636751,2.987715005874634
64,6.968738712748504,0.4407409810412365,-5.719730602664046,8.134434461593628
