train_sample_num,rmse,nrmse,r2,time
8,0.59126335,0.07863501,0.9516267300258011,0.5560407638549805
16,0.4566373,0.07666149,0.9711473154187806,0.5614213943481445
32,0.53920424,0.10268267,0.9597699920609278,0.5615952014923096
64,0.4318244,0.12636197,0.9741977363086417,0.5718281269073486
