train_sample_num,rmse,nrmse,r2,time
8,1.8232149,0.07599334,0.5400408539274115,0.5843706130981445
16,0.26082,0.06194916,0.9905870590211633,0.5678853988647461
32,0.31548744,0.06317377,0.9862276651866244,0.5780186653137207
64,0.26992995,0.066140264,0.9899180231320998,0.5935482978820801
