train_sample_num,rmse,nrmse,r2,time
8,1.1599302,0.13029587,0.8052230979445365,0.5741651058197021
16,0.5640352,0.082929246,0.9539440195087677,0.5760118961334229
32,0.23592472,0.03004424,0.9919421248306929,0.594510555267334
64,0.19838853,0.022505885,0.9943022050031033,0.5880739688873291
