train_sample_num,rmse,nrmse,r2,time
8,3276.1077,0.090382375,-25.68967633029358,0.6022372245788574
16,1701.6906,0.06830898,-6.200922069601095,0.5924746990203857
32,606.6365,0.055216745,0.08486752082198523,0.6240012645721436
64,372.07333,0.045313768,0.6557420105246936,0.631866455078125
