train_sample_num,rmse,nrmse,r2,time
8,660.3768,0.16482486,-0.04623028246495098,0.597966194152832
16,375.4951,0.13873933,0.6617387387646709,0.5912642478942871
32,184.27853,0.144185,0.9185308474599504,0.6070373058319092
64,93.026115,0.04320924,0.9792387506331038,0.6326584815979004
