train_sample_num,rmse,nrmse,r2,time
8,214.77286,0.030462056,0.855283048879436,0.600433349609375
16,216.21452,0.09750852,0.8533336796206495,0.6009113788604736
32,285.892,0.11350444,0.7435725136190183,0.6249701976776123
64,120.20802,0.1305957,0.9546656270861041,0.625896692276001
