train_sample_num,rmse,nrmse,r2,time
8,163.92583,0.019044744,0.9156946028086845,0.6355328559875488
16,119.94685,0.021253053,0.9548624079886147,0.6310713291168213
32,262.76923,0.111803256,0.7833744764225182,0.6365618705749512
64,126.884766,0.13307391,0.9494897431960649,0.6548583507537842
