train_sample_num,rmse,nrmse,r2,time
8,816.96185,0.06585716,-0.6012061225984009,0.863720178604126
16,772.09656,0.05608261,-0.43016758940056654,0.8629543781280518
32,919.89545,0.021352889,-1.0301150853471652,0.8884537220001221
64,575.2147,0.04717302,0.2062134745212505,0.8894319534301758
