train_sample_num,rmse,nrmse,r2,time
8,564.42596,0.050489403,0.0005187057060517253,0.8572113513946533
16,419.68823,0.030984936,0.4473957194236806,0.8559894561767578
32,282.40625,0.051584627,0.7497873353763249,0.8761577606201172
64,117.92825,0.0636925,0.9563688804119435,0.8850164413452148
