train_sample_num,rmse,nrmse,r2,time
8,1545.1515,0.1849162,-4.937027298260681,0.8543202877044678
16,638.14545,0.06333449,-0.01266610166051163,0.8476932048797607
32,735.00165,0.06363726,-0.3433943835530915,0.8712642192840576
64,761.7896,0.032962423,-0.44310187635168585,0.8873229026794434
