train_sample_num,rmse,nrmse,r2,time
8,380.7380347332565,0.04781879850207001,0.6395214205373204,3.661323070526123
16,363.5388140916405,0.0624386888528703,0.671353881368005,3.6995723247528076
32,361.1799777820188,0.06575630319909129,0.6756049122716725,4.5811684131622314
64,333.3543947891666,0.05536688818045354,0.7236628302009522,9.397031307220459
