train_sample_num,rmse,nrmse,r2,time
8,329.2761515345078,0.02811525991083077,0.7303828648782036,1.0926644802093506
16,126.66545430353158,0.012859335216952969,0.9601027184535158,1.164581060409546
32,115.11690902178823,0.019270045130363803,0.9670462247730431,1.2603459358215332
64,66.79140264841038,0.009215751283093687,0.9889065134004618,3.6218185424804688
