train_sample_num,rmse,nrmse,r2,time
8,398.15570272737364,0.06385617651770259,0.6196796141527183,3.4217848777770996
16,395.21898283384587,0.06292401781224692,0.6252692638103727,3.791672945022583
32,391.62124429169256,0.06142026904970118,0.6320606726866675,4.59360146522522
64,365.6053881688628,0.05526421901223712,0.6793221971810919,9.005113124847412
