train_sample_num,rmse,nrmse,r2,time
8,179.04216860279277,0.017256175189699616,0.8994293360431911,1.1311695575714111
16,161.881524840085,0.014169225556910083,0.9177842105260763,1.0830280780792236
32,90.39289011186888,0.019469825406201017,0.974365243132203,1.1494436264038086
64,53.097977712875526,0.022533044567349853,0.9911546174540337,3.286728620529175
