train_sample_num,rmse,nrmse,r2,time
8,550.8578225622143,0.05185666376113402,0.27201443771404266,1.0459811687469482
16,467.0006837766313,0.04266146759333647,0.4767867218579206,1.0525968074798584
32,234.33480215110757,0.02443652942810128,0.8682601061835502,1.1522700786590576
64,86.25688336806596,0.02385933661020695,0.9821502865548515,3.6820645332336426
