train_sample_num,rmse,nrmse,r2,time
8,3403.4175,0.09362028,-27.80430089645041,1.193166732788086
16,1800.2449,0.07175417,-7.05916588782037,1.161665678024292
32,612.7218,0.05916103,0.06641559026659982,1.1987977027893066
64,428.91678,0.051950116,0.5425190478634014,1.2370176315307617
