train_sample_num,rmse,nrmse,r2,time
8,163.9203,0.01904606,0.9157002805532355,1.2577219009399414
16,119.62269,0.02120168,0.9551060577568641,1.2289085388183594
32,263.60428,0.1119517,0.7819954510060707,1.274684190750122
64,127.24662,0.13319923,0.9492012300027122,1.3042736053466797
