train_sample_num,rmse,nrmse,r2,time
8,289.56418,0.03769555,0.736942708597473,0.557307243347168
16,166.9955,0.04176401,0.9125076185357204,0.553429126739502
32,251.65599,0.14646156,0.801310388649027,0.5584862232208252
64,145.27907,0.062041048,0.9337834224689381,0.5884537696838379
