train_sample_num,rmse,nrmse,r2,time
8,1383.6543,0.09811708,-3.7608244724503797,0.5527193546295166
16,640.1944,0.111405894,-0.0191795545412905,0.5552225112915039
32,270.24673,0.11189997,0.8183865790673035,0.5666635036468506
64,204.76994,0.09390833,0.8957300056137496,0.5638251304626465
