train_sample_num,rmse,nrmse,r2,time
8,361.34705,0.04499458,0.6867488037315641,0.6041197776794434
16,197.58804,0.106800795,0.906337644951228,0.5949506759643555
32,182.48048,0.082853824,0.9201129060151815,0.5648901462554932
64,149.42336,0.09942488,0.9464350491629023,0.6031122207641602
