train_sample_num,rmse,nrmse,r2,time
8,511.41653,0.030950425,0.3496060065041072,0.6042451858520508
16,769.11084,0.1205016,-0.4709731992118047,0.5777039527893066
32,411.9781,0.09041263,0.5779390742689292,0.5777688026428223
64,161.20006,0.08277637,0.9353814323536882,0.5956830978393555
