train_sample_num,rmse,nrmse,r2,time
8,730.01825,0.057377454,-0.2785306890608463,0.573789119720459
16,299.89267,0.02404775,0.7842377613599896,0.5784177780151367
32,266.0539,0.04436116,0.8301822861822132,0.5695929527282715
64,68.96302,0.09300763,0.9885902461820608,0.5874395370483398
