train_sample_num,rmse,nrmse,r2,time
8,660.17566,0.1647243,-0.04559317696112841,0.5851397514343262
16,302.92764,0.087328166,0.7798485729566066,0.5647666454315186
32,162.33139,0.1254347,0.9367808325116824,0.5824368000030518
64,65.26827,0.055455834,0.9897800694845247,0.5860438346862793
