train_sample_num,rmse,nrmse,r2,time
8,3331.4495,0.09195369,-26.599001134938526,0.5714716911315918
16,1537.6696,0.06830896,-4.879669852636942,0.5924639701843262
32,598.12866,0.056853864,0.11035614783496539,0.5911452770233154
64,352.4076,0.049253967,0.6911714574822867,0.6021361351013184
