train_sample_num,rmse,nrmse,r2,time
8,171.23611,0.022268647,0.9080077185744854,0.5723764896392822
16,112.13975,0.05619205,0.9605470225142577,0.581406831741333
32,283.32672,0.11194224,0.7481535812256057,0.5753536224365234
64,106.144615,0.08082171,0.9646526707264435,0.6018922328948975
