rmse,nrmse,r2,mae
0.3908627632088616,0.1975618415270058,0.9997356737926223,0.33048000480385314
0.3788084332063727,0.2021403090273504,0.9997517261913815,0.3183511376024146
