rmse,nrmse,r2,mae
0.36460446863506535,0.19303635098723637,0.99977654273411,0.31251784372131175
0.34689021295528727,0.19126698061858846,0.9997977285441207,0.2923460890837333
