rmse,nrmse,r2,mae
0.36878213847233215,0.24810846734777656,0.9997454175111743,0.31477298472033594
0.37119747983244095,0.23598798774586688,0.9997420718107818,0.31431166303153313
