rmse,nrmse,r2,mae
0.38558929714778956,0.21828026167824396,0.9997176135335011,0.33218597697240965
0.38991140903634425,0.2101995190286431,0.9997112474527824,0.33673584396976286
