rmse,nrmse,r2,mae
0.3646489368079442,0.2146397381670945,0.9997550638019888,0.30943748425669354
0.36481720165955067,0.2353241023769961,0.9997548377014419,0.3076597103897889
