rmse,nrmse,r2,mae
0.38244462974333204,0.19888507962863408,0.9997353932930721,0.3230457298664031
0.3789325377099796,0.21895353422810485,0.9997402308874492,0.3170327025801539
