train_sample_num,rmse,nrmse,r2,time
8,3.311176,0.12625313,0.3962786936767404,0.8263509273529053
16,5.015438,0.11409871,-0.38512726268763275,0.8345444202423096
32,1.1257476,0.12282499,0.9302163069055475,0.84303879737854
64,1.1659212,0.118338145,0.9251468095821396,0.8646185398101807
