train_sample_num,rmse,nrmse,r2,time
8,4.0280833,0.12601991,0.10655282893886442,0.6515438556671143
16,5.164488,0.108400896,-0.4686774276822756,0.6612460613250732
32,1.9534858,0.08165346,0.7898678841193774,0.6612040996551514
64,1.2602328,0.10461312,0.912547241517029,0.6689245700836182
