train_sample_num,rmse,nrmse,r2,time
8,2.4803724,0.09038895,0.6207367079930549,0.8624918460845947
16,5.2212796,0.12352872,-0.6805868398581643,0.8895485401153564
32,3.6743762,0.11947724,0.16771068947229084,0.8481025695800781
64,3.8305182,0.119913176,0.09547166261432538,0.8647732734680176
