train_sample_num,rmse,nrmse,r2,time
8,4.30951548778014,0.056468425372266616,-0.14489045223766106,2.733370780944824
16,2.117610284637102,0.03133662993590752,0.7235611249227281,2.590654134750366
32,1.3695164235870205,0.03337878705279265,0.8843777193718553,3.2966740131378174
64,0.7932090855438916,0.054976986460687695,0.9612133383215816,8.811079025268555
