train_sample_num,rmse,nrmse,r2,time
8,9.43347440391491,0.06771507743876228,-3.900216721528208,2.6723148822784424
16,7.234334263452136,0.06485324487627911,-1.8818347918672655,2.5992627143859863
32,0.7822610629162601,0.13187772335829656,0.9663042315867125,3.2308125495910645
64,0.6186316574632841,0.13747449089487954,0.9789265219961718,8.808368682861328
