train_sample_num,rmse,nrmse,r2,time
8,2.7200391,0.096904896,0.5439028839466119,0.8726496696472168
16,3.2784667,0.052852307,0.3374043453156038,0.8813657760620117
32,1.7265073,0.32129776,0.8162429888089315,0.8727786540985107
64,1.3102186,0.24720891,0.8941734750651438,0.900986909866333
