train_sample_num,rmse,nrmse,r2,time
8,3.951886,0.12691769,0.14003514447602183,0.9062385559082031
16,5.1512046,0.1083722,-0.4611322462017382,1.0020182132720947
32,1.3372337,0.08798577,0.9015339525179571,0.9320838451385498
64,1.0936109,0.15920772,0.9341436588189825,1.007544994354248
