train_sample_num,rmse,nrmse,r2,time
8,1.6641575,0.10792033,0.847503187931666,0.5505638122558594
16,2.271117,0.14843248,0.7159786311857471,0.5481467247009277
32,1.2688164,0.13419674,0.9113518898288415,0.5558342933654785
64,0.88321006,0.17475012,0.9570463584198315,0.5745749473571777
