train_sample_num,rmse,nrmse,r2,time
8,2.231861,0.08386338,0.6695562207699262,0.5581114292144775
16,0.9685726,0.1878972,0.9377660177031977,0.5440046787261963
32,1.7339894,0.06651971,0.800539866028023,0.5583493709564209
64,0.84160715,0.16580382,0.9530125283307442,0.5969247817993164
