train_sample_num,rmse,nrmse,r2,time
8,1.63456,0.061086446,0.8352942305783483,0.577946662902832
16,2.2204404,0.05454707,0.6960617705620743,0.5581893920898438
32,0.8914052,0.1263124,0.951015647718322,0.6043605804443359
64,0.21075842,0.09175684,0.9972617261087766,0.5960156917572021
