train_sample_num,rmse,nrmse,r2,time
8,1.817544,0.103271626,0.7808542405025034,0.5806012153625488
16,0.41730344,0.07567699,0.9884477345385874,0.567619800567627
32,1.2865833,0.09076661,0.8901907172761603,0.5695548057556152
64,0.53018075,0.08339594,0.981352903311255,0.5922496318817139
