train_sample_num,rmse,nrmse,r2,time
8,2.1723318,0.05100045,0.7090895163820214,0.575098991394043
16,3.252639,0.05309801,0.3478029648076377,0.5682594776153564
32,1.7541813,0.21867587,0.8103049768569327,0.5735766887664795
64,1.68324,0.23614283,0.8253376899744359,0.5895936489105225
