train_sample_num,rmse,nrmse,r2,time
8,12.499153690582764,0.10713828629943747,0.6136844187268554,2.682543992996216
16,12.38212067557166,0.1160216611616467,0.6208849082399017,2.6248037815093994
32,12.450667817603088,0.11610834771362999,0.6166757442110756,3.033592700958252
64,11.589604361541452,0.09610369889253542,0.6678622574302626,7.885008096694946
