train_sample_num,rmse,nrmse,r2,time
8,13.985544290760284,0.11265201194103723,0.6124203085906073,2.702878952026367
16,13.495230690487718,0.1109374414395824,0.6391199348745704,2.608851671218872
32,13.413552622535619,0.12570745902439256,0.6434750715053972,3.034946918487549
64,13.455464326858452,0.1184474148606523,0.6412436101731495,8.020374059677124
