train_sample_num,rmse,nrmse,r2,time
8,13.031024064433781,0.11012533730203602,0.6265662588987483,2.692270278930664
16,13.178026851287024,0.10670961172533928,0.6180933346334788,2.6725876331329346
32,13.029215919610454,0.09053010386416833,0.626669884743748,3.1034536361694336
64,12.131313116121555,0.07135341307566845,0.6763526268950859,7.901566982269287
