train_sample_num,rmse,nrmse,r2,time
8,2.606902,0.08510352,0.0746528970091408,0.6316018104553223
16,3.012653,0.11443313,-0.235815132617748,0.6206533908843994
32,2.902566,0.11905537,-0.14714798304701482,0.6327846050262451
64,2.9674947,0.12344851,-0.1990441676004191,0.6533522605895996
