train_sample_num,rmse,nrmse,r2,time
8,2.564899,0.10968396,0.1598065089480838,0.6211280822753906
16,2.5846803,0.110230155,0.14679682087209467,0.6251590251922607
32,2.5477219,0.11068099,0.1710223194558671,0.6259715557098389
64,2.6691513,0.118532084,0.09011772745608482,0.6629343032836914
