train_sample_num,rmse,nrmse,r2,time
8,3.4010005,0.1455234,-0.5034910809104873,0.6241168975830078
16,3.4213092,0.13326691,-0.5215004214489352,0.6408734321594238
32,3.2447355,0.13632408,-0.3685039105520109,0.6350851058959961
64,3.1027772,0.13917373,-0.2513782358149639,0.664036750793457
