train_sample_num,rmse,nrmse,r2,time
8,2.836134,0.12118772,-0.02728821717067431,0.8150134086608887
16,2.7580912,0.12260622,0.028470411689018982,0.829951286315918
32,2.6582773,0.112577215,0.0975162357647883,0.8327906131744385
64,2.5836794,0.11184373,0.14745750365653865,0.8735527992248535
