train_sample_num,rmse,nrmse,r2,time
8,3.0495198,0.10891266,-0.26624629434890035,0.6525959968566895
16,2.8854177,0.11209674,-0.13363342585950666,0.6621494293212891
32,2.863641,0.11851068,-0.11658651958045385,0.6689836978912354
64,2.850186,0.11963856,-0.10611869978335253,0.6867456436157227
