train_sample_num,rmse,nrmse,r2,time
8,2.7140815,0.11959692,0.05922755743667851,0.6704177856445312
16,2.6702788,0.11911236,0.08934891626647323,0.6778373718261719
32,2.6765852,0.1161748,0.08504256296942614,0.6740567684173584
64,2.6185145,0.11645093,0.12431335312772607,0.7101752758026123
