train_sample_num,rmse,nrmse,r2,time
8,2.9571838,0.1356886,-0.13669522836026737,0.6552929878234863
16,3.046459,0.1250012,-0.20636328969090423,0.6808905601501465
32,2.8896823,0.13154268,-0.08539443189437712,0.67024827003479
64,2.8613777,0.14127651,-0.06423552252801956,0.6842210292816162
