train_sample_num,rmse,nrmse,r2,time
8,2.94505,0.14727111,-0.12738617227870042,0.8227283954620361
16,3.011653,0.1324505,-0.17895520475834314,0.8136241436004639
32,2.7933958,0.13510045,-0.014267190313423717,0.844585657119751
64,2.8351827,0.13543431,-0.04483951133731301,0.8632962703704834
