train_sample_num,rmse,nrmse,r2,time
8,1.9847645906599813,0.06184549345458503,0.4636191464282968,2.5668179988861084
16,1.586811271797575,0.08977896178969227,0.6571486892858662,2.8064801692962646
32,1.5434032342768926,0.12457707901572514,0.6756498728467442,4.018090724945068
64,1.562763199144521,0.09368322700303372,0.6674617462702954,8.312183618545532
