train_sample_num,rmse,nrmse,r2,time
8,2.8725370289232512,0.11863602336889825,-0.053828823477859444,2.6045849323272705
16,2.290957994799954,0.0853649264232173,0.32969408132497613,2.7581491470336914
32,1.8632411875265442,0.0869692297427902,0.5566191281009005,3.905010938644409
64,1.7043113233121652,0.09680309262958046,0.6290318192538964,8.778600931167603
