train_sample_num,rmse,nrmse,r2,time
8,2.237452135009795,0.08306752356589145,0.31834791524242867,0.9710054397583008
16,1.7110952121423442,0.089299588194986,0.6013391277012643,1.0963685512542725
32,1.6098882094026516,0.137795464022128,0.6471040291486037,1.5082120895385742
64,1.6076923227780267,0.08140581511701632,0.6480660724045775,2.8494420051574707
