train_sample_num,rmse,nrmse,r2,time
8,2.546528813272114,0.09510054658189732,0.17179854277254514,1.040743350982666
16,2.3946714860541403,0.08612416760776126,0.26762976170021047,1.21651291847229
32,1.9687375790326263,0.09889473229627513,0.5049894401470123,1.490307092666626
64,1.787293261252735,0.10126681148107536,0.5920279251475619,2.9485912322998047
