train_sample_num,rmse,nrmse,r2,time
8,3.0487514,0.10891151,-0.265608170186715,0.8488659858703613
16,2.8771958,0.11203273,-0.12718222944860158,0.8581507205963135
32,2.8620145,0.11846928,-0.11531860257092585,0.8582773208618164
64,2.850524,0.11964369,-0.1063808331681142,0.8732216358184814
