train_sample_num,rmse,nrmse,r2,time
8,2.7157605,0.11946394,0.05806321796556502,0.8443429470062256
16,2.6605759,0.11876055,0.09595496988396834,0.8432426452636719
32,2.6756296,0.116188705,0.08569575989666378,0.8496057987213135
64,2.6186275,0.11645875,0.12423778479607928,0.8760514259338379
