train_sample_num,rmse,nrmse,r2,time
8,1.8174045,0.08974298,0.5706706392009706,0.5829732418060303
16,1.6627418,0.14032286,0.640633962005835,0.5877685546875
32,1.6484156,0.11382114,0.6467999105763005,0.5839111804962158
64,1.7472677,0.08708437,0.6031683670474067,0.599421501159668
