train_sample_num,rmse,nrmse,r2,time
8,2.581786,0.09657686,0.14870661847288402,0.5792593955993652
16,2.065846,0.10331927,0.4549520922080649,0.5963850021362305
32,1.8983763,0.09377793,0.5397397518536289,0.5915167331695557
64,1.777265,0.097201414,0.5965932350672973,0.6048614978790283
