train_sample_num,rmse,nrmse,r2,time
8,1.7719084,0.09664347,0.5918968561788576,0.5950796604156494
16,1.6460217,0.15574642,0.6478249634219619,0.5941624641418457
32,1.6486372,0.1543846,0.646704930741141,0.5992186069488525
64,1.8864374,0.11710836,0.5374355508584342,0.6196725368499756
