train_sample_num,rmse,nrmse,r2,time
8,2.2000184,0.06763596,0.3409659125270633,0.5848498344421387
16,1.8289622,0.07552302,0.5445248538592831,0.6002347469329834
32,1.5318524,0.13064682,0.6804865989064817,0.5976498126983643
64,1.8145626,0.09065684,0.5516686188225473,0.6226575374603271
