train_sample_num,rmse,nrmse,r2,time
8,2.1216588,0.10692,0.41488859087715657,0.5948996543884277
16,2.1246724,0.096174575,0.41322532088648445,0.6040401458740234
32,1.6400245,0.15782364,0.6503865549650081,0.6036500930786133
64,1.8834052,0.079619355,0.5389214472091624,0.620013952255249
