train_sample_num,rmse,nrmse,r2,time
8,0.5032695,0.16746627,0.6447363908741469,0.5994584560394287
16,0.5114755,0.16049121,0.6330565676627777,0.5939257144927979
32,0.53104204,0.1592113,0.6044445773169178,0.5948069095611572
64,0.44908726,0.17665477,0.7171143035156682,0.6156785488128662
