train_sample_num,rmse,nrmse,r2,time
8,0.47916737,0.14477888,0.7077240529175137,0.5837531089782715
16,0.5010543,0.16523829,0.6804137339358285,0.5925474166870117
32,0.49447906,0.15553245,0.6887464535315144,0.595609188079834
64,0.5145245,0.15435779,0.6629994182843323,0.6146233081817627
