train_sample_num,rmse,nrmse,r2,time
8,0.5506631050308266,0.1767284849348153,0.59923952749586,2.6899142265319824
16,0.5225585830256798,0.1277794423298449,0.6391033155528991,2.5943665504455566
32,0.4344559803914041,0.1743682800232139,0.7505379534479274,3.197420358657837
64,0.4344646968031592,0.18068798394435956,0.7505279435236746,8.602227926254272
