train_sample_num,rmse,nrmse,r2,time
8,0.4661229021872483,0.17633786557804876,0.6952452939790046,2.6876823902130127
16,0.44472232924353733,0.1634753056787656,0.7225866170533364,2.6104791164398193
32,0.43896808946541443,0.1642825194173793,0.7297190490274688,3.178121328353882
64,0.4394920183971023,0.16920662376394013,0.7290734781024368,8.547600984573364
