train_sample_num,rmse,nrmse,r2,time
8,0.7193144,0.21213657,0.31616635069899235,0.5596053600311279
16,0.7074967,0.20938289,0.3384514205256063,0.5462214946746826
32,0.4321359,0.16757748,0.7531951663048169,0.5670371055603027
64,0.43118587,0.1765294,0.7542791545709622,0.5607624053955078
