train_sample_num,rmse,nrmse,r2,time
8,0.46942768,0.15043013,0.6909085937132917,0.5548300743103027
16,0.44701254,0.15215239,0.7197220485906436,0.5534787178039551
32,0.47126862,0.1845124,0.6884795087769178,0.5564954280853271
64,0.44916803,0.18443756,0.7170125493843542,0.5711767673492432
