train_sample_num,rmse,nrmse,r2,time
8,0.5203321,0.1586937,0.6202385953708096,0.5655760765075684
16,0.43747094,0.14507604,0.7315595578941272,0.563941478729248
32,0.4433467,0.14669259,0.7243001447331563,0.5762627124786377
64,0.44120812,0.16765578,0.7269535593098104,0.5920324325561523
