train_sample_num,rmse,nrmse,r2,time
8,0.49099702,0.18222807,0.6618516617899519,0.5664279460906982
16,0.46701437,0.1642665,0.6940784868577642,0.5731105804443359
32,0.50036824,0.18126225,0.6488206650482669,0.5710854530334473
64,0.45638987,0.18795943,0.7078395014753547,0.576134204864502
