train_sample_num,rmse,nrmse,r2,time
8,0.6973805,0.1730376,0.35723460236100957,0.5659492015838623
16,0.67111886,0.17384787,0.40473310214098024,0.5710484981536865
32,0.4499405,0.16692942,0.7324388357835716,0.5741660594940186
64,0.43868336,0.17579879,0.7456596701505688,0.5898945331573486
