train_sample_num,rmse,nrmse,r2,time
8,0.4788745,0.15024652,0.708081259455682,0.562352180480957
16,0.51662916,0.17374513,0.6602368219370749,0.5798091888427734
32,0.49315622,0.16486406,0.6904094881372401,0.5819764137268066
64,0.44435123,0.16056268,0.7486544053852566,0.5859906673431396
