train_sample_num,rmse,nrmse,r2,time
8,1.2095499,0.10929606,0.6100452056110357,0.596193790435791
16,0.3355629,0.03732203,0.9699866432732467,0.5990612506866455
32,0.38464186,0.06590143,0.9605651834293588,0.5913865566253662
64,0.3306227,0.2582025,0.9708638575632204,0.6248519420623779
