train_sample_num,rmse,nrmse,r2,time
8,1.601969,0.1210049,0.34802643583880644,0.58890700340271
16,0.9948191,0.16091987,0.7485741034351789,0.6025881767272949
32,0.45920116,0.09766372,0.9464292497672196,0.6040313243865967
64,0.34521413,0.13032018,0.969723970637699,0.6248388290405273
