train_sample_num,rmse,nrmse,r2,time
8,4.5706525,0.192402,-4.307355120466817,0.8684248924255371
16,1.9851612,0.15989573,-0.0011826877243488187,0.8731942176818848
32,1.935,0.07472025,0.04877399290237072,0.8736224174499512
64,1.5574325,0.099397846,0.3837737409625114,0.8837511539459229
