train_sample_num,rmse,nrmse,r2,time
8,1.5883901,0.121392936,0.3590323757048224,0.6257607936859131
16,0.8525445,0.10309603,0.8153472026776953,0.6307697296142578
32,0.8429445,0.120204926,0.819482327073899,0.6347830295562744
64,0.657192,0.120678365,0.8902748178147741,0.6494672298431396
