train_sample_num,rmse,nrmse,r2,time
8,1.5229293,0.14387329,0.358053638929835,0.654557466506958
16,1.2821784,0.109506674,0.5449740346304266,0.6285195350646973
32,1.1417942,0.11137916,0.6391597837574549,0.6374707221984863
64,1.0325539,0.10422091,0.7049030669031928,0.647700309753418
