train_sample_num,rmse,nrmse,r2,time
8,1.3310449,0.1245339,0.5277716329881202,0.8703484535217285
16,1.6306794,0.11244063,0.2912323949377099,0.8841371536254883
32,1.9737802,0.113640085,-0.03839905327090776,0.886836051940918
64,2.0767224,0.08601811,-0.14953867877740046,0.8999896049499512
