train_sample_num,rmse,nrmse,r2,time
8,1.8991685,0.15498851,0.0016882286239392474,0.8757336139678955
16,1.5491861,0.10724205,0.3357272569092903,0.8509178161621094
32,1.6686186,0.15199341,0.2293567298479796,0.8844192028045654
64,1.3661572,0.1210912,0.4834164561161901,0.9144647121429443
