train_sample_num,rmse,nrmse,r2,time
8,1.0171397616268587,0.08154719761148557,0.7371651018620708,2.6929614543914795
16,1.0090014158385192,0.07896581497513931,0.7413542682099035,2.6043834686279297
32,0.96284256236695,0.08052978544242581,0.7644775422507916,3.2864878177642822
64,0.9017432281132868,0.07727846561801585,0.7934203468859877,8.638115644454956
