train_sample_num,rmse,nrmse,r2,time
8,0.9344770154622659,0.07120606062756256,0.758300086456617,2.6549017429351807
16,0.9046105890037137,0.07294069704610967,0.7735029335181622,2.576781988143921
32,0.8382774675233443,0.07189679806202508,0.8055021375684296,3.2893266677856445
64,0.790522038680967,0.06812901209598833,0.827031423499621,8.460443019866943
