train_sample_num,rmse,nrmse,r2,time
8,1.1526957,0.10130754,0.6458428388849808,0.7819881439208984
16,0.6126914,0.060136132,0.8999423420246954,0.790553092956543
32,0.6131947,0.056880735,0.8997779014198702,0.8239114284515381
64,0.586463,0.05980741,0.9083256403985712,0.8159539699554443
