train_sample_num,rmse,nrmse,r2,time
8,1.5337869,0.14655037,0.34886766354217136,0.7934424877166748
16,1.2982113,0.11128477,0.5335231928442986,0.8093082904815674
32,1.1944556,0.11579931,0.6051071082848885,0.7932906150817871
64,1.0638015,0.105410896,0.6867721043741029,0.8152847290039062
