train_sample_num,rmse,nrmse,r2,time
8,2.513906,0.17087138,-0.6055351553304575,0.5728509426116943
16,0.9578702,0.10783497,0.7669038379874268,0.5952243804931641
32,0.54344195,0.086302616,0.9249711852689618,0.6254527568817139
64,0.32278493,0.09886784,0.9735303448854263,0.6035640239715576
