train_sample_num,rmse,nrmse,r2,time
8,0.7778304,0.05848611,0.8387363244045223,0.5652344226837158
16,0.3766576,0.05540366,0.9621853383722895,0.5550844669342041
32,0.44990903,0.12531668,0.9460469305440387,0.565650463104248
64,0.43568698,0.14909793,0.9494040355875832,0.5679094791412354
