train_sample_num,rmse,nrmse,r2,time
8,0.9306862,0.072362304,0.7602570825126163,0.5447676181793213
16,0.7740619,0.073889755,0.8341594784346402,0.5650219917297363
32,0.6377476,0.063498035,0.8874263114257759,0.57273268699646
64,0.48779887,0.07845105,0.934140138606414,0.5762896537780762
