train_sample_num,rmse,nrmse,r2,time
8,1.3885807,0.15014628,0.46631928296048775,0.560772180557251
16,1.3089778,0.10320311,0.5257538377619938,0.5735182762145996
32,0.37683672,0.07489215,0.960695191801192,0.5739796161651611
64,0.33790332,0.08334395,0.9683973003463259,0.6023836135864258
