train_sample_num,rmse,nrmse,r2,time
8,1.4848762,0.11181914,0.41231144412282217,0.5715489387512207
16,0.33928084,0.03799955,0.9693178800707896,0.5783557891845703
32,0.3842838,0.061441068,0.9606385717901288,0.5761263370513916
64,0.33922756,0.15420271,0.9693275179040121,0.5984194278717041
