train_sample_num,rmse,nrmse,r2,time
8,1.1149452,0.09652848,0.668660107663398,0.5707650184631348
16,0.33808535,0.037209928,0.9695337231372502,0.5637404918670654
32,0.41602734,0.069778025,0.9538671333524229,0.5645575523376465
64,0.36734146,0.20536564,0.9640328061231414,0.579833984375
