train_sample_num,rmse,nrmse,r2,time
8,1.5323648,0.13833857,0.3500745001881581,0.5734097957611084
16,1.0355021,0.098383226,0.7032155549050495,0.5746805667877197
32,0.5589637,0.0728873,0.9135218369758754,0.579179048538208
64,0.45259067,0.09580737,0.9433042594435932,0.6029162406921387
