train_sample_num,rmse,nrmse,r2,time
8,1.418525445869283,0.3999679252232226,-8.381273029731517,2.704807758331299
16,1.3909468456716159,0.38801814414006713,-8.020042467925347,2.5903780460357666
32,1.3475899941900535,0.3698804942832077,-7.466483566559651,2.9474384784698486
64,1.222784812070996,0.34718774322646084,-5.970879668201391,7.874930381774902
