train_sample_num,rmse,nrmse,r2,time
8,1.444263753494828,0.3694712554959262,-7.122495617727797,2.718783378601074
16,1.4170125831827092,0.36324330902579693,-6.818867894547771,2.6310105323791504
32,1.3702473441613134,0.37576377007876005,-6.311296555162322,2.99379825592041
64,1.2496499579325047,0.3554561057904867,-5.080975023287345,7.982696533203125
