train_sample_num,rmse,nrmse,r2,time
8,1.4333937254908113,0.3802114741728451,-8.59366644001621,2.7162299156188965
16,1.4085924651972344,0.3701433024066042,-8.264550186889355,2.580779790878296
32,1.352406003728608,0.39142103046342236,-7.540195184027162,2.996577024459839
64,1.2341118974266734,0.36875539157151566,-6.111524239386214,7.981039762496948
