train_sample_num,rmse,nrmse,r2,time
8,0.28176615,0.12634884,0.5638147853276649,0.5866258144378662
16,0.17891985,0.071750045,0.8241224667177278,0.5978403091430664
32,0.13237955,0.11525486,0.9037202209032711,0.6193668842315674
64,0.082496814,0.11715156,0.9626089489727383,0.6247217655181885
