train_sample_num,rmse,nrmse,r2,time
8,0.33930662,0.21884933,0.3674744889297541,0.8649148941040039
16,0.4189507,0.07186071,0.03568437454789419,0.8746895790100098
32,0.432915,0.06879635,-0.02967127000507963,0.8769731521606445
64,0.4535046,0.06292799,-0.1299435659481567,0.9204871654510498
