train_sample_num,rmse,nrmse,r2,time
8,0.27615887,0.06299362,0.5778993418059154,0.6371982097625732
16,0.233077,0.11492141,0.6993252906029008,0.6189126968383789
32,0.26877654,0.12935063,0.600165059771384,0.6402904987335205
64,0.20797716,0.06551588,0.7605971366150575,0.6478235721588135
