train_sample_num,rmse,nrmse,r2,time
8,0.4015583,0.08828288,0.10752664516187083,0.8616406917572021
16,0.39944282,0.055474013,0.11690526419698344,0.8717222213745117
32,0.4531925,0.066421814,-0.13674608391901844,0.8787128925323486
64,0.4404124,0.06594613,-0.0735372520423292,0.9039332866668701
