train_sample_num,rmse,nrmse,r2,time
8,0.2699225,0.12171347,0.5997129941846582,0.6210551261901855
16,0.20834467,0.08455157,0.7615166037846183,0.6292264461517334
32,0.17170352,0.05116585,0.8380235874047676,0.6457889080047607
64,0.20457976,0.058205936,0.7700578130431655,0.6500020027160645
