train_sample_num,rmse,nrmse,r2,time
8,0.26127172,0.053085778,0.6669435346701411,0.6323862075805664
16,0.22692575,0.073931314,0.7487531808339087,0.6308999061584473
32,0.19671908,0.061221205,0.8111895665100897,0.6340508460998535
64,0.26610225,0.06100155,0.6545142461264466,0.6414752006530762
