train_sample_num,rmse,nrmse,r2,time
8,0.45000705,0.05234917,0.011966476253390868,0.8662452697753906
16,0.46045005,0.0629576,-0.03442275903126357,0.8705651760101318
32,0.44862252,0.061220355,0.018036887658068324,0.8846530914306641
64,0.43153262,0.0524013,0.09142609122841017,0.9151723384857178
