train_sample_num,rmse,nrmse,r2,time
8,1.3802173077434639,0.39340217808951405,-9.466181599205798,2.683603048324585
16,1.353312104616003,0.3466078865732078,-9.062114626268661,2.598693370819092
32,1.3024538136135566,0.32196689167558135,-8.320044611078277,3.2913320064544678
64,1.2066644256616972,0.28134296278023946,-6.999564532871341,8.631274223327637
