train_sample_num,rmse,nrmse,r2,time
8,1.4078355826226305,0.3653698696146089,-9.969880886710428,2.7194669246673584
16,1.3681998301237193,0.36229180617781137,-9.360890907635603,2.5821242332458496
32,1.3077454323460218,0.3333298331563192,-8.465519624391161,3.261953592300415
64,1.2043329189161238,0.33256709057805234,-7.027700316831497,8.630783557891846
