train_sample_num,rmse,nrmse,r2,time
8,0.26397827,0.05384778,0.660007444630004,0.7949166297912598
16,0.24041395,0.08282806,0.7179978850709874,0.8080770969390869
32,0.19663875,0.0609821,0.8113437135709007,0.7866251468658447
64,0.27393517,0.06281027,0.6338756397285339,0.8343784809112549
