train_sample_num,rmse,nrmse,r2,time
8,0.2698135,0.12160643,0.6000361727881236,0.7883341312408447
16,0.23190679,0.09798404,0.7045253587795928,0.7920129299163818
32,0.17179134,0.052522454,0.8378578548507328,0.7923967838287354
64,0.20938662,0.05957707,0.7591253223070586,0.8093600273132324
