train_sample_num,rmse,nrmse,r2,time
8,0.27660936,0.063151985,0.5765210759863777,0.8725428581237793
16,0.2577107,0.114629686,0.6324106906842198,0.8014628887176514
32,0.27922612,0.13080843,0.5684708476790072,0.8295426368713379
64,0.205571,0.06505478,0.7661045777595044,0.8529784679412842
