train_sample_num,rmse,nrmse,r2,time
8,0.26205617,0.13092446,0.6227040856388347,0.567296028137207
16,0.12345018,0.028791366,0.9162708316351651,0.5799009799957275
32,0.06339865,0.025774194,0.9779172361411658,0.5771183967590332
64,0.04103538,0.03717866,0.9907485414559251,0.5918140411376953
