train_sample_num,rmse,nrmse,r2,time
8,0.29621613,0.123897806,0.5179293429004519,0.5649404525756836
16,0.15905671,0.072899304,0.8610055992548085,0.5652287006378174
32,0.068884306,0.044953007,0.9739304261136272,0.5707459449768066
64,0.04338082,0.03392825,0.9896607547465213,0.5953972339630127
