train_sample_num,rmse,nrmse,r2,time
8,0.19111462,0.040386952,0.8217945917110024,0.5713720321655273
16,0.14628229,0.056915924,0.8955961469074343,0.5811412334442139
32,0.08322661,0.03998366,0.966204609440957,0.5724267959594727
64,0.04224128,0.020678472,0.99129422876415,0.5906906127929688
