train_sample_num,rmse,nrmse,r2,time
8,2.8838682,0.11587733,0.4482858997328508,0.6702494621276855
16,2.1825492,0.09765969,0.6839968963760112,0.5895731449127197
32,2.290534,0.1004332,0.6519539197364432,0.6370136737823486
64,1.2304238,0.12758882,0.8995678553193494,0.6739025115966797
