train_sample_num,rmse,nrmse,r2,time
8,2.8472733,0.12881346,0.5535937631365616,0.8126378059387207
16,3.2750273,0.09927911,0.40938866764969184,0.9235098361968994
32,2.0150735,0.14528409,0.7764092986547478,0.6755249500274658
64,1.5840923,0.14304565,0.8618239281233937,0.7148513793945312
