train_sample_num,rmse,nrmse,r2,time
8,2.821769,0.09843554,0.5091486901461211,0.8468704223632812
16,19.146,0.09763623,-21.597641974601526,0.834500789642334
32,2.196181,0.2675214,0.702666845998642,0.847296953201294
64,2.3454804,0.280758,0.6608664772311674,0.8690345287322998
