train_sample_num,rmse,nrmse,r2,time
8,2.2053187,0.07904149,0.7321974559334337,0.8281660079956055
16,2.3133209,0.11122855,0.705324705871179,0.838416337966919
32,1.4312153,0.11463216,0.8872070703304087,0.8429014682769775
64,1.3919108,0.08729003,0.8933171062760068,0.883552074432373
