train_sample_num,rmse,nrmse,r2,time
8,2.5285192,0.14334087,0.5758731727933073,0.8432917594909668
16,2.0561714,0.28921232,0.7195329213332566,0.8339657783508301
32,2.382486,0.11467406,0.6234488689041635,0.8356266021728516
64,1.5192137,0.25010788,0.8468909101786585,0.8861730098724365
