train_sample_num,rmse,nrmse,r2,time
8,2.5447066,0.1506319,0.5704252906467215,0.6481871604919434
16,1.8050827,0.1857419,0.7838488925534471,0.6272997856140137
32,2.19796,0.15157449,0.6795186400110683,0.663642406463623
64,1.3446057,0.10428629,0.8800630327387432,0.6806259155273438
