train_sample_num,rmse,nrmse,r2,time
8,2.5508428,0.13628697,0.5988799581698631,0.6335561275482178
16,3.2799447,0.062073413,0.3368067720547372,0.62856125831604
32,1.8200372,0.24266848,0.79579442632975,0.6436150074005127
64,1.0914031,0.29665235,0.9265693429188944,0.6689889430999756
