train_sample_num,rmse,nrmse,r2,time
8,11.652058399398475,0.06544402647569303,-6.476136848153843,2.6825265884399414
16,9.580373273143623,0.06041248073106235,-4.054018161050246,2.526456832885742
32,0.7001432543565473,0.07166024084512994,0.9730073356130795,3.2766940593719482
64,0.5773866009061049,0.07841469121987378,0.9816428464928098,8.674586057662964
