train_sample_num,rmse,nrmse,r2,time
8,4.02150691663262,0.03498867077187937,0.003024050181883897,2.681218385696411
16,2.31321090879939,0.02591269483931946,0.6701340370942663,2.540813684463501
32,0.926878719695301,0.02085278269332321,0.9470394039284966,3.265575647354126
64,0.5257600941914011,0.038925893118460536,0.9829595020632873,8.782387495040894
