train_sample_num,rmse,nrmse,r2,time
8,3.2591639,0.07061532,0.41509634697946274,0.8597054481506348
16,3.756601,0.07162409,0.22292647919958652,0.8972728252410889
32,1.1701125,0.23391686,0.9246076703201135,0.9285306930541992
64,0.9597184,0.26028562,0.9492822927641911,0.8851139545440674
