train_sample_num,rmse,nrmse,r2,time
8,2.5444255,0.15061964,0.5705202306254371,0.8689970970153809
16,1.4096676,0.28397626,0.8681753385037487,0.8869929313659668
32,2.1325598,0.14657958,0.6983067068039812,0.8870110511779785
64,1.3090323,0.10697393,0.8863252667445277,0.8984708786010742
