train_sample_num,rmse,nrmse,r2,time
8,2.3823595,0.09859887,0.6234888850230622,0.5539300441741943
16,1.1323551,0.25153628,0.9149393891332492,0.5558371543884277
32,2.0109677,0.080166936,0.7317292006424573,0.5680346488952637
64,1.0054516,0.21633129,0.9329366055465895,0.5793664455413818
