train_sample_num,rmse,nrmse,r2,time
8,1.1943396,0.1812173,0.9214533643660802,0.5566227436065674
16,1.663408,0.18698382,0.8476405015957453,0.5706825256347656
32,1.3968118,0.20436305,0.89256451349376,0.5643374919891357
64,1.2285693,0.20341331,0.9168865609147959,0.566561222076416
