train_sample_num,rmse,nrmse,r2,time
8,1.7212524,0.0642485,0.8173598883236584,0.64103102684021
16,2.421458,0.057730924,0.6385394459321494,0.6411776542663574
32,1.0050696,0.13458167,0.9377270618232888,0.6246461868286133
64,0.22867817,0.09825557,0.9967762867792004,0.6172759532928467
