train_sample_num,rmse,nrmse,r2,time
8,1.6742088,0.14152475,0.8140558709978952,0.6390869617462158
16,0.5520745,0.10606222,0.9797810486218003,0.6259171962738037
32,1.3569543,0.09794462,0.8778499282834624,0.6140174865722656
64,0.53951734,0.09359971,0.9806903651129325,0.628629207611084
