train_sample_num,rmse,nrmse,r2,time
8,2.6218836,0.12281134,0.5439734856601263,0.6679375171661377
16,0.8219538,0.114703,0.95518142124519,0.7393436431884766
32,1.9590874,0.095812716,0.7453927143381192,0.803551197052002
64,0.74796027,0.104087345,0.9628874914821502,0.7114486694335938
