train_sample_num,rmse,nrmse,r2,time
8,3.524558,0.06792031,0.3159603980293363,0.6395668983459473
16,3.7320504,0.06404867,0.23305019131753824,0.6208958625793457
32,1.003072,0.14388867,0.9445966219002917,0.6114850044250488
64,0.6863307,0.13998623,0.9740618632138441,0.6523480415344238
