train_sample_num,rmse,nrmse,r2,time
8,0.1609543,0.28030217,0.9046397500086277,0.5855438709259033
16,0.11774132,0.43557584,0.9489706613140776,0.5824480056762695
32,0.18619701,0.24159676,0.872383278011642,0.6033599376678467
64,0.13525373,0.3708654,0.9326619189806065,0.6045808792114258
