train_sample_num,rmse,nrmse,r2,time
8,0.42799494,0.26615772,0.30921940701285455,0.5911858081817627
16,0.33779854,0.22689393,0.5696930603599528,0.5926012992858887
32,0.16765279,0.45983627,0.894005234191946,0.6007640361785889
64,0.1793296,0.42358378,0.8787262438595619,0.6081619262695312
