train_sample_num,rmse,nrmse,r2,time
8,0.37840962,0.24130768,0.4729078104565898,0.6213483810424805
16,0.2545857,0.18650343,0.7614220843580476,0.6335499286651611
32,0.16455497,0.19921413,0.9003254550701583,0.6336326599121094
64,0.06251401,0.09880942,0.9856147669437698,0.6670677661895752
