train_sample_num,rmse,nrmse,r2,time
8,0.41573194,0.14526445,0.35420778244203677,0.8392086029052734
16,0.43280083,0.11481037,0.30009000495979743,0.8300094604492188
32,0.57317567,0.4377617,-0.2275565883912012,0.83670973777771
64,0.4580441,0.15187584,0.2160639064151203,0.8699440956115723
