train_sample_num,rmse,nrmse,r2,time
8,0.40124652,0.12124632,0.4073683920844339,0.8267834186553955
16,0.39857563,0.15078042,0.41523184456431295,0.8372509479522705
32,0.37582624,0.13763998,0.480080101179572,0.8405771255493164
64,0.34616235,0.11313385,0.5589154405419009,0.8630671501159668
