train_sample_num,rmse,nrmse,r2,time
8,0.51884073,0.109572,-0.015151797866260974,0.8574304580688477
16,0.62640816,0.07530809,-0.47971358889645943,0.8291547298431396
32,0.32374159,0.067087464,0.6047609730201122,0.8368606567382812
64,0.32572263,0.071619764,0.5999090443009456,0.8595020771026611
