train_sample_num,rmse,nrmse,r2,time
8,0.04889644077769557,0.04309194250125334,0.9911993099915026,2.766921281814575
16,0.02098531431963523,0.08157243070843961,0.998378962036608,3.3790283203125
32,0.014830470870926801,0.03327402421364367,0.9991903969992176,4.1773481369018555
64,0.013780506786727617,0.02584017152252528,0.9993009751621412,9.170857191085815
