train_sample_num,rmse,nrmse,r2,time
8,0.24819621399557878,0.17808486244376676,0.7698259652003769,1.0502045154571533
16,0.15655488475698165,0.04129143824924866,0.9084202884189732,1.0412044525146484
32,0.2057372455601988,0.06146495516205138,0.8418417437597363,1.1187801361083984
64,0.09615250148833535,0.04142105146750302,0.9654548406537244,3.2772467136383057
