train_sample_num,rmse,nrmse,r2,time
8,0.0515204131819874,0.03664489011746058,0.9900819863791144,2.806155204772949
16,0.04013203720570888,0.028355897273622095,0.9939820518972061,3.281245470046997
32,0.01888389936763724,0.025666254760873287,0.9986675547265877,3.8574612140655518
64,0.009551301144871526,0.0355673994470235,0.9996591281777829,9.156498193740845
