train_sample_num,rmse,nrmse,r2,time
8,0.40843410762178245,0.09714599829598108,0.37091863249872403,1.030827283859253
16,0.38354326073440087,0.07730625296024794,0.44525738393857095,1.0133166313171387
32,0.05251426669804391,0.15992395592225492,0.9896003809987923,1.091923713684082
64,0.0408471946347092,0.24080265179818608,0.9937080206662314,2.880173683166504
