train_sample_num,rmse,nrmse,r2,time
8,0.16561981972414874,0.09238166177096502,0.8965602569321716,2.881004571914673
16,0.11354789290559696,0.06001442472065347,0.9513793257740415,3.500605583190918
32,0.013509183678848187,0.09357792144575933,0.9993117899168897,3.904670238494873
64,0.011047111924513379,0.08502937204795857,0.9995397854699928,8.02363133430481
