train_sample_num,rmse,nrmse,r2,time
8,0.40258455,0.27394742,0.3888088315854945,0.899404764175415
16,0.3472677,0.15485613,0.5452302706797996,0.8579638004302979
32,0.17917934,0.12763742,0.8789294031416663,0.8878903388977051
64,0.17809053,0.1293195,0.8803963426899012,0.8929665088653564
