train_sample_num,rmse,nrmse,r2,time
8,0.3866342,0.24180783,0.4497465242946195,0.854403018951416
16,0.24877277,0.18353738,0.7721925576443394,0.8550658226013184
32,0.1621092,0.19956243,0.9032663532241992,0.8727066516876221
64,0.057722673,0.100317664,0.987735351784614,0.897136926651001
