train_sample_num,rmse,nrmse,r2,time
8,0.91652167,0.11777752,-2.1677309553810478,0.5532371997833252
16,0.63293993,0.10339248,-0.5107332990402134,0.5596897602081299
32,0.12783827,0.26136148,0.9383710719708095,0.5617790222167969
64,0.13632077,0.27573082,0.929921170439735,0.5681288242340088
