train_sample_num,rmse,nrmse,r2,time
8,0.16853952,0.15063126,0.8938623373425556,0.5673351287841797
16,0.16009963,0.29210123,0.9042262255237259,0.5736243724822998
32,0.12363749,0.27466446,0.9428828642992138,0.5750653743743896
64,0.08792054,0.21772553,0.9711167059274064,0.5872457027435303
