train_sample_num,rmse,nrmse,r2,time
8,0.13043958,0.09581994,0.9373702019960171,0.5700953006744385
16,0.08015308,0.3300057,0.9763515540491676,0.5779035091400146
32,0.13000159,0.16613577,0.9377900938021112,0.576387882232666
64,0.09053686,0.22499312,0.9698273776519408,0.5844545364379883
