train_sample_num,rmse,nrmse,r2,time
8,0.24616699,0.05938935,0.7714809406498848,0.5761339664459229
16,0.19954214,0.086310774,0.8498476870419014,0.5693953037261963
32,0.09250772,0.4133992,0.9677285290537964,0.583967924118042
64,0.08050929,0.27555725,0.975556980877813,0.5921056270599365
