train_sample_num,rmse,nrmse,r2,time
8,0.14125842,0.33350095,0.9265501512914041,0.5612516403198242
16,0.10864193,0.27673495,0.9565532643324334,0.5679798126220703
32,0.095968135,0.21722151,0.9660986998806952,0.5698068141937256
64,0.07859327,0.30273688,0.9772630102301715,0.5913941860198975
