train_sample_num,rmse,nrmse,r2,time
8,0.23863024,0.30549803,0.7872267917449787,0.5656285285949707
16,0.24931827,0.33779103,0.7677400996270987,0.5603415966033936
32,0.11552066,0.2616526,0.9501361972774014,0.5678412914276123
64,0.08177272,0.24290803,0.9750147931759076,0.5861091613769531
