train_sample_num,rmse,nrmse,r2,time
8,0.47812387,0.26835153,0.13792780653576941,0.5703632831573486
16,0.33085364,0.2196847,0.5872047544141206,0.5685358047485352
32,0.10362058,0.21028318,0.9595093387089033,0.566354513168335
64,0.07344465,0.2746227,0.9796584916573517,0.5825953483581543
