train_sample_num,rmse,nrmse,r2,time
8,72.16886163338948,0.47485532561605154,-26.03885611726453,2.741107225418091
16,70.47562183278544,0.4392527012844348,-24.784958567090012,2.617882251739502
32,70.36328349556588,0.1649417992262664,-24.70282149132323,2.9550976753234863
64,75.26887154789107,0.06058720138400966,-28.411651741473268,7.4465014934539795
