train_sample_num,rmse,nrmse,r2,time
8,71.26947617633581,0.45348483292207337,-27.128578119683322,2.677140235900879
16,70.9524259844254,0.4136247406713989,-26.87886857134953,2.608977794647217
32,69.02622854224474,0.34563847144865106,-25.385719177007523,2.946094036102295
64,67.97819462600636,0.12440539653283608,-24.590566415070686,7.971653461456299
