train_sample_num,rmse,nrmse,r2,time
8,70.59020208892339,0.4545921887337204,-31.38504257559123,2.680222988128662
16,69.48822950696247,0.4121039075383767,-30.381819110984768,2.6088144779205322
32,68.92714183884141,0.30184640769731486,-29.877075688983854,2.952871084213257
64,68.55532662884923,0.19121216283575948,-29.54485238365423,7.698874473571777
