train_sample_num,rmse,nrmse,r2,time
8,0.33711195,0.2422294,-0.6383054664320185,0.581247091293335
16,0.24835542,0.13608612,0.110811310424906,0.5884790420532227
32,0.3647648,0.24105196,-0.9181052556820162,0.5930259227752686
64,0.43401808,0.2523441,-1.7155776714615087,0.6251976490020752
