train_sample_num,rmse,nrmse,r2,time
8,0.22456829,0.39093557,0.20339308388982769,0.5813183784484863
16,0.23221417,0.18412119,0.14822568358658583,0.5933370590209961
32,0.60157496,0.22289479,-4.716452778016177,0.602569580078125
64,0.52331257,0.21750547,-3.325830390872852,0.6199781894683838
