train_sample_num,rmse,nrmse,r2,time
8,0.20426476,0.10265002,0.3822888945971864,0.5822975635528564
16,0.335227,0.28255814,-0.663705669587243,0.5969164371490479
32,0.34414613,0.27322337,-0.7534134712556473,0.5921638011932373
64,0.47572085,0.31651452,-2.350448387591926,0.6205976009368896
