train_sample_num,rmse,nrmse,r2,time
8,0.18626809,0.20820351,0.48634031451758786,0.8225040435791016
16,0.19954738,0.09146144,0.41049080041819186,0.838555097579956
32,0.18809903,0.118885204,0.47619262970815746,0.9169518947601318
64,0.20635499,0.13481769,0.3695821966602697,0.903965950012207
