train_sample_num,rmse,nrmse,r2,time
8,0.2221622,0.385932,0.2203718024829533,0.6333394050598145
16,0.22780538,0.1825808,0.1802619457987623,0.6144735813140869
32,0.1529409,0.14474098,0.6305169890117766,0.6359903812408447
64,0.16975638,0.1905098,0.5448029736890838,0.6528081893920898
