train_sample_num,rmse,nrmse,r2,time
8,0.21830803,0.14250867,0.2944334774309503,0.617257833480835
16,0.14158364,0.13708477,0.7032268527981455,0.6276431083679199
32,0.105081715,0.20575939,0.8365244331455203,0.6325905323028564
64,0.14544307,0.14938766,0.6868267940720312,0.6463444232940674
