train_sample_num,rmse,nrmse,r2,time
8,0.33639005,0.25262228,-0.6312965682629872,0.6297500133514404
16,0.23579419,0.18784349,0.19848284400486682,0.6232964992523193
32,0.10999864,0.17497274,0.8255699705159666,0.6268420219421387
64,0.13872059,0.16964865,0.7225859644182588,0.6560254096984863
