train_sample_num,rmse,nrmse,r2,time
8,0.22214271,0.12103363,0.22050867907889593,0.8342747688293457
16,0.21238655,0.12372742,0.28747318660262733,0.8180654048919678
32,0.20153956,0.11056609,0.35839504501398456,0.8372058868408203
64,0.21554662,0.12625039,0.26611227760057665,0.853994607925415
