train_sample_num,rmse,nrmse,r2,time
8,0.15559062413897373,0.09877943290098841,0.6416021696465335,2.7252676486968994
16,0.13321751901013684,0.09767253041148176,0.7372630170391097,2.6002109050750732
32,0.118091444328149,0.13276181769891604,0.7935402511798093,3.163398027420044
64,0.11769228305109716,0.11430127976474139,0.7949336029008617,7.2795610427856445
