train_sample_num,rmse,nrmse,r2,time
8,0.33244717046906336,0.10328263082601828,-0.593279218317698,2.8846657276153564
16,0.17732132145331567,0.07459472441268176,0.5467179430753567,2.7100324630737305
32,0.09481299271018942,0.12256252306087206,0.8704067684238508,3.165769338607788
64,0.09803258640614265,0.15054742091835221,0.8614560609173538,7.332352161407471
