train_sample_num,rmse,nrmse,r2,time
8,0.14345950013336556,0.14159318877247828,0.6749083653031182,2.71805477142334
16,0.11973987257775874,0.18968135576994327,0.7735226623209228,2.58978009223938
32,0.11399632313677392,0.13316309071913104,0.7947284057664848,3.2256836891174316
64,0.10972058160620744,0.1348628519931527,0.8098381604696936,8.553355932235718
