train_sample_num,rmse,nrmse,r2,time
8,0.22137617,0.11446329,0.2744618775264347,0.5519106388092041
16,0.1962982,0.11230635,0.4295321897314356,0.556837797164917
32,0.17814304,0.13086051,0.5301748385139426,0.5661325454711914
64,0.17417026,0.13297968,0.5508964410648425,0.5706460475921631
