train_sample_num,rmse,nrmse,r2,time
8,0.2717123,0.16275394,-0.064302916303703,0.5494043827056885
16,0.26533195,0.12582588,-0.014905848568654623,0.545828104019165
32,0.18229239,0.13381822,0.5209468658577732,0.5607802867889404
64,0.18843772,0.12724666,0.4881033736225545,0.5612950325012207
