train_sample_num,rmse,nrmse,r2,time
8,0.17811386,0.11884661,0.49887893932978633,0.564983606338501
16,0.17660934,0.12136545,0.5073091185520713,0.5472910404205322
32,0.17555684,0.117239125,0.5131640618836056,0.5622003078460693
64,0.1723165,0.122936025,0.5309696965248523,0.5828168392181396
