train_sample_num,rmse,nrmse,r2,time
8,0.19937408,0.13280344,0.4269612120757954,0.5745899677276611
16,0.2505639,0.2001109,0.09492712686363025,0.5649478435516357
32,0.08855784,0.1583382,0.8869421734856742,0.5771627426147461
64,0.09763593,0.15432686,0.862574918699117,0.6017653942108154
