train_sample_num,rmse,nrmse,r2,time
8,0.19028318,0.10251203,0.4639573382396942,0.5687997341156006
16,0.12874587,0.11988025,0.7546053342539909,0.5785722732543945
32,0.08320275,0.067625865,0.8975117852279658,0.5739486217498779
64,0.12331606,0.07465616,0.7748677098371886,0.5835893154144287
