train_sample_num,rmse,nrmse,r2,time
8,0.20340605,0.10142356,0.38747158943027504,0.5691695213317871
16,0.13540995,0.10455202,0.728543815697015,0.5760505199432373
32,0.06647758,0.05623423,0.9345742098126638,0.564478874206543
64,0.08213918,0.054011047,0.9001152317845575,0.5864746570587158
