train_sample_num,rmse,nrmse,r2,time
8,0.2984745,0.18352422,-0.28428381406698366,0.5578019618988037
16,0.21521643,0.15306485,0.33227526177413447,0.5705673694610596
32,0.10594285,0.15218487,0.8381957514266516,0.567023754119873
64,0.07314527,0.17095315,0.9228707486128975,0.5793423652648926
