cost,SR,IR,rmse,r2,max_value,operation_time
97.0,0.05441002022121211,3.022673948000289,1.0205243204407237,0.9844565821979989,54.70002647269871,9.17155909538269
104.0,0.05441002022121211,2.3187366900657906,0.7830867528643556,0.9908479252748197,54.70002647269871,9.257948875427246
111.0,0.05441002022121211,0.9369315138499417,1.1144247721516025,0.9814646275365317,54.70002647269871,9.21657943725586
118.0,0.05441002022121211,2.1052738151769645,0.7462022110961785,0.991689773401402,54.70002647269871,9.422369003295898
125.0,0.05441002022121211,2.4097989152773778,0.7336418806317011,0.9919671800283656,54.70002647269871,9.511080026626587
132.0,0.05441002022121211,1.7309669112713024,0.9719068414504761,0.9859022734850899,54.70002647269871,9.229628801345825
139.0,0.05441002022121211,0.966265914338301,0.6445221376856111,0.9938002313945764,54.70002647269871,9.33382534980774
146.0,0.05441002022121211,2.423601861165807,1.630894585169671,0.9603035578278403,54.70002647269871,9.236809253692627
153.0,0.05441002022121211,0.7642258395982964,0.5368368158411845,0.9956988520023946,54.70002647269871,9.295684576034546
