cost,SR,IR,rmse,r2,max_value,operation_time
97.0,4.2248987192549095,5.001351162159793,0.6867696153898236,0.9929608219912263,50.52953777366501,9.309561252593994
104.0,4.2248987192549095,6.844177209631887,1.285743301607176,0.9753277734779463,50.52953777366501,9.433216094970703
111.0,4.2248987192549095,2.9965942550311055,0.989378340810618,0.9853908617059558,50.52953777366501,9.311586856842041
118.0,4.2248987192549095,6.41178200401766,1.126007286089393,0.9810773392047982,50.52953777366501,9.055225610733032
125.0,4.2248987192549095,10.458400247454932,2.500415561407308,0.906690859493589,50.52953777366501,9.149187803268433
132.0,4.2248987192549095,4.437768237011085,0.9585133309787519,0.9862881479779001,50.52953777366501,9.151803255081177
139.0,4.2248987192549095,1.5016402736268049,0.8369027619450135,0.9895467868740732,50.52953777366501,8.964603662490845
146.0,4.2248987192549095,4.433690285017889,1.0171106827348584,0.9845603932572153,50.52953777366501,9.166004419326782
153.0,4.2248987192549095,4.209277363343972,0.8352542910951655,0.9895879262917243,50.52953777366501,9.753461837768555
