cost,SR,IR,rmse,r2,max_value,operation_time
97.0,6.568300027023859,6.150130248007983,1.4666301090976444,0.9678973417108062,48.18613646589606,8.6764554977417
104.0,6.568300027023859,4.094065664942178,1.523458064715321,0.9653613616721162,48.18613646589606,8.764843702316284
111.0,6.568300027023859,7.339573566186232,1.175484641248366,0.9793778604692711,48.18613646589606,8.755545616149902
118.0,6.568300027023859,3.1811797238306383,0.9401598626519924,0.9868082256012769,48.18613646589606,8.703001737594604
125.0,6.568300027023859,2.390602786314304,0.5716293081402284,0.9951232692550972,48.18613646589606,8.746436357498169
132.0,6.568300027023859,2.851725675884971,0.8400506105604004,0.9894680034905686,48.18613646589606,8.942294597625732
139.0,6.568300027023859,3.733386772995189,1.0762392033589967,0.9827130881145848,48.18613646589606,8.805354118347168
146.0,6.568300027023859,3.2922792342608744,1.18029540920985,0.9792087194464097,48.18613646589606,8.935920238494873
153.0,6.568300027023859,0.9666363266068103,0.7169943365889591,0.9923275997039906,48.18613646589606,9.04928469657898
