cost,SR,IR,rmse,r2,max_value,operation_time
97.0,4.580762681635903,5.056879934195578,1.3536661857229149,0.9726521641904625,50.17367381128402,8.833582878112793
104.0,4.580762681635903,3.761614599506821,0.8133204550698664,0.9901275897822999,50.17367381128402,8.636741399765015
111.0,4.580762681635903,5.970982602331787,2.055222920290941,0.9369597869604344,50.17367381128402,8.657225608825684
118.0,4.580762681635903,5.667413210551565,1.2480770765827822,0.9767521595688113,50.17367381128402,8.870726823806763
125.0,4.580762681635903,3.051159716981246,2.134031312150224,0.9320324871841201,50.17367381128402,8.861313104629517
132.0,4.580762681635903,2.569336198602926,0.7776478824949498,0.9909746138871054,50.17367381128402,8.862512588500977
139.0,4.580762681635903,2.1361920811982245,1.6825679236936917,0.9577482196394254,50.17367381128402,8.847391366958618
146.0,4.580762681635903,5.568561292022039,1.16360314813654,0.9797926400280401,50.17367381128402,8.801098346710205
153.0,4.580762681635903,5.553552275004542,1.0736147386205581,0.9827972953676747,50.17367381128402,9.009644508361816
