cost,SR,IR,rmse,r2,max_value,operation_time
96.0,4.580762681635903,7.419341527103171,1.4116924301251392,0.9702573284824779,50.17367381128402,16.274858951568604
103.0,4.580762681635903,6.177394173615539,1.2021797918187174,0.9784305709354921,50.17367381128402,16.56363797187805
110.0,4.580762681635903,4.821742148040883,0.8109377884976142,0.9901853485813252,50.17367381128402,16.36011052131653
117.0,4.580762681635903,4.776566372448791,0.8778264649647809,0.9884994888659288,50.17367381128402,16.460108757019043
124.0,4.580762681635903,4.91451324773405,0.8640863056592823,0.9888566942317251,50.17367381128402,17.262627840042114
131.0,4.580762681635903,4.831645439830375,0.9110761705808206,0.9876117723268399,50.17367381128402,17.40252685546875
138.0,4.580762681635903,4.665829849119135,0.8880719403154741,0.9882294678107524,50.17367381128402,17.029149770736694
145.0,4.580762681635903,4.666740443870559,0.8989723953041493,0.9879387445667224,50.17367381128402,17.149523735046387
152.0,4.580762681635903,4.732039433085049,0.9055294317991779,0.9877621551264989,50.17367381128402,17.14317750930786
