cost,SR,IR,rmse,r2,max_value,operation_time
97.0,3.5004502817370593,8.116697184460797,1.8051245878099567,0.9513688917768298,51.25398621118286,17.23361372947693
104.0,3.5004502817370593,6.040817291898115,1.4202445697744777,0.9698958702051206,51.25398621118286,17.34433102607727
111.0,3.5004502817370593,5.8602883166739375,1.2577794602695573,0.976389303449561,51.25398621118286,17.105391025543213
118.0,3.5004502817370593,5.858557373702062,1.2311643388652398,0.9773779552115102,51.25398621118286,17.38941740989685
125.0,3.5004502817370593,5.6498643096333865,1.1920666536574047,0.9787919430148162,51.25398621118286,17.53046727180481
132.0,3.5004502817370593,5.847119749210272,1.347561156143251,0.9728982852139332,51.25398621118286,17.986515522003174
139.0,3.5004502817370593,5.706332158335762,1.2830693100859438,0.9754302896198327,51.25398621118286,17.55996561050415
146.0,3.5004502817370593,5.85841946764188,1.3619253172517796,0.9723174311160268,51.25398621118286,17.391130208969116
153.0,3.5004502817370593,5.766458104354967,1.3334278516799616,0.9734637929507786,51.25398621118286,17.399699687957764
