cost,SR,IR,rmse,r2,max_value,operation_time
97.0,6.369502896542215,5.592813345014285,0.8745212069029427,0.9885859309943961,48.38493359637771,8.71429181098938
104.0,4.8591051410713675,5.502012319904686,1.1462807637475183,0.9803898095419172,49.895331351848554,8.717529773712158
111.0,4.8591051410713675,5.27573080675031,1.0067363071079296,0.984873750290296,49.895331351848554,8.693456888198853
118.0,4.8591051410713675,3.4950476961101202,0.9391378100061911,0.9868368917035272,49.895331351848554,8.948208332061768
125.0,4.8591051410713675,3.9740123964997096,1.2063905511799837,0.9782792079935437,49.895331351848554,8.747462034225464
132.0,4.8591051410713675,3.4973040547008054,1.4406813983183517,0.9690232607307285,49.895331351848554,8.79469633102417
139.0,4.8591051410713675,7.819435875207631,1.4890577157330047,0.9669080114439095,49.895331351848554,8.838139533996582
146.0,4.8591051410713675,2.093806987780802,0.8134524747969757,0.9901243845052751,49.895331351848554,8.838724374771118
153.0,4.8591051410713675,4.862322844162215,1.1238114134276054,0.981151070943763,49.895331351848554,8.799571990966797
