cost,SR,IR,rmse,r2,max_value,operation_time
97.0,8.242487533299766,7.841731686215034,1.3730636076714384,0.9718627845528969,46.511948959620156,8.794023990631104
104.0,8.242487533299766,8.485582271981556,1.8289903909878074,0.9500744738432548,46.511948959620156,8.478713989257812
111.0,3.1717933021043834,4.866545262921598,1.1769509541939438,0.9793263797964851,51.58264319081554,8.628102540969849
118.0,3.1717933021043834,4.801018097990429,1.0890295086016621,0.9822997623170641,51.58264319081554,8.579212188720703
125.0,3.1717933021043834,4.302582254479532,0.7573028773529433,0.9914406848592358,51.58264319081554,8.812309980392456
132.0,3.1717933021043834,6.506306860586285,1.609734238389102,0.9613269730541938,51.58264319081554,9.574825525283813
139.0,3.1717933021043834,6.561432760769378,2.1102577069173054,0.9335383998972699,51.58264319081554,9.554451704025269
146.0,3.1717933021043834,10.381571144343638,2.9078433017480934,0.8738051005647491,51.58264319081554,9.17293930053711
153.0,3.1717933021043834,9.178545297027505,1.7483658337936363,0.9543790394724534,51.58264319081554,9.037071466445923
