cost,SR,IR,rmse,r2,max_value,operation_time
97.0,1.1464447881166535,2.362998754595637,0.8440888899318837,0.9893665015780289,53.60799170480327,9.025048017501831
104.0,1.1464447881166535,3.4758111707967956,0.6664269930983047,0.9933716571841491,53.60799170480327,9.425249576568604
111.0,1.1464447881166535,2.7509198664036774,1.7402341325948534,0.9548024214695605,53.60799170480327,9.092571020126343
118.0,1.1464447881166535,1.7160455845004279,0.6746882924058494,0.9932063033489618,53.60799170480327,9.238931894302368
125.0,1.1464447881166535,1.958646856074509,1.1643246770252562,0.9797675718345367,53.60799170480327,9.31279706954956
132.0,1.1464447881166535,2.7372495965433217,1.2681350097795718,0.9759989198240261,53.60799170480327,9.323930501937866
139.0,1.1464447881166535,1.7933429444566187,0.6398072759437443,0.9938906057460446,53.60799170480327,9.2659170627594
146.0,1.1464447881166535,0.8895174720198753,1.026456758229567,0.9842753452150831,53.60799170480327,9.191945552825928
153.0,1.1464447881166535,0.9610898453538965,1.1684559275691269,0.9796237399294921,53.60799170480327,9.463570833206177
