cost,SR,IR,rmse,r2,max_value,operation_time
97.0,3.5004502817370593,7.911327935860662,1.840865708944398,0.9494240535472811,51.25398621118286,4.622213125228882
104.0,3.5004502817370593,3.660090573220849,0.8216454626369927,0.9899244508601973,51.25398621118286,4.365492582321167
111.0,3.5004502817370593,1.7608835778851244,0.9414595081255779,0.9867717286593245,51.25398621118286,4.749797821044922
118.0,3.5004502817370593,1.7289271150917358,0.9388666337042502,0.9868444923083404,51.25398621118286,4.455976963043213
125.0,3.5004502817370593,2.6954727638935125,0.7012071220557147,0.9926617510703108,51.25398621118286,4.425299644470215
132.0,3.5004502817370593,2.904423000337431,0.6835036281430474,0.9930276135324593,51.25398621118286,4.279244422912598
139.0,3.5004502817370593,2.44547020515364,0.7345855065084794,0.9919465027694655,51.25398621118286,4.675321102142334
146.0,3.5004502817370593,2.61116798384937,0.7094854115447293,0.992487460945823,51.25398621118286,4.711566209793091
153.0,3.5004502817370593,2.474885807608601,0.5624976798898609,0.9952778337400511,51.25398621118286,4.618730306625366
