cost,SR,IR,rmse,r2,max_value,operation_time
97.0,4.2248987192549095,9.323125435822348,2.006201914342672,0.9399311823286165,50.52953777366501,4.423377752304077
104.0,4.2248987192549095,2.4157419986785413,0.7788647823984963,0.9909463450906797,50.52953777366501,4.347683906555176
111.0,4.2248987192549095,2.3702459528640887,0.7600864916708399,0.9913776463547328,50.52953777366501,4.33543848991394
118.0,4.2248987192549095,3.2323589833210846,0.7535968626212214,0.991524253356109,50.52953777366501,4.240815877914429
125.0,4.2248987192549095,3.3373878910774692,0.7731453699012291,0.9910788237061618,50.52953777366501,4.598106861114502
132.0,4.2248987192549095,3.4860511888408823,0.7729924014604573,0.991082353503999,50.52953777366501,4.325063943862915
139.0,-0.8476761493503417,3.491036036261775,0.7707191705144719,0.9911347267536944,55.602112642270264,4.4191718101501465
146.0,-0.8476761493503417,3.436163462435573,0.757421037087337,0.9914380136814702,55.602112642270264,4.299833059310913
153.0,-0.8476761493503417,3.4569977841487756,0.7590872948269598,0.9914003010546787,55.602112642270264,4.473980188369751
