cost,SR,IR,rmse,r2,max_value,operation_time
97.0,1.1464447881166535,2.327391264969954,1.0044713929952025,0.9849417345642564,53.60799170480327,4.285193681716919
104.0,1.1464447881166535,1.7961047236273444,0.6250444875332726,0.9941692870466338,53.60799170480327,4.358227014541626
111.0,1.1464447881166535,1.5824879721330518,0.5478343783730961,0.995520821527789,53.60799170480327,4.257022142410278
118.0,1.1464447881166535,1.5475083448182545,0.6036454935346396,0.9945616928998661,53.60799170480327,4.191086053848267
125.0,1.1464447881166535,1.5300584897553904,0.6758173629067669,0.993183546230468,53.60799170480327,4.315295696258545
132.0,1.1464447881166535,1.4637325050311674,0.6539134728668983,0.9936182413791883,53.60799170480327,4.320075988769531
139.0,1.1464447881166535,1.3986835304319172,0.6328188763634306,0.9940233385825975,53.60799170480327,4.320280075073242
146.0,1.1464447881166535,0.9173509331826963,0.628101123288648,0.9941121200957007,53.60799170480327,4.330638885498047
153.0,1.1464447881166535,1.1260360200606243,0.31696875281287096,0.9985005475266129,53.60799170480327,4.267705678939819
