cost,SR,IR,rmse,r2,max_value,operation_time
97.0,6.568300027023859,6.250054569653834,1.1309981934945779,0.980909222089668,48.18613646589606,4.071496486663818
104.0,6.568300027023859,3.2854489062801733,0.9523893392175697,0.9864627997384888,48.18613646589606,4.313217639923096
111.0,6.568300027023859,2.0563027669068887,0.7536800296653191,0.9915223824839586,48.18613646589606,4.399647951126099
118.0,6.568300027023859,1.9737091003877012,0.6774408791780654,0.9931507565541671,48.18613646589606,4.4665820598602295
125.0,6.568300027023859,2.0902271591710644,0.6604250774848324,0.9934905107440847,48.18613646589606,4.305035591125488
132.0,6.568300027023859,1.9163164757024589,0.5670696227947297,0.995200758885546,48.18613646589606,4.121225357055664
139.0,6.568300027023859,2.0829448203922,0.7576626450119632,0.9914325504751962,48.18613646589606,4.138630390167236
146.0,6.568300027023859,2.5976346435087265,0.837587582901037,0.9895296725602152,48.18613646589606,4.144132137298584
153.0,6.568300027023859,2.7031945145751806,0.8948629457762132,0.9880487631453149,48.18613646589606,4.075006484985352
