cost,SR,IR,rmse,r2,max_value,operation_time
97.0,-0.6605982113964046,5.142113970867129,1.0597956074442343,0.9832372976600294,55.41503470431633,4.1624109745025635
104.0,-0.6605982113964046,1.7597927969504639,0.7349930980285586,0.9919375631761248,55.41503470431633,4.111669301986694
111.0,-0.6605982113964046,2.011866916348289,0.6594439899656818,0.9935098365851945,55.41503470431633,4.262137413024902
118.0,-0.6605982113964046,2.1166570483679834,0.8030749998518922,0.9903747500647682,55.41503470431633,4.168709754943848
125.0,-0.6605982113964046,0.7297197875148029,0.5445068729317221,0.9955750686759758,55.41503470431633,4.069474458694458
132.0,-0.6605982113964046,1.8154461010748406,0.6744893536667567,0.9932103091400941,55.41503470431633,4.091663360595703
139.0,-0.6605982113964046,2.472320753470086,0.839444439418417,0.9894831975488558,55.41503470431633,4.208725452423096
146.0,-0.6605982113964046,2.739739782508856,0.9678222535503572,0.9860205202123268,55.41503470431633,4.265374660491943
153.0,-0.6605982113964046,2.7106581044576146,0.9077460413558174,0.9877021687275678,55.41503470431633,4.167616844177246
