cost,SR,IR,rmse,r2,max_value,operation_time
97.0,2.2055277019569814,4.832001632726211,0.8016821340145281,0.9904081094781083,52.54890879096294,1.058708906173706
104.0,2.203788663643735,1.8517072520906765,0.7458269116381416,0.9916981304906527,52.55064782927619,1.0928621292114258
111.0,2.202977735556459,1.4562682464820398,0.6968405754081516,0.9927528597798859,52.55145875736346,1.0762009620666504
118.0,2.202408016035463,1.0904627692445388,0.6716209254609034,0.9932679359299906,52.55202847688446,0.9992964267730713
125.0,2.202408016035463,1.0806260806308075,0.665760804812506,0.993384902497777,52.55202847688446,1.0495529174804688
132.0,2.202408016035463,1.4902981821975203,0.6734494022853965,0.9932312301670644,52.55202847688446,1.0442099571228027
139.0,2.202408016035463,2.5831320637672093,0.8629417989827116,0.9888861939275865,52.55202847688446,1.0637750625610352
146.0,2.202408016035463,1.4058354082906916,0.6649028634165298,0.9934019407767719,52.55202847688446,1.027165174484253
153.0,2.202408016035463,1.492281687025823,0.672958096964395,0.9932411026818428,52.55202847688446,1.1486713886260986
