cost,SR,IR,rmse,r2,max_value,operation_time
97.0,1.1464447881166535,2.6892349201435977,0.8074888577553736,0.990268654775922,53.60799170480327,1.165046215057373
104.0,1.1464447881166535,1.3458904442956907,0.7006600142391622,0.992673197751241,53.60799170480327,1.1095242500305176
111.0,1.1464447881166535,1.100153066517933,0.7071157184896035,0.992537561148473,53.60799170480327,1.1174607276916504
118.0,1.1464447881166535,1.0162558756799598,0.6990116555274168,0.9927076309764384,53.60799170480327,1.0895369052886963
125.0,1.1464447881166535,1.0181012141543917,0.6914038783520602,0.9928655019175938,53.60799170480327,1.1021692752838135
132.0,1.1464447881166535,1.0426807433822844,0.6060875579164401,0.9945176022542174,53.60799170480327,1.054433822631836
139.0,1.1464447881166535,1.0680805606923514,0.5511786184878564,0.9954659685658748,53.60799170480327,1.0645222663879395
146.0,1.1464447881166535,1.246496811943267,0.48221911214127394,0.9965295272309838,53.60799170480327,1.1124801635742188
153.0,1.1464447881166535,1.5467113013649154,0.6259923213862276,0.9941515899465557,53.60799170480327,1.0170152187347412
