cost,SR,IR,rmse,r2,max_value,operation_time
97.0,3.0078263609370666,6.771913402175606,1.5842638480565936,0.962541116654508,51.746610131982855,1.1709105968475342
104.0,2.2035963073509848,1.9546638065336808,0.7334281543977218,0.9919718596256772,52.55084018556894,1.2528588771820068
111.0,2.202554036019606,1.7936197082647212,0.6403862656127306,0.9938795434252239,52.551882456900316,1.2752482891082764
118.0,2.202318031413263,1.7764938387225016,0.6588707946901193,0.9935211143109033,52.55211846150666,1.1582834720611572
125.0,2.2022382706183095,1.9323389711087415,0.6961333171597631,0.9927675632824239,52.55219822230161,1.1331391334533691
132.0,2.2022382706183095,2.012738481495596,0.7173771623871537,0.9923194044456819,52.55219822230161,1.1865592002868652
139.0,2.201604031618693,2.066617593163734,0.7448775965523088,0.9917192508717406,52.55283246130123,1.0942869186401367
146.0,2.201604031618693,1.7418395513920046,0.6643146281324188,0.9934136101336477,52.55283246130123,1.2179906368255615
153.0,2.2014398575650276,1.7814922258467405,0.6631155302673988,0.9934373657396086,52.552996635354894,1.2330045700073242
