cost,SR,IR,rmse,r2,max_value,operation_time
97.0,2.741108975526714,3.0183067434793003,1.7709820571420132,0.953191133443,52.01332751739321,1.3377232551574707
104.0,2.203342029581748,1.2259736820566758,0.37011892296551263,0.9979555222791221,52.551094463338174,1.2461204528808594
111.0,2.2026792275835945,1.0883621695072279,0.4756831830667505,0.9966229662666122,52.55175726533633,1.3534953594207764
118.0,2.2026792275835945,0.99827532304991,0.5516861313268886,0.9954576150540401,52.55175726533633,1.4382290840148926
125.0,2.2026792275835945,1.0099518462194226,0.5425388591513917,0.9956069969728738,52.55175726533633,1.4663658142089844
132.0,2.2026792275835945,1.0572312344167756,0.5147795895965919,0.9960450368486196,52.55175726533633,1.3972489833831787
139.0,2.2026792275835945,1.0056690930423287,0.5691587781282852,0.9951653317388633,52.55175726533633,1.4206295013427734
146.0,2.2026792275835945,1.018841972521379,0.5709744370132614,0.9951344366349598,52.55175726533633,1.4526865482330322
153.0,2.2026792275835945,1.015168188344198,0.6024365325559637,0.9945834544050837,52.55175726533633,1.4809174537658691
