cost,SR,IR,rmse,r2,max_value,operation_time
97.0,2.2048798364510986,4.933317297344402,0.8595076920041859,0.9889744734791722,52.54955665646882,1.0432815551757812
104.0,2.2037759543614897,2.3536724469102737,0.6681979734851518,0.9933363817149302,52.55066053855843,1.047550916671753
111.0,2.203737978071125,1.7702289978526409,0.6821092539788721,0.9930560323978607,52.5506985148488,0.9723758697509766
118.0,2.202650660776527,1.4475493259688363,0.6577484791729694,0.9935431676816603,52.551785832143395,1.0014948844909668
125.0,2.202321010272385,1.134919892352876,0.6410573259515838,0.9938667094597019,52.55211548264754,0.9975390434265137
132.0,2.202321010272385,1.5443658146189563,0.687023705521113,0.9929556123357796,52.55211548264754,1.0323786735534668
139.0,2.202321010272385,2.332056663323968,0.7862010902801404,0.9907749848855545,52.55211548264754,0.9537181854248047
146.0,2.202321010272385,2.4581916048745853,0.8116564812407547,0.990167944423999,52.55211548264754,1.008901596069336
153.0,2.202321010272385,1.7992624266153427,0.7396391949637207,0.9918353111764994,52.55211548264754,0.9849033355712891
