{
  "stats": {
    "submitted": 50,
    "finished": 50,
    "running": 0
  },
  "data": [
    [
      1,
      null,
      209652396,
      null,
      5.4345623938566385,
      2.2172927856445312e-05,
      1,
      1721814794.730422,
      1721814794.73091,
      {}
    ],
    [
      2,
      null,
      209652396,
      null,
      4.669372941395943,
      2.86102294921875e-06,
      1,
      1721814794.733591,
      1721814794.734039,
      {}
    ],
    [
      3,
      null,
      209652396,
      null,
      11.308277547006911,
      3.0994415283203125e-06,
      1,
      1721814794.736947,
      1721814794.737403,
      {}
    ],
    [
      4,
      null,
      209652396,
      null,
      12.612945606144095,
      3.0994415283203125e-06,
      1,
      1721814794.740126,
      1721814794.7406049,
      {}
    ],
    [
      5,
      null,
      209652396,
      null,
      16.09908332897719,
      3.0994415283203125e-06,
      1,
      1721814794.743563,
      1721814794.744016,
      {}
    ],
    [
      6,
      null,
      209652396,
      null,
      17.240743713507403,
      2.1457672119140625e-06,
      1,
      1721814794.747009,
      1721814794.7474911,
      {}
    ],
    [
      7,
      null,
      209652396,
      null,
      0.18632622633059764,
      3.0994415283203125e-06,
      1,
      1721814794.7507331,
      1721814794.751174,
      {}
    ],
    [
      8,
      null,
      209652396,
      null,
      0.09616130553973981,
      3.0994415283203125e-06,
      1,
      1721814794.754804,
      1721814794.7552419,
      {}
    ],
    [
      9,
      null,
      209652396,
      null,
      0.8221934869260776,
      2.1457672119140625e-06,
      1,
      1721814794.759268,
      1721814794.759706,
      {}
    ],
    [
      10,
      null,
      209652396,
      null,
      1.1786209559318606,
      2.86102294921875e-06,
      1,
      1721814794.7635908,
      1721814794.764052,
      {}
    ],
    [
      11,
      null,
      209652396,
      null,
      0.1347918615373631,
      1.4066696166992188e-05,
      1,
      1721814797.264478,
      1721814797.265088,
      {}
    ],
    [
      12,
      null,
      209652396,
      null,
      0.15860462323284558,
      1.0013580322265625e-05,
      1,
      1721814797.2703202,
      1721814797.2708979,
      {}
    ],
    [
      13,
      null,
      209652396,
      null,
      0.10076200306955138,
      7.152557373046875e-06,
      1,
      1721814797.275847,
      1721814797.276392,
      {}
    ],
    [
      14,
      null,
      209652396,
      null,
      0.24126381164961408,
      7.152557373046875e-06,
      1,
      1721814797.2814772,
      1721814797.2820039,
      {}
    ],
    [
      15,
      null,
      209652396,
      null,
      0.14442527991807766,
      6.9141387939453125e-06,
      1,
      1721814797.287277,
      1721814797.2878249,
      {}
    ],
    [
      16,
      null,
      209652396,
      null,
      0.18223361535231228,
      8.106231689453125e-06,
      1,
      1721814797.293329,
      1721814797.2938519,
      {}
    ],
    [
      17,
      null,
      209652396,
      null,
      0.11463616622154617,
      6.9141387939453125e-06,
      1,
      1721814797.299595,
      1721814797.300119,
      {}
    ],
    [
      18,
      null,
      209652396,
      null,
      0.25004868733562585,
      6.9141387939453125e-06,
      1,
      1721814797.306017,
      1721814797.306539,
      {}
    ],
    [
      19,
      null,
      209652396,
      null,
      0.04939040965860709,
      1.2874603271484375e-05,
      1,
      1721814797.5181,
      1721814797.518659,
      {}
    ],
    [
      20,
      null,
      209652396,
      null,
      0.044889821075594846,
      8.106231689453125e-06,
      1,
      1721814797.525632,
      1721814797.526201,
      {}
    ],
    [
      21,
      null,
      209652396,
      null,
      0.04929716435862768,
      1.2874603271484375e-05,
      1,
      1721814797.53514,
      1721814797.5357308,
      {}
    ],
    [
      22,
      null,
      209652396,
      null,
      0.044952904610150356,
      1.1920928955078125e-05,
      1,
      1721814797.5433202,
      1721814797.54388,
      {}
    ],
    [
      23,
      null,
      209652396,
      null,
      0.05085806343702057,
      1.0013580322265625e-05,
      1,
      1721814797.5512052,
      1721814797.551744,
      {}
    ],
    [
      24,
      null,
      209652396,
      null,
      0.04541562559523029,
      7.867813110351562e-06,
      1,
      1721814797.559171,
      1721814797.559696,
      {}
    ],
    [
      25,
      null,
      209652396,
      null,
      1.1626670263840972,
      8.106231689453125e-06,
      1,
      1721814797.567317,
      1721814797.567848,
      {}
    ],
    [
      26,
      null,
      209652396,
      null,
      4.960619830336341,
      6.9141387939453125e-06,
      1,
      1721814797.5756779,
      1721814797.5761979,
      {}
    ],
    [
      27,
      null,
      209652396,
      null,
      11.47961273960108,
      8.344650268554688e-06,
      1,
      1721814797.6095428,
      1721814797.610077,
      {}
    ],
    [
      28,
      null,
      209652396,
      null,
      0.044588269158878584,
      1.2874603271484375e-05,
      1,
      1721814797.8214002,
      1721814797.821957,
      {}
    ],
    [
      29,
      null,
      209652396,
      null,
      0.044048863644137355,
      9.059906005859375e-06,
      1,
      1721814797.8310661,
      1721814797.8316312,
      {}
    ],
    [
      30,
      null,
      209652396,
      null,
      0.04358972420168095,
      1.0013580322265625e-05,
      1,
      1721814797.841037,
      1721814797.841606,
      {}
    ],
    [
      31,
      null,
      209652396,
      null,
      0.04461222756526533,
      1.0013580322265625e-05,
      1,
      1721814797.851477,
      1721814797.852034,
      {}
    ],
    [
      32,
      null,
      209652396,
      null,
      0.04351466551421813,
      8.821487426757812e-06,
      1,
      1721814797.8618119,
      1721814797.86238,
      {}
    ],
    [
      33,
      null,
      209652396,
      null,
      0.044441580266795074,
      8.821487426757812e-06,
      1,
      1721814797.872674,
      1721814797.873246,
      {}
    ],
    [
      34,
      null,
      209652396,
      null,
      0.04421187183603659,
      1.0013580322265625e-05,
      1,
      1721814797.8836422,
      1721814797.8842099,
      {}
    ],
    [
      35,
      null,
      209652396,
      null,
      12.504544383226689,
      1.1205673217773438e-05,
      1,
      1721814797.930589,
      1721814797.931184,
      {}
    ],
    [
      36,
      null,
      209652396,
      null,
      0.021818173718959624,
      1.4066696166992188e-05,
      1,
      1721814798.1419861,
      1721814798.142545,
      {}
    ],
    [
      37,
      null,
      209652396,
      null,
      0.36233370625909594,
      9.059906005859375e-06,
      1,
      1721814798.15403,
      1721814798.154568,
      {}
    ],
    [
      38,
      null,
      209652396,
      null,
      0.023194402525350336,
      1.1920928955078125e-05,
      1,
      1721814798.165916,
      1721814798.166483,
      {}
    ],
    [
      39,
      null,
      209652396,
      null,
      0.03177479613612513,
      7.152557373046875e-06,
      1,
      1721814798.177881,
      1721814798.178408,
      {}
    ],
    [
      40,
      null,
      209652396,
      null,
      0.018163959039476242,
      6.9141387939453125e-06,
      1,
      1721814798.189975,
      1721814798.190502,
      {}
    ],
    [
      41,
      null,
      209652396,
      null,
      0.023064897402124973,
      5.7220458984375e-06,
      1,
      1721814798.202639,
      1721814798.203159,
      {}
    ],
    [
      42,
      null,
      209652396,
      null,
      0.0233381337178372,
      1.0967254638671875e-05,
      1,
      1721814798.215358,
      1721814798.215918,
