train_sample_num,rmse,nrmse,r2,time
8,4.682453,0.070045196,0.27753633245002207,0.5947084426879883
16,4.2089186,0.06866082,0.41627259018886587,0.5946915149688721
32,4.5670633,0.09352194,0.312705056965216,0.5993106365203857
64,4.282891,0.13173816,0.39557402956289434,0.6136891841888428
