train_sample_num,rmse,nrmse,r2,time
8,4.662811,0.13899077,0.38266871482544373,0.5937507152557373
16,4.9394493,0.1718547,0.30724469215394234,0.601593017578125
32,4.5421233,0.16881265,0.4142117587481571,0.5993611812591553
64,4.4475427,0.16434829,0.43835364803211274,0.6143324375152588
