train_sample_num,rmse,nrmse,r2,time
8,3.2350962,0.06351634,0.6976707560434381,0.8415336608886719
16,7.6220517,0.074104324,-0.6782223123349898,0.8313853740692139
32,3.127216,0.09490473,0.717498022158264,0.8293097019195557
64,4.2628,0.12690751,0.4750768944086997,0.8605656623840332
