train_sample_num,rmse,nrmse,r2,time
8,5.2289066,0.0945267,0.22367335326499527,0.8279392719268799
16,6.0842147,0.09448187,-0.05107041939631518,0.8351669311523438
32,6.087138,0.13886471,-0.05208065846226595,0.8342981338500977
64,8.311876,0.063029796,-0.9616470420604681,0.8609316349029541
