train_sample_num,rmse,nrmse,r2,time
8,3.8574903,0.08238451,0.570151492517112,0.629345178604126
16,4.706832,0.15917419,0.36002482051915075,0.6311185359954834
32,4.6030097,0.12797162,0.3879463206039635,0.636824369430542
64,5.142962,0.12451005,0.23593133479820882,0.657811164855957
