train_sample_num,rmse,nrmse,r2,time
8,1.6848053802711445,0.04049134919456664,0.91800163128649,2.6900243759155273
16,0.9780813707739315,0.09445255055129897,0.9723652394837092,2.607123613357544
32,0.935911097400363,0.09234787929248331,0.9746968304926765,3.2675771713256836
64,0.8220981596682243,0.1169352954364822,0.9804767065045298,8.46306037902832
