train_sample_num,rmse,nrmse,r2,time
8,0.985151936532945,0.08044325123962885,0.9724431748909672,2.693471908569336
16,0.9084890260615981,0.1113073372261075,0.9765651531020152,2.580320358276367
32,0.8308782503970604,0.11681668099249645,0.9803981288231416,3.151491403579712
64,0.8176543549604179,0.09814754163397713,0.9810171132133713,8.406517505645752
