train_sample_num,rmse,nrmse,r2,time
8,3.823734,0.081520386,0.5776416942153753,0.8125853538513184
16,4.642892,0.15643668,0.3772941930818522,0.7714598178863525
32,4.734149,0.12572855,0.3525749450479503,0.7829434871673584
64,5.1117215,0.1240945,0.2451857227621329,0.8206596374511719
