train_sample_num,rmse,nrmse,r2,time
8,4.050158,0.13569598,0.5342351518073853,0.8011889457702637
16,4.0260696,0.14710079,0.53975894428829,0.7779133319854736
32,5.5772915,0.11226959,0.11677902454749411,0.810173749923706
64,5.5282407,0.11417718,0.13224597703032404,0.837085485458374
