train_sample_num,rmse,nrmse,r2,time
8,2.8653438,0.12143484,0.766881748914579,0.5505738258361816
16,1.600322,0.07412397,0.9272827493844966,0.5553922653198242
32,1.7185105,0.08638697,0.9161453476167514,0.5583353042602539
64,1.2838101,0.0847672,0.9532023151297759,0.5609097480773926
