train_sample_num,rmse,nrmse,r2,time
8,1.9569118,0.041745495,0.8893762726907811,0.5643081665039062
16,1.191342,0.050418437,0.9590004982208571,0.5716731548309326
32,0.89496636,0.11673206,0.9768623552112112,0.5753178596496582
64,0.8493621,0.079863735,0.9791603002828212,0.5867400169372559
