train_sample_num,rmse,nrmse,r2,time
8,2.3917701,0.047529258,0.8347488069714856,0.5763709545135498
16,2.057224,0.2938087,0.8777443719060909,0.563164234161377
32,1.3306084,0.15525623,0.9488546416330448,0.5824518203735352
64,0.8537966,0.10040657,0.9789421214290164,0.5864822864532471
