train_sample_num,rmse,nrmse,r2,time
8,2.3918748,0.094582774,0.8375575189536639,0.559910774230957
16,1.1331536,0.20833088,0.9635413703035105,0.563601016998291
32,1.4511038,0.23187253,0.9402112134884513,0.5712275505065918
64,0.9948495,0.107779354,0.9718979797768816,0.5911986827850342
