train_sample_num,rmse,nrmse,r2,time
8,0.2959331,0.2598804,0.49730617593373205,0.5984790325164795
16,0.15073925,0.294737,0.8695725028302599,0.5894217491149902
32,0.1550302,0.1385505,0.862041279146838,0.587787389755249
64,0.1315572,0.18401663,0.9006550783607709,0.6166243553161621
