train_sample_num,rmse,nrmse,r2,time
8,0.6558347,0.10668785,-1.6874533317962679,0.5884490013122559
16,0.5188879,0.22124445,-0.6822836510328092,0.5897691249847412
32,0.14686714,0.24092102,0.8652274534552791,0.5833351612091064
64,0.120627716,0.24205317,0.9090827472548777,0.6345832347869873
