train_sample_num,rmse,nrmse,r2,time
8,0.3168868,0.2724941,0.38572715615063113,0.6296043395996094
16,0.46361604,0.4050663,-0.31483085692434587,0.6026852130889893
32,0.24968144,0.2576825,0.618648450258577,0.6307692527770996
64,0.14876093,0.18983589,0.8646273965108339,0.6353960037231445
