train_sample_num,rmse,nrmse,r2,time
8,0.40597174,0.2770655,-0.008195140970683967,0.8435583114624023
16,0.53431803,0.23287565,-0.7464360012968454,0.8463113307952881
32,0.4322807,0.11622839,-0.14310116096729653,0.8830313682556152
64,0.38119194,0.10566507,0.11112563392939512,0.9030146598815918
