train_sample_num,rmse,nrmse,r2,time
8,0.7466319,0.14934987,-2.4830947368070944,0.8420827388763428
16,0.3707577,0.112458445,0.14111994408545792,0.8337581157684326
32,0.3016406,0.107568584,0.4314983000118384,0.8423280715942383
64,0.28920862,0.11581304,0.47739374803772283,0.8768558502197266
