train_sample_num,rmse,nrmse,r2,time
8,0.34051648,0.20851566,0.29070108903763847,0.6298394203186035
16,0.5831552,0.32125092,-1.0802780708274802,0.638749361038208
32,0.37060186,0.26196855,0.15982798658607844,0.6401040554046631
64,0.23693505,0.20389464,0.6565910250333425,0.6366636753082275
