train_sample_num,rmse,nrmse,r2,time
8,0.39785576,0.24311762,0.09141037169940469,0.6149628162384033
16,0.2901653,0.21680528,0.5167103797712,0.6269123554229736
32,0.21921201,0.1055383,0.7241676683351603,0.6416361331939697
64,0.18233858,0.13834158,0.8091581501800064,0.6516814231872559
