train_sample_num,rmse,nrmse,r2,time
8,0.35354933,0.22981983,0.2825088360092921,0.832465410232544
16,0.28469542,0.23078471,0.5347595719136917,0.8389673233032227
32,0.24589941,0.08899547,0.6529185151603648,0.8282811641693115
64,0.22236356,0.14282347,0.7161795056113851,0.851057767868042
