train_sample_num,rmse,nrmse,r2,time
8,0.06644764125195193,0.10903338706885217,0.9746559722620523,3.0941076278686523
16,0.016994744592671807,0.1945687137503391,0.9983421479088939,3.0571794509887695
32,0.011112422847180366,0.24704327162061032,0.9992911831801524,3.45339035987854
64,0.006753475473892718,0.05881375880905408,0.9997381990903738,8.081974983215332
