train_sample_num,rmse,nrmse,r2,time
8,0.39481000275942235,0.20171923264299824,0.1052683676232401,1.0550117492675781
16,0.13261602351355253,0.26631381389385134,0.8990494940072792,1.1372323036193848
32,0.16727837455554864,0.21311124218421137,0.8393813036236683,1.213329792022705
64,0.40824924113070976,0.23530305667042192,0.043318734351833754,3.17319393157959
