train_sample_num,rmse,nrmse,r2,time
8,0.16735708013535394,0.10612287569702641,0.8249990796805845,2.674144983291626
16,0.1318600077042466,0.0758578775253112,0.8913628544715607,3.0379462242126465
32,0.010021442588988025,0.1781858816273944,0.999372501578081,3.3507633209228516
64,0.006924851802459971,0.2666617595682987,0.9997003783995764,8.148939371109009
