train_sample_num,rmse,nrmse,r2,time
8,0.373775274917334,0.23857668417438416,0.14537784957482647,1.1679341793060303
16,0.13137436773145164,0.13131294127889095,0.89442179270429,1.039240837097168
32,0.10699493156819145,0.084276201864869,0.9299707594944304,1.129525899887085
64,0.29518189904869324,0.20900640860705874,0.46699356715503815,2.971220016479492
