train_sample_num,rmse,nrmse,r2,time
8,0.4975569800871244,0.10600622452325288,-0.5468129478116035,1.0328888893127441
16,0.7145020662636906,0.08549007855599375,-2.189768246640115,1.026883840560913
32,0.18484472480558697,0.3794815775778326,0.7865155365715709,1.11342191696167
64,0.12460631685716092,0.3153574330997251,0.9029864781831746,2.9880259037017822
