train_sample_num,rmse,nrmse,r2,time
8,0.683911,0.11878758,-1.9224788614996138,0.8911793231964111
16,0.54135776,0.1596442,-0.8311369081096021,0.8847808837890625
32,0.19653511,0.24270697,0.7586582244107481,0.8994045257568359
64,0.20271459,0.19474208,0.7432430460007422,0.9307739734649658
