train_sample_num,rmse,nrmse,r2,time
8,0.34070748,0.20880604,0.28990517578943975,0.8807241916656494
16,0.58406854,0.32074356,-1.0867989426366953,0.8760583400726318
32,0.34192136,0.24742286,0.2848362394977293,0.8702325820922852
64,0.22892477,0.18859187,0.6794184109444031,0.9130263328552246
