train_sample_num,rmse,nrmse,r2,time
8,0.28196535,0.23518918,0.5436395605925659,0.5506677627563477
16,0.26279923,0.36456627,0.6035716383469735,0.5615530014038086
32,0.20338595,0.15013012,0.7625575234792513,0.5786685943603516
64,0.23629576,0.2047675,0.6794997601273094,0.5793771743774414
