train_sample_num,rmse,nrmse,r2,time
8,0.24169484,0.26122317,0.6426550041264085,0.5583024024963379
16,0.24703452,0.21525286,0.6266911458637284,0.544116735458374
32,0.2782335,0.22835861,0.5264434551132875,0.5563743114471436
64,0.26787737,0.30178198,0.561039834258609,0.5588605403900146
