train_sample_num,rmse,nrmse,r2,time
8,0.32597262,0.15278012,0.3900717359358241,0.573192834854126
16,0.13511555,0.37530923,0.895208225623017,0.5761995315551758
32,0.14396589,0.16841699,0.8810305030017314,0.5783183574676514
64,0.13097584,0.14180593,0.9015311426651872,0.6027538776397705
