train_sample_num,rmse,nrmse,r2,time
8,0.258836,0.10874205,0.590171262344563,0.6734042167663574
16,0.22926596,0.2254799,0.6784620958279194,0.6419329643249512
32,0.208433,0.20191063,0.734242224822649,0.6155662536621094
64,0.12488771,0.18559028,0.9045903184461499,0.628911018371582
