train_sample_num,rmse,nrmse,r2,time
8,0.36288136,0.09739162,0.17722413991453834,0.6040353775024414
16,0.44445097,0.14952606,-0.2342406914088373,0.6095952987670898
32,0.11030214,0.39791495,0.9239813661945668,0.5708284378051758
64,0.11474797,0.26530522,0.9177298796115289,0.5880579948425293
