train_sample_num,rmse,nrmse,r2,time
8,0.22983366,0.35818532,0.676867750107619,0.5698275566101074
16,0.43671098,0.47274572,-0.166651791776536,0.5661156177520752
32,0.23546332,0.2710795,0.6608439416951478,0.5775754451751709
64,0.1417755,0.20087323,0.8770424076783763,0.575425386428833
