train_sample_num,rmse,nrmse,r2,time
8,0.6524228,0.10703469,-1.6595639242605724,0.5784363746643066
16,0.49534068,0.14763299,-0.5330634195245862,0.5827751159667969
32,0.13091217,0.36714286,0.8929190559059893,0.5712487697601318
64,0.12097108,0.24158373,0.9085644046879781,0.5931921005249023
