train_sample_num,rmse,nrmse,r2,time
8,0.27620003,0.30286154,0.5621111208979404,0.5663397312164307
16,0.14350337,0.3007643,0.8817936642334021,0.569690465927124
32,0.1549687,0.13882618,0.8621507410072667,0.652313232421875
64,0.13043131,0.18688355,0.9023482121712897,0.6893937587738037
