train_sample_num,rmse,nrmse,r2,time
8,23156.715,0.061884284,-1.9446702534531597,0.6350393295288086
16,16927.418,0.095932,-0.5734911777475171,0.6493587493896484
32,17520.225,0.08554737,-0.6856294303960848,0.6345396041870117
64,16745.615,0.07207535,-0.5398732678907778,0.6590902805328369
