train_sample_num,rmse,nrmse,r2,time
8,27257.182,0.09199389,-2.931916205801566,0.6374959945678711
16,18808.39,0.066560194,-0.8721716636382606,0.6393630504608154
32,19184.178,0.07369445,-0.9477298652027835,0.6507554054260254
64,17892.48,0.066882186,-0.6942734270306825,0.6721639633178711
