train_sample_num,rmse,nrmse,r2,time
8,18209.896,0.09023876,-1.0180328865877537,0.6764464378356934
16,19888.623,0.079983,-1.407258889875025,0.6800835132598877
32,15751.94,0.0845467,-0.5100153521224104,0.6885340213775635
64,16634.408,0.09676866,-0.683945481951028,0.7128074169158936
