train_sample_num,rmse,nrmse,r2,time
8,15229.444,0.102899946,-0.27365250307765243,0.9522104263305664
16,14340.846,0.09606072,-0.12935979146448684,0.9693918228149414
32,14337.625,0.094588116,-0.12885273512504591,0.9747226238250732
64,14362.704,0.09818467,-0.1328053300101184,1.0021922588348389
