train_sample_num,rmse,nrmse,r2,time
8,15721.362,0.051378515,-0.30804515736425375,0.9756536483764648
16,14162.779,0.057343565,-0.06154713884225571,0.9826674461364746
32,14369.793,0.06747333,-0.09280691311378075,0.979999303817749
64,15508.624,0.07061275,-0.2728842217109806,1.0114092826843262
