train_sample_num,rmse,nrmse,r2,time
8,23162.467,0.061893992,-1.946133604774007,0.8552825450897217
16,16955.092,0.09587382,-0.578640104723253,0.8334321975708008
32,17682.719,0.08695167,-0.7170419311338625,0.8584873676300049
64,18771.133,0.08316057,-0.9349236495402562,0.8633730411529541
