train_sample_num,rmse,nrmse,r2,time
8,18309.254,0.09051466,-1.0401149450803424,0.8506133556365967
16,19896.623,0.07998756,-1.4091957700450033,0.9532647132873535
32,15011.874,0.07768544,-0.37146001460950373,0.8519341945648193
64,16801.53,0.09436633,-0.7179515315814293,0.8776466846466064
