train_sample_num,rmse,nrmse,r2,time
8,19143.895,0.10696567,-1.0125346911968394,0.6621584892272949
16,17443.967,0.097501755,-0.6709879162768739,0.6457211971282959
32,15346.764,0.100767404,-0.2933511811329321,0.6434051990509033
64,12381.41,0.07887128,0.1581726270112641,0.6859157085418701
