train_sample_num,rmse,nrmse,r2,time
8,19066.06,0.08966035,-1.2122556706278487,0.6483876705169678
16,17706.389,0.111471266,-0.9079779640642474,0.6312663555145264
32,12029.696,0.063752525,0.11931090783954834,0.6492457389831543
64,9562.95,0.05723224,0.4434590074100869,0.6652736663818359
