train_sample_num,rmse,nrmse,r2,time
8,14652.992,0.053164672,-0.13630523442997955,0.6039037704467773
16,13675.763,0.056874316,0.010204613227752235,0.6180102825164795
32,13469.987,0.05813002,0.03976678626671015,0.623192548751831
64,10633.3,0.0448624,0.40161810780914575,0.6251592636108398
