train_sample_num,rmse,nrmse,r2,time
8,15463.115,0.10221573,-0.3130364506196517,0.6087703704833984
16,13597.997,0.09665018,-0.01538954116980662,0.6152098178863525
32,13612.031,0.10023063,-0.017486545348637472,0.6281647682189941
64,12039.336,0.08761715,0.20404627707558387,0.6338357925415039
