train_sample_num,rmse,nrmse,r2,time
8,18848.418,0.096412115,-1.16203712631423,0.6349074840545654
16,19679.883,0.07879913,-1.3569929895823196,0.607893705368042
32,13515.048,0.07077867,-0.11159987945181093,0.6305384635925293
64,9015.436,0.05762752,0.5053628536970781,0.6276612281799316
