train_sample_num,rmse,nrmse,r2,time
8,23018.809,0.061153337,-1.909701752523465,0.6139509677886963
16,17636.664,0.112389214,-0.7081093410181181,0.6090095043182373
32,16515.799,0.08041483,-0.4978970470083821,0.641000509262085
64,13265.433,0.064137965,0.03366959261066482,0.6342165470123291
