cost,SR,IR,rmse,r2,max_value,operation_time
94.0,0.5884475381478942,0.43531418217999773,0.6977033628428886,-1.365920848281423,1.5860698549642884,0.0
102.0,0.5884475381478942,0.43531418217999773,0.6977033628428886,-1.365920848281423,1.5860698549642884,113.84791350364685
110.0,0.5884475381478942,-87.6881836257466,27.30001187556913,-3621.2986224100378,1.5860698549642884,111.19207453727722
118.0,0.5884475381478942,-104.81683198324293,33.808808120724656,-5554.437934950855,1.5860698549642884,112.49270224571228
126.0,0.5884475381478942,-139.2055768544403,63.6086325458237,-19663.852682087323,1.5860698549642884,113.95361661911011
134.0,0.5884475381478942,-188.83577629703964,93.8975265953547,-42850.584344595634,1.5860698549642884,111.72160410881042
142.0,0.5884475381478942,-226.13794609319237,121.16552073331523,-71352.73071140227,1.5860698549642884,106.03156805038452
150.0,0.5884475381478942,-213.2679851908373,124.58930932679485,-75442.20593861291,1.5860698549642884,93.63297152519226
