cost,SR,IR,rmse,r2,max_value,operation_time
94.0,0.5333219219743959,0.47056785253675937,0.9801236326758035,-3.668961586106761,1.6411954711377867,0.0
102.0,0.5333219219743959,0.47056785253675937,0.9801236326758035,-3.668961586106761,1.6411954711377867,114.70270943641663
110.0,0.5333219219743959,-47.31027606246265,15.673290235091365,-1192.9301803247786,1.6411954711377867,108.99008345603943
118.0,0.5333219219743959,-60.636172049436766,15.340310587169736,-1142.7388783758984,1.6411954711377867,105.88416004180908
126.0,0.5333219219743959,-88.17802416989787,27.579220769886884,-3695.771109489883,1.6411954711377867,107.66541290283203
134.0,0.5333219219743959,-114.23175601062368,40.75121694677458,-8070.230382658087,1.6411954711377867,114.1633415222168
142.0,0.5333219219743959,-171.3649364551024,77.9655613386473,-29542.65335446349,1.6411954711377867,110.52489805221558
150.0,0.5333219219743959,-206.00726039727942,105.54816333763326,-54144.197194230175,1.6411954711377867,113.35412216186523
