cost,SR,IR,rmse,r2,max_value,operation_time
94.0,0.19029463725072793,3.1351025195034543,1.7133163575048702,-13.267034165379005,1.9842227558614547,0.0
102.0,0.19029463725072793,3.1351025195034543,1.7133163575048702,-13.267034165379005,1.9842227558614547,119.93060517311096
110.0,0.19029463725072793,-68.16536949632714,33.417295857863344,-5426.516921584591,1.9842227558614547,113.614337682724
118.0,0.19029463725072793,-102.64006288202327,36.44772782288356,-6455.534817292549,1.9842227558614547,115.09751772880554
126.0,0.19029463725072793,-113.48674671893475,50.12068750211751,-12208.352087328341,1.9842227558614547,120.59299182891846
134.0,0.19029463725072793,-134.8359231416952,73.16428989536712,-26015.98116213912,1.9842227558614547,117.74373364448547
142.0,0.19029463725072793,-116.78385652503434,36.73617772486202,-6558.1341548961955,1.9842227558614547,111.59319376945496
150.0,0.19029463725072793,-149.56502071003797,35.46603288996993,-6112.413951709704,1.9842227558614547,113.54556131362915
