cost,SR,IR,rmse,r2,max_value,operation_time
94.0,0.8488039273584653,2.6467524140218184,1.4524468266904946,-9.253191360544069,1.3257134657537173,0.0
102.0,0.8488039273584653,2.6467524140218184,1.4524468266904946,-9.253191360544069,1.3257134657537173,63.68023204803467
110.0,0.8488039273584653,-82.89226837876627,19.082679568440362,-1768.8533995062407,1.3257134657537173,61.05419564247131
118.0,0.8488039273584653,-75.53723589877886,11.67142238370087,-661.0734177850583,1.3257134657537173,66.14453077316284
126.0,0.8488039273584653,-90.59574267256066,12.869766420061186,-804.0074660837205,1.3257134657537173,67.35712957382202
134.0,0.8488039273584653,-112.77124006424451,18.206562119149837,-1610.0702322694856,1.3257134657537173,65.76101756095886
142.0,0.8488039273584653,-146.9674091737673,25.680899292428087,-3204.3763945425867,1.3257134657537173,119.88477158546448
150.0,0.8488039273584653,-138.3090272652282,22.516690941000327,-2463.153241981795,1.3257134657537173,126.32997250556946
