cost,SR,IR,rmse,r2,max_value,operation_time
94.0,0.6799969790613694,2.5094955870999343,1.398161565464743,-8.501087063127988,1.4945204140508133,0.0
102.0,0.6799969790613694,2.5094955870999343,1.398161565464743,-8.501087063127988,1.4945204140508133,113.95196604728699
110.0,0.6799969790613694,-57.86926190731789,10.937322863576314,-580.4075186005647,1.4945204140508133,112.1726667881012
118.0,0.6799969790613694,-68.4981532337549,12.841310670492673,-800.4515714854115,1.4945204140508133,108.33465147018433
126.0,0.6799969790613694,-97.76953279183992,32.4927625531122,-5130.352533718542,1.4945204140508133,106.39580583572388
134.0,0.6799969790613694,-114.62420841813018,32.68018447428612,-5189.719700556794,1.4945204140508133,108.17605757713318
142.0,0.6799969790613694,-147.8205191955015,40.399390991412105,-7931.465928363111,1.4945204140508133,105.7648663520813
150.0,0.6799969790613694,-161.73827563366885,72.60934199514294,-25622.80265854701,1.4945204140508133,110.62666344642639
