cost,SR,IR,rmse,r2,max_value,operation_time
94.0,0.20736910248668528,2.460778537465888,1.3571980700742687,-7.9525147579210795,1.9671482906254973,0.0
102.0,0.20736910248668528,2.460778537465888,1.3571980700742687,-7.9525147579210795,1.9671482906254973,60.463175535202026
110.0,0.20736910248668528,-77.24858132195101,27.053282601717125,-3556.120006752025,1.9671482906254973,60.09874629974365
118.0,0.20736910248668528,-89.92806197432103,38.72070457510599,-7285.938116460514,1.9671482906254973,59.51491665840149
126.0,0.20736910248668528,-95.43847969327282,41.72782158617412,-8461.72063361538,1.9671482906254973,60.265066623687744
134.0,0.20736910248668528,-101.06224633876454,50.081079684165026,-12189.062857977604,1.9671482906254973,59.552701473236084
142.0,0.20736910248668528,-117.3157369917093,55.5037409450596,-14971.802284947351,1.9671482906254973,60.925265312194824
150.0,0.20736910248668528,-164.55208400660317,84.15891462101406,-34422.8016340967,1.9671482906254973,62.40907025337219
