cost,SR,IR,rmse,r2,max_value,operation_time
94.0,0.4080012168389806,1.0637128211670261,0.2997542804713667,0.5632937918725549,1.766516176273202,0.0
102.0,0.4080012168389806,1.0637128211670261,0.2997542804713667,0.5632937918725549,1.766516176273202,47.831483125686646
110.0,0.4080012168389806,-29.28638402811661,4.928105056167701,-117.0370898600983,1.766516176273202,48.00466775894165
118.0,0.4080012168389806,-26.91174429807473,5.7862658258207675,-161.72539784589253,1.766516176273202,47.93219304084778
126.0,0.4080012168389806,-48.74015560622035,20.008451387657956,-1944.7432463242062,1.766516176273202,47.19618272781372
134.0,0.4080012168389806,-53.75614794239062,22.554037848688886,-2471.3342686360143,1.766516176273202,48.0465304851532
142.0,0.4080012168389806,-58.160869234606665,31.749113616893528,-4898.161868519318,1.766516176273202,48.20008969306946
150.0,0.4080012168389806,-54.40826803624534,30.796854185538074,-4608.685458238574,1.766516176273202,48.187275886535645
