cost,SR,IR,rmse,r2,max_value,operation_time
94.0,0.679047630198601,0.8980405035482284,0.7818690374747108,-1.9711638954632904,1.4954697629135816,0.0
102.0,0.679047630198601,0.8980405035482284,0.7818690374747108,-1.9711638954632904,1.4954697629135816,47.85791015625
110.0,0.679047630198601,-44.86282777602532,13.282234827182046,-856.4343682478689,1.4954697629135816,48.006346702575684
118.0,0.679047630198601,-30.474410135096328,8.300956249331081,-333.8997540307222,1.4954697629135816,47.80887269973755
126.0,0.679047630198601,-33.19292224888912,5.411012322622277,-141.30351405113083,1.4954697629135816,48.047802448272705
134.0,0.679047630198601,-27.03874234968582,4.111998606921933,-81.17968958774502,1.4954697629135816,48.47229266166687
142.0,0.679047630198601,-20.700638024970996,2.760414231463037,-36.03455190449177,1.4954697629135816,48.17115831375122
150.0,0.679047630198601,-16.332128717621345,2.1470641172908334,-21.405188728889577,1.4954697629135816,47.827298164367676
