cost,SR,IR,rmse,r2,max_value,operation_time
94.0,0.6799969790613694,1.1786113863739642,0.3159901917940428,0.5147050368782773,1.4945204140508133,0.0
102.0,0.6799969790613694,1.1786113863739642,0.3159901917940428,0.5147050368782773,1.4945204140508133,47.935903549194336
110.0,0.6799969790613694,-25.522990064025336,5.946352255245498,-170.8540788412103,1.4945204140508133,47.959452629089355
118.0,0.6799969790613694,-42.50685925805204,8.93115092808311,-386.6800349814926,1.4945204140508133,47.863232135772705
126.0,0.6799969790613694,-52.74467500322308,17.481343448926545,-1484.2795084826353,1.4945204140508133,47.933202266693115
134.0,0.6799969790613694,-47.26336365163855,13.690477787313398,-909.9526187838552,1.4945204140508133,47.715938091278076
142.0,0.6799969790613694,-50.03873224462039,20.486105696551363,-2038.7521378319193,1.4945204140508133,47.82314610481262
150.0,0.6799969790613694,-57.96358795633448,26.36169595058328,-3376.577105319027,1.4945204140508133,47.61764454841614
