cost,SR,IR,rmse,r2,max_value,operation_time
94.0,0.4176644742876241,1.295307774602204,0.3458447754995564,0.41867229973296916,1.7568529188245585,0.0
102.0,0.4176644742876241,1.295307774602204,0.3458447754995564,0.41867229973296916,1.7568529188245585,48.5125253200531
110.0,0.4176644742876241,-34.59566748761059,8.644318072348257,-362.1784376308484,1.7568529188245585,47.620540380477905
118.0,0.4176644742876241,-43.46480943088262,15.21766390393477,-1124.523468384007,1.7568529188245585,47.67207860946655
126.0,0.4176644742876241,-46.333671906041594,18.36810505959275,-1638.786430679887,1.7568529188245585,48.4099280834198
134.0,0.4176644742876241,-62.48135576070587,25.91002824190393,-3261.8292844353796,1.7568529188245585,48.0742084980011
142.0,0.4176644742876241,-71.39057034440766,34.50704414566079,-5786.274707156367,1.7568529188245585,48.19429135322571
150.0,0.4176644742876241,-76.96252075146927,39.41331204903515,-7548.956378115841,1.7568529188245585,47.5825617313385
