cost,SR,IR,rmse,r2,max_value,operation_time
94.0,0.3535511166418863,1.4645267944245322,0.376391086147002,0.311447216553432,1.8209662764702963,0.0
102.0,-0.05314789490052263,1.4645267944245322,0.376391086147002,0.311447216553432,2.2276652880127052,47.678447008132935
110.0,-0.05314789490052263,-57.07487450725973,21.1104280748204,-2164.971105374499,2.2276652880127052,48.174341917037964
118.0,-0.05314789490052263,-61.619779429619356,25.49852770022218,-3159.012410632196,2.2276652880127052,48.19049954414368
126.0,-0.05314789490052263,-61.16707793314393,34.61980586632615,-5824.15968524197,2.2276652880127052,47.75430202484131
134.0,-0.05314789490052263,-68.34990135475418,41.394297585305964,-8326.978854476418,2.2276652880127052,48.14393496513367
142.0,-0.05314789490052263,-73.92478092903355,44.65135115665708,-9689.089521139547,2.2276652880127052,48.048511266708374
150.0,-0.05314789490052263,-82.3031117582342,46.77332767091549,-10631.982919424394,2.2276652880127052,47.63429045677185
