cost,SR,IR,rmse,r2,max_value,operation_time
94.0,0.5333219219743959,0.8243968225738012,0.7640638795870935,-1.8373827061514945,1.6411954711377867,0.0
102.0,0.5333219219743959,0.8243968225738012,0.7640638795870935,-1.8373827061514945,1.6411954711377867,48.013144969940186
110.0,0.5333219219743959,-15.903692935348143,3.833308077979249,-70.41772759258033,1.6411954711377867,47.57878923416138
118.0,0.5333219219743959,-37.4554194709899,6.9208470745702035,-231.79684212311753,1.6411954711377867,47.46928548812866
126.0,0.5333219219743959,-43.247571217359216,15.1775340457537,-1118.5951546389826,1.6411954711377867,48.032381534576416
134.0,0.5333219219743959,-43.178771719330065,16.23849657470945,-1280.5932603014598,1.6411954711377867,47.95405435562134
142.0,0.5333219219743959,-58.759244031931225,27.848108521909694,-3768.206958066104,1.6411954711377867,47.559155225753784
150.0,0.5333219219743959,-70.01626693461372,36.789095993732246,-6577.0445610792585,1.6411954711377867,47.89179539680481
