cost,SR,IR,rmse,r2,max_value,operation_time
94.0,0.8488039273584653,1.0802948362263012,0.3806726716406879,0.2956930419217313,1.3257134657537173,0.0
102.0,0.8488039273584653,1.0802948362263012,0.3806726716406879,0.2956930419217313,1.3257134657537173,50.2555615901947
110.0,0.8488039273584653,-42.73743061966715,9.2498888920561,-414.84512158260566,1.3257134657537173,50.969775915145874
118.0,0.8488039273584653,-50.263035993848376,7.707123547170976,-287.6976312780597,1.3257134657537173,50.08289909362793
126.0,0.8488039273584653,-47.84822226232937,6.908294277973741,-230.95313000637842,1.3257134657537173,49.40584945678711
134.0,0.8488039273584653,-48.14617796511397,8.032479466158453,-312.5868385872768,1.3257134657537173,48.41923761367798
142.0,0.8488039273584653,-48.138230094766186,8.766663585068697,-372.5315250731904,1.3257134657537173,48.54250526428223
150.0,0.8488039273584653,-48.12915163726378,8.800670871020335,-375.4351226259326,1.3257134657537173,47.88332438468933
