cost,SR,IR,rmse,r2,max_value,operation_time
94.0,0.20736910248668528,1.1697723905248296,0.3360948912942772,0.4509872870385072,1.9671482906254973,0.0
102.0,0.20736910248668528,1.1697723905248296,0.3360948912942772,0.4509872870385072,1.9671482906254973,47.97975564002991
110.0,0.20736910248668528,-44.14709449359428,17.298342051607325,-1453.345326569406,1.9671482906254973,47.732152223587036
118.0,0.20736910248668528,-50.60210963857945,22.41288075277499,-2440.4843216680824,1.9671482906254973,47.81389021873474
126.0,0.20736910248668528,-52.83950190666896,24.248693019875187,-2856.8224913683443,1.9671482906254973,47.557634592056274
134.0,0.20736910248668528,-53.41318061072376,26.88855520552792,-3512.933293676007,1.9671482906254973,47.94282364845276
142.0,0.20736910248668528,-58.05113919033587,27.857281847034724,-3770.6905634179398,1.9671482906254973,47.63996171951294
150.0,0.20736910248668528,-58.322819890541865,30.438164958589287,-4501.93327400531,1.9671482906254973,54.17720603942871
