train_sample_num,rmse,nrmse,r2,time
8,5.261857,0.14263144,-0.5738304675663908,0.5805521011352539
16,5.158894,0.08552761,-0.5128403226463618,0.5903060436248779
32,2.0220807,0.19117783,0.7675782190830044,0.583653450012207
64,1.1854755,0.28191483,0.9201150421295301,0.604323148727417
