train_sample_num,rmse,nrmse,r2,time
8,2.4626124,0.11807539,0.5696911008332821,0.5824370384216309
16,1.5851836,0.11914507,0.8217016317610583,0.5832011699676514
32,2.7101562,0.07503282,0.4788330396276895,0.5981333255767822
64,2.7018254,0.056168646,0.4820321725430172,0.5944554805755615
