train_sample_num,rmse,nrmse,r2,time
8,2.461525,0.10285378,0.5880143463958636,0.589911937713623
16,3.3875818,0.057024945,0.21971514506318612,0.602043867111206
32,1.8062938,0.18288606,0.7781546082095303,0.5912134647369385
64,0.9095738,0.1286063,0.9437465095271368,0.6112968921661377
