train_sample_num,rmse,nrmse,r2,time
8,5.1795774,0.107408695,-0.5249952987844066,0.6283748149871826
16,5.2172427,0.09288932,-0.5472551472055247,0.6274783611297607
32,1.408087,0.09890527,0.8872961350468576,0.6269636154174805
64,0.7041853,0.11338715,0.9718126795082637,0.6485016345977783
