train_sample_num,rmse,nrmse,r2,time
8,2.3121042,0.06428102,0.6365133631695801,0.6098487377166748
16,3.3873007,0.05519774,0.21984461382010256,0.6236021518707275
32,1.4068569,0.18864627,0.8654221812920841,0.6142356395721436
64,0.7769839,0.07854034,0.9589514626769067,0.6451249122619629
