train_sample_num,rmse,nrmse,r2,time
8,3.0302835,0.07343833,0.34843955571454976,0.8210234642028809
16,2.7810128,0.059430934,0.45122517906804616,0.833716630935669
32,3.9263358,0.07057148,-0.09386354265200803,0.8432769775390625
64,3.3030007,0.095896535,0.22588498407702984,0.8599727153778076
