train_sample_num,rmse,nrmse,r2,time
8,8.08526509985858,0.056454149952385124,-2.7159373671202522,2.7016842365264893
16,6.203892641882141,0.051588884005815586,-1.187803962140559,2.592646598815918
32,1.0027123721290414,0.14071088378916852,0.9428478458602293,3.2835826873779297
64,0.9034118662727236,0.15787539397999176,0.9536071088161993,8.706672191619873
