train_sample_num,rmse,nrmse,r2,time
8,5.1799364,0.107585825,-0.5252068364546363,0.8514912128448486
16,5.214166,0.09279286,-0.5454310365084665,0.8609452247619629
32,1.1785654,0.14793676,0.9210436243713335,0.8585567474365234
64,0.7702473,0.1378302,0.966275914476271,0.9001884460449219
