train_sample_num,rmse,nrmse,r2,time
8,1.7741613,0.16493419,0.7859773085631472,0.5363328456878662
16,1.8735453,0.17174213,0.7613276992585144,0.5516080856323242
32,1.8801448,0.15171662,0.7596433221490396,0.5616874694824219
64,1.652184,0.18148546,0.8143946872760839,0.5710439682006836
