train_sample_num,rmse,nrmse,r2,time
8,1.9426844,0.163469,0.7854717997657019,0.5425641536712646
16,1.5359582,0.17109215,0.8658969480476019,0.5391836166381836
32,1.6030006,0.17144991,0.8539346304696581,0.5616278648376465
64,1.4198743,0.1720383,0.8854012896436447,0.5607407093048096
