train_sample_num,rmse,nrmse,r2,time
8,2.3634458,0.06282224,0.6201913597522954,0.5726492404937744
16,3.252362,0.055178616,0.28076406400012255,0.5733051300048828
32,1.3543804,0.122383825,0.8752746069627108,0.5672249794006348
64,0.31548354,0.08344961,0.993232519350939,0.5694856643676758
