train_sample_num,rmse,nrmse,r2,time
8,2.9051468,0.102745704,0.4011412127481333,0.5633800029754639
16,0.65709424,0.07366532,0.9693631910565857,0.5664076805114746
32,1.8918524,0.08866743,0.746041499409376,0.5608012676239014
64,0.8087358,0.08145207,0.9535910736259957,0.5757668018341064
