train_sample_num,rmse,nrmse,r2,time
8,4.311119,0.08031454,-0.05647661587496744,0.5873336791992188
16,4.331064,0.081473686,-0.06627465356617757,0.5483858585357666
32,0.9419388,0.09419136,0.9495657852552492,0.565479040145874
64,0.60080236,0.09991573,0.9794816182348928,0.6090755462646484
