train_sample_num,rmse,nrmse,r2,time
8,5.225333,0.095387615,-0.5520575177673284,0.5622467994689941
16,5.060545,0.08091662,-0.45570843300737485,0.5653386116027832
32,1.317729,0.18829997,0.9012966081100461,0.5657527446746826
64,0.96441764,0.15973894,0.9471298928007446,0.5809025764465332
