train_sample_num,rmse,nrmse,r2,time
8,2.4175096,0.117368914,0.5853090281076427,0.5708997249603271
16,1.4605734,0.22417189,0.8486316630004086,0.5608360767364502
32,2.226919,0.13926376,0.6481180047431364,0.569265604019165
64,1.4401207,0.07444929,0.8528412717655909,0.5919280052185059
