train_sample_num,rmse,nrmse,r2,time
8,2.1310186,0.03576529,0.6912207790844906,0.5650660991668701
16,3.388719,0.056377064,0.2191910856137873,12.264110326766968
32,1.5958815,0.19013116,0.8268291190277287,0.5713446140289307
64,0.85063356,0.082756534,0.9508007322116576,0.584662675857544
