train_sample_num,rmse,nrmse,r2,time
8,0.15567191,0.06947114,-0.07458837269176288,0.594646692276001
16,0.17609426,0.1347636,-0.3750294278605917,0.6015100479125977
32,0.11200855,0.14556372,0.4436809568266752,0.6056032180786133
64,0.11045312,0.17625001,0.4590244905850208,0.6184375286102295
