train_sample_num,rmse,nrmse,r2,time
8,0.14650796,0.17595863,-0.0781637417272556,0.590510368347168
16,0.06583058,0.13339005,0.7823204581904445,0.591820478439331
32,0.073312655,0.09773405,0.7300271346075738,0.604637861251831
64,0.11793179,0.2763654,0.3014073857479286,0.6137280464172363
