train_sample_num,rmse,nrmse,r2,time
8,0.15909667,0.13608769,-0.059397044917231634,0.8625705242156982
16,0.10227136,0.17111737,0.5622313109012846,0.8566460609436035
32,0.11511816,0.12952423,0.44534334275907883,0.874591588973999
64,0.11664281,0.120869875,0.4305540118606098,0.9046440124511719
