train_sample_num,rmse,nrmse,r2,time
8,0.15704982,0.12018174,-0.09369573618796889,0.861966609954834
16,0.1560923,0.15504679,-0.08040004881526874,0.8644545078277588
32,0.11148665,0.12950116,0.4488531545795861,0.868685245513916
64,0.101473644,0.10330631,0.5434081982891503,0.8907055854797363
