train_sample_num,rmse,nrmse,r2,time
8,0.16489485,0.12682004,-0.20569036114324502,0.628284215927124
16,0.113192074,0.09213821,0.43186225497485387,0.6297714710235596
32,0.08126315,0.12338936,0.7071744834808266,0.6423132419586182
64,0.07501134,0.1485097,0.7504971639267797,0.6517412662506104
