train_sample_num,rmse,nrmse,r2,time
8,0.17680758,0.1309002,-0.5702325946090283,0.8661303520202637
16,0.113357365,0.13099778,0.35455136739966464,0.8546905517578125
32,0.095222615,0.1137167,0.5445481661036278,0.8635725975036621
64,0.10315382,0.088259585,0.46551830682070394,0.8843457698822021
