train_sample_num,rmse,nrmse,r2,time
8,0.1159294150465693,0.3551673651762159,0.40405127212941994,2.7128546237945557
16,0.11343323939055862,0.3430766086911388,0.4294387441353553,2.5829126834869385
32,0.10995564775346496,0.3184374666901948,0.46388656510687143,2.9745545387268066
64,0.10136353439257224,0.32904504703917903,0.5443985488711076,8.293864488601685
