train_sample_num,rmse,nrmse,r2,time
8,0.11780701666766936,0.37302176533226483,0.419130065880593,2.6745448112487793
16,0.11479685434262649,0.3854578649238249,0.44843518125856785,2.589726209640503
32,0.10894607129363636,0.3845891621308303,0.5032250031654693,2.932955741882324
64,0.09659249038353755,0.4028790553579719,0.6094979586995295,8.127995252609253
