train_sample_num,rmse,nrmse,r2,time
8,0.1125987,0.06587484,0.46935587188650296,0.619987964630127
16,0.07721248,0.09085134,0.7504764147820712,0.5534367561340332
32,0.08921937,0.08376019,0.6668384183770258,0.5779824256896973
64,0.08686772,0.08944856,0.6841699431067736,0.5682470798492432
