train_sample_num,rmse,nrmse,r2,time
8,0.4877563,0.23921882,-10.950003513347236,0.6090037822723389
16,0.07802409,0.12781747,0.6942125819600427,0.5975420475006104
32,0.07257491,0.105388515,0.7354332446558113,0.5462219715118408
64,0.07439921,0.06294508,0.7219653836368152,0.5924320220947266
