train_sample_num,rmse,nrmse,r2,time
8,0.16003828,0.12664343,-0.13571506997845129,0.5706324577331543
16,0.118790254,0.09453353,0.37427542466129926,0.5717933177947998
32,0.07138346,0.09866174,0.7740476741167501,0.5801224708557129
64,0.05942217,0.09810837,0.8434263522176025,0.5912041664123535
