train_sample_num,rmse,nrmse,r2,time
8,0.14993194,0.13082877,-0.12914704885435735,0.5637218952178955
16,0.060562827,0.104941025,0.8157639953453194,0.561851978302002
32,0.043241177,0.07293203,0.9060801762220215,0.578641414642334
64,0.011059536,0.15356424,0.9938562152935748,0.5884354114532471
