train_sample_num,rmse,nrmse,r2,time
8,0.07454042,0.13701282,0.7674478790606818,0.5677075386047363
16,0.039776325,0.17812656,0.9337804995611644,0.5667638778686523
32,0.055214033,0.08081152,0.8724044619466782,0.5896036624908447
64,0.053818274,0.09704038,0.8787739136691163,0.5902972221374512
