train_sample_num,rmse,nrmse,r2,time
8,0.15206653,0.072376914,-0.02538955617955274,0.5704247951507568
16,0.107934386,0.11635074,0.4834156493033771,0.566859245300293
32,0.07545154,0.10249641,0.7475602320167608,0.5758411884307861
64,0.062365036,0.11125161,0.8275338300647765,0.5888547897338867
