train_sample_num,rmse,nrmse,r2,time
8,0.13346046,0.1611723,0.10532044724433887,0.5813865661621094
16,0.07427067,0.18192458,0.7229252588903288,0.5866806507110596
32,0.05421755,0.09557899,0.8523470804994976,0.5760953426361084
64,0.04425763,0.08593775,0.9016128076784137,0.5862858295440674
