train_sample_num,rmse,nrmse,r2,time
8,0.7370292,0.14173238,0.42862903240322403,0.5883293151855469
16,0.2434734,0.088093296,0.9376477935932771,0.6040797233581543
32,0.13868617,0.09168088,0.9797691055680743,0.6103701591491699
64,0.09099869,0.06654052,0.9912899827300368,0.621772050857544
