train_sample_num,rmse,nrmse,r2,time
8,0.6951223,0.15082876,0.5546826646339194,0.594646692276001
16,0.22825813,0.105823375,0.9519824830302415,0.589188814163208
32,0.17723753,0.17578965,0.9710493327283758,0.6053488254547119
64,0.1563547,0.12877738,0.9774695929116097,0.6188220977783203
