train_sample_num,rmse,nrmse,r2,time
8,0.38016143,0.1486965,0.855096213007903,0.6252286434173584
16,0.27767012,0.1232952,0.9226960198876005,0.6169252395629883
32,0.23022774,0.10664102,0.9468554399766606,0.6484794616699219
64,0.2538193,0.114627644,0.935405911231831,0.6706497669219971
