train_sample_num,rmse,nrmse,r2,time
8,1.3390291,0.15701608,-0.8859439173742376,0.8660387992858887
16,0.705795,0.1976251,0.4760306099151811,0.8573095798492432
32,1.0735241,0.057730827,-0.2121946737812319,0.8702356815338135
64,0.60416585,0.21737796,0.6160619809485546,0.9371836185455322
