train_sample_num,rmse,nrmse,r2,time
8,0.56334466,0.12421192,0.6661916989999992,0.6213979721069336
16,0.28884244,0.08519945,0.9122452334255661,0.6341691017150879
32,0.15499261,0.11051468,0.9747320053392077,0.6398546695709229
64,0.14918756,0.10586122,0.9765893191151501,0.6689291000366211
