train_sample_num,rmse,nrmse,r2,time
8,0.72795683,0.19793026,0.46868160653050606,0.8825371265411377
16,0.8134184,0.19113088,0.33660601138783375,0.8626763820648193
32,1.0198193,0.09062211,-0.04277345035470148,0.8734819889068604
64,0.67402375,0.09284457,0.5444941121702322,0.8867714405059814
