train_sample_num,rmse,nrmse,r2,time
8,0.2516328799522748,0.06479688124062481,0.936513942934691,2.664025068283081
16,0.24659106921181861,0.06509006819989045,0.9390325169466414,2.595728874206543
32,0.23869920007926262,0.0630394519399142,0.9428724622385327,2.9736788272857666
64,0.22755389571236748,0.06448843154150785,0.9480826963796157,8.000315189361572
