train_sample_num,rmse,nrmse,r2,time
8,0.2458707304494812,0.07375640175179607,0.9364138662152982,2.7027158737182617
16,0.24519262932637528,0.07362816256757057,0.9367641183179092,2.597933530807495
32,0.2368982483483941,0.07012033983668829,0.9409700445346909,3.0846645832061768
64,0.22652272690529535,0.06654171551135508,0.9460275268830771,8.009563684463501
