train_sample_num,rmse,nrmse,r2,time
8,0.27077046,0.077127844,0.9324306409424323,0.5414929389953613
16,0.11483235,0.1801792,0.9878472198787404,0.5430686473846436
32,0.13153228,0.26710984,0.9840554636877584,0.5647649765014648
64,0.119561575,0.23335733,0.9868256111955713,0.5863282680511475
