train_sample_num,rmse,nrmse,r2,time
8,0.22917534,0.09458256,0.9473401859313934,0.5748996734619141
16,0.20425004,0.18495952,0.9581719282968034,0.5648765563964844
32,0.15056826,0.13812603,0.9772694217871875,0.578071117401123
64,0.114211015,0.19456042,0.9869214524823797,0.5971519947052002
