train_sample_num,rmse,nrmse,r2,time
8,0.40043676,0.12865926,0.8392276056612258,0.5744929313659668
16,0.37074387,0.29161534,0.8621865722204449,0.5703005790710449
32,0.29357395,0.2594304,0.9135870927949514,0.5707895755767822
64,0.24703696,0.27592063,0.9388118311442929,0.609520435333252
