train_sample_num,rmse,nrmse,r2,time
8,0.67582625,0.13503154,0.519582487897785,0.5717141628265381
16,0.1552587,0.08880168,0.9746451691884926,0.5595293045043945
32,0.109961666,0.12608801,0.9872816320998196,0.5798428058624268
64,0.095697425,0.11494748,0.9903672734849994,0.6025569438934326
