train_sample_num,rmse,nrmse,r2,time
8,0.7464451,0.17268875,0.4864970658885399,0.5677776336669922
16,0.11869956,0.16421738,0.9870148981618786,0.5706160068511963
32,0.15997045,0.1866585,0.9764154944130425,0.5742251873016357
64,0.13257965,0.15828693,0.9838005236300316,0.5987081527709961
