cost,SR,IR,rmse,r2,max_value,operation_time
97.0,0.4080012168389806,2.214355343808903,1.0801002965132889,-4.670048182041952,1.766516176273202,6.47627854347229
104.0,0.4080012168389806,-21.797274194868876,4.2907264470351905,-88.47881690497354,1.766516176273202,6.533742666244507
111.0,0.4080012168389806,-8.820379211294252,2.156930347991815,-21.61157535393506,1.766516176273202,6.408043622970581
118.0,0.4080012168389806,0.39359123830412335,3.7345010559844174,-66.7834628646827,1.766516176273202,6.32629656791687
125.0,0.4080012168389806,-64.8424433240295,26.616328548775286,-3442.14154289292,1.766516176273202,6.451781511306763
132.0,0.4080012168389806,-71.31638147573561,38.61874896401243,-7247.614118362142,1.766516176273202,6.473237991333008
139.0,0.4080012168389806,-69.27582751337809,37.937094845313446,-6993.9839034793495,1.766516176273202,6.4016804695129395
146.0,0.4080012168389806,-58.19976709887959,33.024618177350014,-5299.711760300694,1.766516176273202,6.3555686473846436
153.0,0.4080012168389806,-34.38563525810093,15.587257990508515,-1179.858951343177,1.766516176273202,6.340198278427124
