cost,SR,IR,rmse,r2,max_value,operation_time
97.0,0.5884475381478942,0.8188535676839499,0.5734367134049169,-0.5981942648528715,1.5860698549642884,6.528208255767822
104.0,0.5884475381478942,-37.11530896858012,11.025333590350794,-589.8021350577538,1.5860698549642884,6.421581983566284
111.0,0.5884475381478942,-43.18477034948476,13.847917379412836,-931.0248810214905,1.5860698549642884,6.497620344161987
118.0,0.5884475381478942,-59.15146488855957,29.853192432177007,-4330.518160713232,1.5860698549642884,6.412010669708252
125.0,0.5884475381478942,-65.86938803041303,33.262014237843644,-5376.193550074656,1.5860698549642884,6.535937309265137
132.0,0.5884475381478942,-68.43295213548365,37.03575599498064,-6665.547948430518,1.5860698549642884,6.39318585395813
139.0,0.5884475381478942,-84.41009625047934,49.473152008126256,-11894.911932575294,1.5860698549642884,6.452667713165283
146.0,0.5884475381478942,-77.54923977638045,46.65013125191928,-10576.044188984348,1.5860698549642884,6.485471963882446
153.0,0.5884475381478942,-65.89530153275082,38.07085445854811,-7043.397060108923,1.5860698549642884,6.60153865814209
