cost,SR,IR,rmse,r2,max_value,operation_time
97.0,0.5333219219743959,0.8284102671284674,0.6411479361521283,-0.9979061144649972,1.6411954711377867,6.491433143615723
104.0,0.5333219219743959,-21.58685598859464,9.562305781191615,-443.4100109719712,1.6411954711377867,6.3369460105896
111.0,0.5333219219743959,-21.51087391184938,7.621650425956618,-281.3297411331201,1.6411954711377867,6.634893417358398
118.0,0.5333219219743959,-44.00303318586302,14.729488674967415,-1053.4692522467503,1.6411954711377867,6.433278799057007
125.0,0.5333219219743959,-53.795044235403594,18.119800240357122,-1594.7519722398563,1.6411954711377867,6.47380805015564
132.0,0.5333219219743959,-69.09783740839686,29.734278327524763,-4296.079448690059,1.6411954711377867,6.531755685806274
139.0,0.5333219219743959,-66.02400350537903,21.987611858649572,-2348.712366320354,1.6411954711377867,6.443606853485107
146.0,0.5333219219743959,-61.17497154207921,14.858424793724865,-1072.010865219488,1.6411954711377867,6.46550440788269
153.0,0.5333219219743959,-68.87765040781686,32.465791900198475,-5121.837499634052,1.6411954711377867,6.4423298835754395
