cost,SR,IR,rmse,r2,max_value,operation_time
97.0,0.6799969790613694,2.448146282871825,1.2739820074330248,-6.888331764408561,1.4945204140508133,6.607288599014282
104.0,0.6799969790613694,-16.076820555315276,2.5264019570661125,-30.021548807323693,1.4945204140508133,6.397416353225708
111.0,0.6799969790613694,-20.290431413670756,2.780717675027342,-36.5813497190174,1.4945204140508133,6.505201101303101
118.0,0.6799969790613694,-22.46833710480717,3.041814230698351,-43.9701103724776,1.4945204140508133,6.50321626663208
125.0,0.6799969790613694,-33.079156217335324,6.041704530899614,-176.4097743144031,1.4945204140508133,6.427350759506226
132.0,0.6799969790613694,-65.58035918879055,25.61813040795481,-3188.726473890854,1.4945204140508133,6.719779968261719
139.0,0.6799969790613694,-72.72184862556489,32.03369355429697,-4986.381753563643,1.4945204140508133,6.576664447784424
146.0,0.6799969790613694,-74.38768183446275,35.01949678311167,-5959.440830458656,1.4945204140508133,6.634409427642822
153.0,0.6799969790613694,-78.94615695594314,38.11498737510589,-7059.738694076699,1.4945204140508133,6.771535634994507
