cost,SR,IR,rmse,r2,max_value,operation_time
97.0,-0.07648260688781727,1.0104891211431573,0.582737958402964,-0.6504607281613226,2.251,6.9514429569244385
104.0,-0.07648260688781727,-46.09034571155214,17.133148864502434,-1425.7009666018428,2.251,6.623469591140747
111.0,-0.07648260688781727,-23.049465115816577,9.987386257733492,-483.79962081933496,2.251,6.580301284790039
118.0,-0.07648260688781727,-41.41344506535249,22.12269535464241,-2377.6725260605667,2.251,6.6143224239349365
125.0,-0.07648260688781727,-2.609158050927964,2.35589121940302,-25.97547158990618,2.251,6.73100733757019
132.0,-0.07648260688781727,-10.31480852079495,7.335605371133556,-260.535410559886,2.251,6.784778356552124
139.0,-0.07648260688781727,-10.58225523954074,7.232240842012952,-253.21685359675362,2.251,6.594071388244629
146.0,-0.07648260688781727,-42.68925938725929,26.38160242653172,-3381.6800428028614,2.251,6.615833044052124
153.0,-0.07648260688781727,-2.895591332320846,2.472871480456229,-28.720880433765675,2.251,6.749071836471558
