cost,SR,IR,rmse,r2,max_value,operation_time
97.0,0.19029463725072793,2.289569247510488,1.415487311356428,-8.738017261994221,1.9842227558614547,6.68956732749939
104.0,0.19029463725072793,-29.398819465941276,18.42085241232632,-1648.2178429211185,1.9842227558614547,6.637676477432251
111.0,0.19029463725072793,-30.78868425147752,11.780947064765504,-673.5575196320722,1.9842227558614547,7.060398817062378
118.0,0.19029463725072793,1.055618489923586,4.270858423334724,-87.65207982929964,1.9842227558614547,6.406079292297363
125.0,0.19029463725072793,-3.95626266506782,12.37365852783752,-743.1403124553459,1.9842227558614547,6.613828897476196
132.0,0.19029463725072793,-44.808261187638394,13.60562221248551,-898.6951809045603,1.9842227558614547,6.399210691452026
139.0,0.19029463725072793,-2.9445020761522684,5.876069564142494,-166.81564091651276,1.9842227558614547,6.484827518463135
146.0,0.19029463725072793,-0.9999278710718009,5.18574898243657,-129.7017975161095,1.9842227558614547,6.485889673233032
153.0,0.19029463725072793,-5.875562288055313,8.472017691880781,-347.84482667936516,1.9842227558614547,6.450965166091919
