cost,SR,IR,rmse,r2,max_value,operation_time
97.0,0.44906669529495824,-1.1961775541916224,2.120710382953537,-20.858547723295636,1.7254506978172244,2.24543833732605
104.0,0.44906669529495824,-49.83591996722548,16.91107999232946,-1388.9566844719207,1.7254506978172244,2.25228214263916
111.0,0.44906669529495824,-49.76330494497663,20.29525220163429,-2000.9235282861578,1.7254506978172244,2.2218546867370605
118.0,0.44906669529495824,-16.918806399419,9.358503969655613,-424.6684250770855,1.7254506978172244,2.2424674034118652
125.0,0.44906669529495824,-11.854532568396596,7.25262879426006,-254.65216712229005,1.7254506978172244,2.2132813930511475
132.0,0.44906669529495824,-8.343706472438484,5.650175547591455,-154.16096122007033,1.7254506978172244,2.2541189193725586
139.0,0.44906669529495824,-29.80144686765951,18.665773565204525,-1692.3649447478492,1.7254506978172244,2.243115186691284
146.0,0.44906669529495824,-25.42885058924449,16.29756883188749,-1289.934557228617,1.7254506978172244,2.2391324043273926
152.0,0.44906669529495824,-69.85160426575851,45.577588810256664,-10095.277312676028,1.7254506978172244,2.2407889366149902
