cost,SR,IR,rmse,r2,max_value,operation_time
97.0,0.8488039273584653,0.010898263377707273,1.3531381397657354,-7.8990336587246155,1.3257134657537173,2.2865891456604004
104.0,0.8488039273584653,-36.35327140462749,5.366717515817949,-138.98324320249128,1.3257134657537173,2.2434868812561035
111.0,0.8488039273584653,-10.085534890880387,1.7349452753144028,-13.629522119520496,1.3257134657537173,2.211505651473999
118.0,0.8488039273584653,0.4862989719689972,0.6446141687661755,-1.0195670347826473,1.3257134657537173,2.228707790374756
125.0,0.8488039273584653,0.9600063060287538,1.422708169986972,-8.837624231146334,1.3257134657537173,2.233527898788452
132.0,0.8488039273584653,0.9775037286004751,1.899781982202711,-16.541474953265592,1.3257134657537173,2.260603666305542
139.0,0.6505857573700755,0.9673413244488529,1.9618042259922448,-17.70552536082682,1.523931635742107,2.2659921646118164
146.0,0.6505857573700755,0.9663906285658617,2.5177597211709313,-29.809676745158338,1.523931635742107,2.3919878005981445
153.0,0.6505857573700755,-3.241148593176619,8.68277145436856,-365.4167500146538,1.523931635742107,2.2981903553009033
