cost,SR,IR,rmse,r2,max_value,operation_time
97.0,0.4080012168389806,1.0115516341868571,0.7350869184961747,-1.626249405683454,1.766516176273202,2.2399895191192627
104.0,0.4080012168389806,-34.08764749807303,8.689592281156227,-365.9926598740489,1.766516176273202,2.3073019981384277
111.0,0.4080012168389806,-30.772646048069134,7.29293145768255,-257.5013661016174,1.766516176273202,2.3274855613708496
118.0,0.4080012168389806,0.5279500557427204,4.150575681242425,-82.72887444669689,1.766516176273202,2.2973437309265137
125.0,0.4080012168389806,-6.952060649774607,11.174403918019676,-605.8862668939687,1.766516176273202,2.251948833465576
132.0,0.4080012168389806,-3.573412108600759,8.693272100377518,-366.30354962448786,1.766516176273202,2.4242429733276367
139.0,0.4080012168389806,-4.668367343320582,12.778522850676335,-792.633308309343,1.766516176273202,2.3256611824035645
146.0,0.4080012168389806,-5.282580115478302,15.116952854941415,-1109.6752546346456,1.766516176273202,2.2577314376831055
153.0,0.4080012168389806,-2.4909782361555433,7.739263001475983,-290.1104460125764,1.766516176273202,2.251265525817871
