cost,SR,IR,rmse,r2,max_value,operation_time
97.0,0.6799969790613694,1.0424116896500017,0.6085960405748484,-0.8001836956258275,1.4945204140508133,2.2919363975524902
104.0,0.44926799893138636,-31.665776437268505,12.175197414304497,-719.4612087300077,1.7252493941807963,2.2344863414764404
111.0,0.44926799893138636,-46.76063311694253,10.719462822333528,-557.4761402932864,1.7252493941807963,2.2192416191101074
118.0,0.44926799893138636,-59.23944321819192,20.361551963419462,-2014.0245083157224,1.7252493941807963,2.234156370162964
125.0,0.44926799893138636,-66.42733492193207,24.531896188083568,-2923.96595302706,1.7252493941807963,2.25760555267334
132.0,0.44926799893138636,-71.74360076928278,29.255848119445172,-4158.910282382044,1.7252493941807963,2.2422266006469727
139.0,0.44926799893138636,-72.32344290873644,36.69079088207008,-6541.936798021316,1.7252493941807963,2.2372829914093018
146.0,0.44926799893138636,-70.63890093619162,40.54854213678754,-7990.1460405953885,1.7252493941807963,2.2416789531707764
153.0,0.44926799893138636,-94.1670425996787,45.331361467667165,-9986.48417563409,1.7252493941807963,2.2452406883239746
