cost,SR,IR,rmse,r2,max_value,operation_time
97.0,0.20736910248668528,1.030375827986926,0.7850359198205357,-1.995281444063314,1.9671482906254973,2.2387804985046387
104.0,0.20736910248668528,-22.88560554949612,5.392527889231796,-140.33293522177382,1.9671482906254973,2.236351251602173
111.0,0.20736910248668528,-35.90198783354836,8.859469313902405,-380.4819511683126,1.9671482906254973,2.2322731018066406
118.0,0.20736910248668528,-50.706807486632805,19.712382533291194,-1887.5862155510754,1.9671482906254973,2.256582260131836
125.0,0.20736910248668528,-57.87584573831383,23.83185421637596,-2759.414156053912,1.9671482906254973,2.237231969833374
132.0,0.20736910248668528,-66.52448423654981,32.8236453320087,-5235.392611749986,1.9671482906254973,2.217090606689453
139.0,0.20736910248668528,-72.92356536286519,38.480995966617996,-7195.994762888028,1.9671482906254973,2.2401347160339355
146.0,0.20736910248668528,-83.68112145870177,41.96966171571786,-8560.098940729731,1.9671482906254973,2.257753849029541
153.0,0.20736910248668528,-85.64734370776883,45.66777046976139,-10135.270644564467,1.9671482906254973,2.302224636077881
