cost,SR,IR,rmse,r2,max_value,operation_time
97.0,0.4176644742876241,-0.29147147512635874,1.1738662471507588,-5.697239181214661,1.7568529188245585,2.266885757446289
104.0,0.4176644742876241,-43.033188372039724,17.128056616044685,-1424.8530155101387,1.7568529188245585,2.2290337085723877
111.0,0.4176644742876241,-44.36802961194426,19.5845427423909,-1863.169727266802,1.7568529188245585,2.22806453704834
118.0,0.4176644742876241,-5.089010127190322,14.604673514609118,-1035.674186099004,1.7568529188245585,2.2542238235473633
125.0,0.4176644742876241,-2.5731190336195935,1.9596092723009964,-17.663691631680866,1.7568529188245585,2.2380988597869873
132.0,0.4176644742876241,-6.280248438484959,3.969511167856613,-75.58304584840246,1.7568529188245585,2.2296934127807617
139.0,0.4176644742876241,0.47447317379428555,0.6911341051101006,-1.3215777224514222,1.7568529188245585,2.23321270942688
146.0,0.4176644742876241,-7.650941188357823,4.813324143621684,-111.60269825824638,1.7568529188245585,2.233185291290283
153.0,0.4176644742876241,-39.14262169439827,21.018118508465655,-2146.0702366398546,1.7568529188245585,2.3473012447357178
