cost,SR,IR,rmse,r2,max_value,operation_time
97.0,0.20736910248668528,-0.5335131195215581,0.6840725583182531,-1.2743794190139983,1.9671482906254973,3.5248348712921143
104.0,0.20736910248668528,0.8033583997953428,0.3928273576581262,0.2499986757275734,1.9671482906254973,3.5253186225891113
111.0,0.20736910248668528,1.7856544183355205,0.6478565643028509,-1.0399348895376512,1.9671482906254973,3.564297676086426
118.0,0.20736910248668528,1.4150652248676465,0.5286080072304716,-0.35808218930861013,1.9671482906254973,3.5077195167541504
125.0,0.20736910248668528,1.1083319969939112,0.4487331629966055,0.021333072944195064,1.9671482906254973,3.541806936264038
132.0,0.20736910248668528,0.3015536388631972,0.7978467493643162,-2.0938377814351647,1.9671482906254973,3.5507397651672363
139.0,0.20736910248668528,-0.24449740261388797,0.44747730676883096,0.02680333983153327,1.9671482906254973,3.5588760375976562
146.0,0.20736910248668528,0.10523503487472397,0.4762081316547976,-0.1021791544379822,1.9671482906254973,3.5638649463653564
153.0,0.20736910248668528,0.9944951264550226,0.7652323737236445,-1.8460678444983962,1.9671482906254973,3.625999689102173
