cost,SR,IR,rmse,r2,max_value,operation_time
97.0,0.4080012168389806,1.3038395311019713,0.5016938430336134,-0.22330886023017915,1.766516176273202,3.513421058654785
104.0,0.4080012168389806,0.844849743976738,0.7944828862124242,-2.0678044422722235,1.766516176273202,3.5271222591400146
111.0,0.4080012168389806,-9.53720885041821,3.848460167031407,-70.9834355575293,1.766516176273202,3.485795736312866
118.0,0.4080012168389806,0.3801212306211683,0.36893272198925225,0.3384648407915093,1.766516176273202,3.5307841300964355
125.0,0.4080012168389806,1.5713215826350648,0.8918050672537566,-2.865435671661803,1.766516176273202,3.5170183181762695
132.0,0.4080012168389806,1.4795053555582207,0.8989496238343374,-2.9276184261936917,1.766516176273202,3.558645248413086
139.0,0.4080012168389806,0.5777386380245861,0.5697012202324596,-0.5774401047689863,1.766516176273202,3.519007921218872
146.0,0.4080012168389806,1.6418154436291486,0.5657428923392536,-0.5555959065750935,1.766516176273202,3.5487425327301025
153.0,0.4080012168389806,1.6522887874199228,0.5885579072640041,-0.6835924767925436,1.766516176273202,3.530487060546875
