cost,SR,IR,rmse,r2,max_value,operation_time
97.0,0.679047630198601,1.451714181509417,0.4224771395952524,0.13250894178329764,1.4954697629135816,22.65100121498108
104.0,0.679047630198601,-13.461368137046422,21.22546842362432,-2188.642155733551,1.4954697629135816,22.08506178855896
111.0,0.679047630198601,-8.832968193086776,21.986091670795698,-2348.387466941462,1.4954697629135816,22.249446392059326
118.0,0.679047630198601,-614.1548771422497,563.9859271455608,-1545947.8251406122,1.4954697629135816,23.629220962524414
125.0,0.679047630198601,-6.869949002175495,5.304819778048407,-135.77283436670842,1.4954697629135816,22.520771503448486
132.0,0.679047630198601,-16.72416884820436,28.490621519704852,-3944.140055810871,1.4954697629135816,22.095292568206787
139.0,0.679047630198601,-21.06759545380962,27.720492575819293,-3733.740791133533,1.4954697629135816,21.981191158294678
146.0,0.679047630198601,-79.05925020394963,36.64940601229469,-6527.185092192757,1.4954697629135816,21.726219654083252
153.0,0.679047630198601,-159.78328900226595,52.5338324753739,-13412.334294679675,1.4954697629135816,21.60681414604187
