cost,SR,IR,rmse,r2,max_value,operation_time
97.0,0.20736910248668528,1.8474837572519656,0.5523950912963654,-0.4830582193885984,1.9671482906254973,19.990541219711304
104.0,0.20736910248668528,1.7598722666703421,0.5624372268780394,-0.5374701592640538,1.9671482906254973,19.729997158050537
111.0,0.20736910248668528,-1.0947145313837803,1.2717940398803678,-6.861259807384431,1.9671482906254973,19.370694637298584
118.0,0.20736910248668528,-1.4010925407224208,1.4698842147434517,-9.500859089891916,1.9671482906254973,19.45331573486328
125.0,0.20736910248668528,-6.9491791510755085,4.6054171572507885,-102.08524986388004,1.9671482906254973,19.605064630508423
132.0,0.20736910248668528,-6.147278247400523,3.9850676163127625,-76.1844774178452,1.9671482906254973,19.177398920059204
139.0,0.20736910248668528,-7.745916723854327,4.775377402338937,-109.83424792878266,1.9671482906254973,19.781546115875244
146.0,0.20736910248668528,-6.745521744685593,4.31627790033555,-89.54769015356601,1.9671482906254973,20.031922101974487
153.0,0.20736910248668528,-12.100431170279403,7.1110901492661895,-244.7711759556157,1.9671482906254973,19.90002417564392
