cost,SR,IR,rmse,r2,max_value,operation_time
97.0,0.6799969790613694,1.0998106061010493,0.5231939459436453,-0.33040539925283885,1.4945204140508133,19.47895312309265
104.0,0.6799969790613694,1.3371757105667594,0.7065288698756073,-1.4261542209893898,1.4945204140508133,19.756247758865356
111.0,0.6799969790613694,2.004414613742094,0.7265746101245684,-1.5657776269344095,1.4945204140508133,19.45434331893921
118.0,0.6799969790613694,2.093993855232374,1.1848763631250598,-5.823460009264559,1.4945204140508133,19.352777242660522
125.0,0.6799969790613694,-5.184062943013197,2.820797361828448,-37.67250963588108,1.4945204140508133,19.497496128082275
132.0,0.6799969790613694,-13.49716649108063,7.694106473798491,-286.72325357170007,1.4945204140508133,19.89913821220398
139.0,0.6799969790613694,-3.3426942365145687,2.8292069636906247,-37.90344093273895,1.4945204140508133,19.957676649093628
146.0,0.6799969790613694,-31.9911044790324,20.831211098848314,-2108.053607807138,1.4945204140508133,19.892045259475708
153.0,0.6799969790613694,-3.721054894883464,3.0427442764408004,-43.9976141254858,1.4945204140508133,20.13095998764038
