cost,SR,IR,rmse,r2,max_value,operation_time
97.0,0.5884475381478942,2.074873513170053,1.4488528150221076,-9.202512056074884,1.5860698549642884,21.264662504196167
104.0,0.5884475381478942,0.9450345513898153,10.47955680173206,-532.7580165145275,1.5860698549642884,21.286211729049683
111.0,0.5884475381478942,1.7456779147092774,0.7239647142613024,-1.5473779047832217,1.5860698549642884,21.378069639205933
118.0,0.5884475381478942,-3.0379941564871844,29.56923586148076,-4248.509277711042,1.5860698549642884,21.327673196792603
125.0,0.5884475381478942,-12.366080258725734,29.755569618496796,-4302.235517036294,1.5860698549642884,21.493100881576538
132.0,0.5884475381478942,1.3196247625826705,246.62044322037352,-295607.36993491946,1.5860698549642884,21.177534341812134
139.0,0.5884475381478942,-23.57346641136004,137.60636387738222,-92030.31279248977,1.5860698549642884,21.5009503364563
146.0,0.5884475381478942,-6.048424648830549,308.2816038180836,-461905.2069632585,1.5860698549642884,21.6395423412323
153.0,0.5884475381478942,-42.25192665829781,110.43411418597324,-59273.115587384455,1.5860698549642884,21.283375024795532
