cost,SR,IR,rmse,r2,max_value,operation_time
97.0,0.5333219219743959,1.65434212195263,0.5784192915143531,-0.626088270543762,1.6411954711377867,21.42891573905945
104.0,0.5333219219743959,1.2624028873875761,5.331618855286944,-137.15823269092317,1.6411954711377867,21.5394287109375
111.0,0.5333219219743959,-0.5104027104343434,28.396777369823724,-3918.1933719786257,1.6411954711377867,21.582783460617065
118.0,0.5333219219743959,1.6724442564981683,0.5635324099057012,-0.5434635413159443,1.6411954711377867,21.391703605651855
125.0,0.5333219219743959,-19.583511330219377,29.08270914924438,-4109.81846686068,1.6411954711377867,21.430644512176514
132.0,0.5333219219743959,-14.854359928047266,29.518835738730058,-4234.035230344381,1.6411954711377867,22.5564386844635
139.0,0.5333219219743959,-12.2535138413385,23.942808705270117,-2785.177432138314,1.6411954711377867,22.06595516204834
146.0,0.5333219219743959,-50.92011038720171,40.16317783400998,-7838.975674971976,1.6411954711377867,21.37886381149292
153.0,0.5333219219743959,2.669864085113618,50.363469618024546,-12326.921553559314,1.6411954711377867,21.75440764427185
