cost,SR,IR,rmse,r2,max_value,operation_time
97.0,0.8488039273584653,1.4570057734864905,1.1266373343855862,-5.169171680082945,1.3257134657537173,21.225290775299072
104.0,0.8488039273584653,2.161712890568951,0.7475639740883222,-1.716159735807278,1.3257134657537173,21.447728157043457
111.0,0.8488039273584653,-3.537112186789507,2.167928468550367,-21.842754677915714,1.3257134657537173,21.27051568031311
118.0,0.8488039273584653,-16.309191783685918,3.693302841186745,-65.29616687919174,1.3257134657537173,21.05693531036377
125.0,0.8488039273584653,-21.16145270017249,4.684739051600127,-105.66682999933471,1.3257134657537173,21.63328504562378
132.0,0.8488039273584653,-10.658812008127502,7.123859874284442,-245.65465462997628,1.3257134657537173,21.248229265213013
139.0,0.8488039273584653,-28.595934665597483,12.381052334964542,-744.0298915214285,1.3257134657537173,21.305800914764404
146.0,0.8488039273584653,-7.427489853525772,5.173586148179635,-129.0894115205503,1.3257134657537173,21.488406658172607
153.0,0.7223009628116583,-34.877823131709505,20.059344767283754,-1954.6541972563962,1.4522164303005243,21.545940160751343
