cost,SR,IR,rmse,r2,max_value,operation_time
97.0,0.4176644742876241,1.252172603017398,0.5782555860520441,-0.6251679628506766,1.7568529188245585,21.4759464263916
104.0,0.4176644742876241,2.04600422269485,0.7693785505310207,-1.8769924866045735,1.7568529188245585,21.610731840133667
111.0,0.4176644742876241,1.4121583054041074,2.5468659430697214,-30.52613644395215,1.7568529188245585,22.20570707321167
118.0,0.4176644742876241,1.814076496296431,1.473051842879076,-9.546166954777128,1.7568529188245585,21.590205430984497
125.0,0.4176644742876241,1.6548827799497583,2.117325568603726,-20.788827612462573,1.7568529188245585,21.682265996932983
132.0,0.4176644742876241,-126.16194054808739,35.92250445556007,-6270.794117221778,1.7568529188245585,21.998435258865356
139.0,0.4176644742876241,-62.12034138406676,15.050227848553499,-1099.8920322073805,1.7568529188245585,21.84566617012024
146.0,0.4176644742876241,-78.49967786952796,53.680875051506796,-14004.472079643738,1.7568529188245585,21.744072914123535
153.0,0.4176644742876241,-26.091190361698466,6.8522197078086835,-227.20288891500672,1.7568529188245585,21.722827196121216
