cost,SR,IR,rmse,r2,max_value,operation_time
97.0,0.4080012168389806,0.9270758981509442,0.28574309495966127,0.6031649099730527,1.766516176273202,5.946185827255249
104.0,0.4080012168389806,-10.859785004463344,2.280221753479397,-24.270436749112122,1.766516176273202,5.963042259216309
111.0,0.4080012168389806,-9.626291706834394,2.274362333236713,-24.14073018644616,1.766516176273202,6.033839702606201
118.0,0.4080012168389806,-19.11163353402265,8.141925647888684,-321.1905831906585,1.766516176273202,5.965224504470825
125.0,0.4080012168389806,-22.118270805278733,9.162551989245985,-407.02942428350957,1.766516176273202,5.881735324859619
132.0,0.4080012168389806,-23.71387575543862,13.348883220152407,-865.0609285125818,1.766516176273202,6.0964696407318115
139.0,0.4080012168389806,-22.186833711157647,12.724987896440647,-785.9974671335837,1.766516176273202,6.10166597366333
146.0,0.4080012168389806,-22.646006917802136,13.169010982529839,-841.8783494430145,1.766516176273202,6.009552240371704
153.0,0.4080012168389806,-22.831992694107807,10.546091002249558,-539.5571396552341,1.766516176273202,5.968692064285278
