cost,SR,IR,rmse,r2,max_value,operation_time
97.0,-0.07648260688781727,1.4607376181919045,0.4047580209602501,0.20374988813811867,2.251,6.018308401107788
104.0,-0.07648260688781727,-25.9249413594494,9.961927845081652,-481.33120757037995,2.251,6.259772300720215
111.0,-0.07648260688781727,-27.717458297442157,12.147217287429754,-716.1535937722248,2.251,5.976016044616699
118.0,-0.07648260688781727,-30.593616734835955,16.04860799667562,-1250.795301085496,2.251,5.966374635696411
125.0,-0.07648260688781727,-28.265972122240395,18.09033671440709,-1589.5666772945785,2.251,6.0537261962890625
132.0,-0.07648260688781727,-28.642068871766455,18.86452219219406,-1728.618007500536,2.251,6.061996221542358
139.0,-0.07648260688781727,-30.459826008551552,19.340711347106872,-1817.0401304501165,2.251,5.965965032577515
146.0,-0.07648260688781727,-27.436645221781042,17.472598746396717,-1482.7939156923576,2.251,6.081356763839722
153.0,-0.07648260688781727,-28.066948173154433,16.951684755136483,-1395.6394768738246,2.251,5.982893228530884
