cost,SR,IR,rmse,r2,max_value,operation_time
97.0,0.6799969790613694,1.1177018939507115,0.4398227097931718,0.059813786273662184,1.4945204140508133,1.9511923789978027
104.0,0.6497524374571382,-18.822535835369145,5.247838253135743,-132.8503344270052,1.5247649556550444,1.9576892852783203
111.0,0.6497524374571382,-21.310716109665723,6.7767330296838315,-222.20264283031236,1.5247649556550444,1.9763867855072021
118.0,0.6497524374571382,-26.52625651420643,9.64461205941742,-451.0933362799134,1.5247649556550444,1.9960451126098633
125.0,0.6497524374571382,-27.075891546754107,9.925210043535175,-477.782195029719,1.5247649556550444,1.9964678287506104
132.0,0.6497524374571382,-24.937292276655317,10.798212135152264,-565.711843632492,1.5247649556550444,1.9684786796569824
139.0,0.6497524374571382,-24.862758529589705,13.100775875944288,-833.1662464250325,1.5247649556550444,1.9680190086364746
146.0,0.6497524374571382,-25.181979809964705,13.528291065326222,-888.4969353647207,1.5247649556550444,1.9661118984222412
152.0,0.6497524374571382,-32.39590159983198,15.028588480561526,-1096.7285609493852,1.5247649556550444,1.9834091663360596
