cost,SR,IR,rmse,r2,max_value,operation_time
97.0,0.8488039273584653,1.4801945875583087,0.4174733672711694,0.15293618764056038,1.3257134657537173,6.088903188705444
104.0,0.8488039273584653,-12.424894129539728,2.9925886923765987,-42.52638909186991,1.3257134657537173,5.9802868366241455
111.0,0.8488039273584653,-20.50692929443494,2.885941699305094,-39.4793644843676,1.3257134657537173,5.946203947067261
118.0,0.8488039273584653,-19.839514422195645,2.4750567613498706,-28.773432432692765,1.3257134657537173,5.967302560806274
125.0,0.8488039273584653,-19.917369414902865,3.0352219154936018,-43.77540032492073,1.3257134657537173,5.889126300811768
132.0,0.8488039273584653,-19.90893238467917,3.3025542546270614,-52.01008501462429,1.3257134657537173,6.026972055435181
139.0,0.8488039273584653,-19.90112846268136,3.3141346203227657,-52.38249521425778,1.3257134657537173,5.950952053070068
146.0,0.8488039273584653,-20.05033603914425,5.331258484439658,-137.13955674348506,1.3257134657537173,5.970100164413452
153.0,0.7223009628116583,-20.396851573059823,6.9539552920815835,-234.02949488754894,1.4522164303005243,6.0119147300720215
