cost,SR,IR,rmse,r2,max_value,operation_time
97.0,0.4176644742876241,1.2738689945580397,0.33425639339213525,0.45697725036515247,1.7568529188245585,6.243481636047363
104.0,0.4176644742876241,-9.642986185431973,2.567955296840941,-31.050403189199933,1.7568529188245585,6.005840539932251
111.0,0.4176644742876241,-12.334039435434729,2.064121451423274,-19.707566911414588,1.7568529188245585,5.9459428787231445
118.0,0.4176644742876241,-9.043960839446854,1.257840939916844,-6.689711221475611,1.7568529188245585,5.9110496044158936
125.0,0.4176644742876241,-3.8222141431261916,0.7436064223804697,-1.6874775364594492,1.7568529188245585,6.101569414138794
132.0,0.4176644742876241,-0.38871881019950516,0.47948316638748584,-0.11739135772911302,1.7568529188245585,6.008238792419434
139.0,0.4176644742876241,-16.012561314570128,1.808750344427288,-14.900684939567274,1.7568529188245585,6.006735563278198
146.0,0.4176644742876241,-15.332607593089985,1.7388631955899998,-13.695670626012431,1.7568529188245585,6.24111008644104
153.0,0.4176644742876241,-15.184955935019573,1.7252932210332386,-13.467197509597044,1.7568529188245585,6.026638984680176
