cost,SR,IR,rmse,r2,max_value,operation_time
97.0,0.5333219219743959,0.6160955463684914,0.7198713577086256,-1.5186531690312188,1.6411954711377867,6.036637306213379
104.0,0.5333219219743959,-7.223885432419017,2.0658266345992566,-19.74179433506827,1.6411954711377867,5.964076042175293
111.0,0.5333219219743959,-12.920503613909332,3.067135409964687,-44.72192202337346,1.6411954711377867,6.325357913970947
118.0,0.5333219219743959,-15.029480813296935,5.532847686887575,-147.78392390820414,1.6411954711377867,5.994487524032593
125.0,0.5333219219743959,-18.157646194538344,6.130538546995601,-181.66520717109233,1.6411954711377867,5.965398073196411
132.0,0.5333219219743959,-23.22404789351429,9.934398114506834,-478.6690520236499,1.6411954711377867,5.989522695541382
139.0,0.5333219219743959,-21.8204382756216,7.418397095133743,-266.47225072341416,1.6411954711377867,6.135321855545044
146.0,0.5333219219743959,-22.016833200618873,9.599853065563408,-446.9068975540768,1.6411954711377867,6.105610132217407
153.0,0.5333219219743959,-23.820602812109286,12.223242829115987,-725.1585546584482,1.6411954711377867,6.009078502655029
