cost,SR,IR,rmse,r2,max_value,operation_time
97.0,0.6799969790613694,1.3139729797773665,0.3427950215604199,0.42887970826765054,1.4945204140508133,6.003122329711914
104.0,0.6799969790613694,-11.578810348998232,2.1697933374069334,-21.882070609505764,1.4945204140508133,6.006365776062012
111.0,0.6799969790613694,-13.254260492739029,2.3649037547964813,-26.182257384632017,1.4945204140508133,5.987703561782837
118.0,0.6799969790613694,-9.76266085916409,1.6677958235409378,-12.51899298490605,1.4945204140508133,5.96927285194397
125.0,0.6799969790613694,-4.037437181956645,0.8432744020434708,-2.456180483266077,1.4945204140508133,5.937047481536865
132.0,0.6799969790613694,-19.031658056304824,2.443633975412589,-28.02223726979974,1.4945204140508133,5.9772772789001465
139.0,0.6799969790613694,-18.72185753026727,2.291235166238416,-24.51513740091662,1.4945204140508133,5.9441914558410645
146.0,0.6799969790613694,-18.674588716678162,2.269476706596827,-24.032835068908977,1.4945204140508133,6.039142370223999
153.0,0.6799969790613694,-26.84082803243375,14.179002593578788,-976.1245898909084,1.4945204140508133,5.973983287811279
