train_sample_num,rmse,nrmse,r2,time
8,0.2896484,0.1764792,0.6340559924494213,0.5967838764190674
16,0.17788933,0.1419712,0.8619704004028537,0.5942513942718506
32,0.13915318,0.22482063,0.9155385329852335,0.5958020687103271
64,0.17024426,0.24244487,0.8735795553106532,0.6137447357177734
