train_sample_num,rmse,nrmse,r2,time
8,0.26658422,0.23382747,0.682398370776349,0.583113431930542
16,0.26006752,0.17037478,0.697736288356992,0.5940403938293457
32,0.19929305,0.1643107,0.8225000996105261,0.6023600101470947
64,0.18518905,0.31732532,0.8467344894840301,0.6213393211364746
