train_sample_num,rmse,nrmse,r2,time
8,0.2607543,0.2352599,0.6961377732447933,0.6262483596801758
16,0.23178591,0.18915156,0.7599023631487869,0.6232650279998779
32,0.20296971,0.14985694,0.8158904456791929,0.6353893280029297
64,0.19970585,0.16146673,0.8217640349657063,0.6414806842803955
