train_sample_num,rmse,nrmse,r2,time
8,0.1864607131242253,0.17885993210124979,0.8446223722788372,2.632817506790161
16,0.17167582346549332,0.1858688662265792,0.8682859562710256,2.598471164703369
32,0.1648869052567153,0.15246944356535616,0.8784972413559237,3.1757047176361084
64,0.16227110491575006,0.15143950771952966,0.8823217527122946,8.253833293914795
