train_sample_num,rmse,nrmse,r2,time
8,0.18328095828003427,0.09448414586482012,0.8534765822863619,2.6987271308898926
16,0.1601782364823663,0.09397849360581773,0.8880873029444032,2.619772434234619
32,0.14616015720358375,0.12432987294797235,0.9068183600963682,3.183725357055664
64,0.14608468307374045,0.12708764522338886,0.9069145694536296,8.311085939407349
