train_sample_num,rmse,nrmse,r2,time
8,0.6208984590173864,0.1413254989532803,-0.7188198458590693,2.687519073486328
16,0.2647932546241926,0.1781672729071105,0.6873898816954455,2.6120100021362305
32,0.14815358545732274,0.1849989764406575,0.9021381259814586,3.1585850715637207
64,0.14675593778726595,0.13061848629613945,0.9039758305603354,8.321891784667969
