train_sample_num,rmse,nrmse,r2,time
8,0.22014531,0.13299412,0.7886066933415907,0.5429918766021729
16,0.1778083,0.11948182,0.8620961358174938,0.5531046390533447
32,0.18084413,0.17601737,0.8573469247090042,0.5663633346557617
64,0.16800486,0.1662255,0.8768835710842764,0.56772780418396
