train_sample_num,rmse,nrmse,r2,time
8,0.48003075,0.112692885,-0.02737115811549451,0.5469865798950195
16,0.32472393,0.10665141,0.5298702479163668,0.5519845485687256
32,0.17338121,0.15596545,0.8659727186386419,0.5587282180786133
64,0.18189172,0.12826107,0.8524921594648488,0.5779893398284912
