train_sample_num,rmse,nrmse,r2,time
8,0.113772355,0.0828509,0.9421521402860675,0.5552647113800049
16,0.1526079,0.090808436,0.8959198671523632,0.560692548751831
32,0.053637546,0.030553104,0.9871426468743282,0.6122984886169434
64,0.054629516,0.08195922,0.9866626822117897,0.6568999290466309
