train_sample_num,rmse,nrmse,r2,time
8,0.22543104,0.09255387,0.7783336420755596,0.5665066242218018
16,0.17763717,0.10286217,0.8623614658135804,0.5653433799743652
32,0.043371957,0.06471179,0.9917947774304653,0.573725700378418
64,0.06952591,0.14457814,0.9789153802039161,0.5805544853210449
