train_sample_num,rmse,nrmse,r2,time
8,0.26526484,0.22500446,0.6855343967084342,0.5678720474243164
16,0.24285181,0.15361238,0.73642969465452,0.5717506408691406
32,0.2062232,0.12895225,0.8099408260531524,0.576033353805542
64,0.0507281,0.0568223,0.9884996518241308,0.592623233795166
