train_sample_num,rmse,nrmse,r2,time
8,0.2795705,0.12912914,0.6515248059357776,0.5624017715454102
16,0.17975937,0.13229735,0.8559304444615026,0.5760457515716553
32,0.0933891,0.12411473,0.9611150426299786,0.575737476348877
64,0.05443513,0.11300824,0.9867886337898867,0.5883657932281494
