train_sample_num,rmse,nrmse,r2,time
8,0.28600627,0.16624968,0.64320116927016,0.5721704959869385
16,0.16276781,0.09746191,0.8844395010137741,0.5793299674987793
32,0.06879905,0.13497414,0.9793539402753723,0.5767426490783691
64,0.057276983,0.11379036,0.9856902309609343,0.5932204723358154
