train_sample_num,rmse,nrmse,r2,time
8,7753719.924455177,0.003345139059811143,-0.0037540140693301804,2.6913645267486572
16,7753719.8631169805,0.0033451390577298105,-0.0037539981883178974,2.5758473873138428
32,7753719.631260172,0.0033451390408588146,-0.003753938158500336,2.9656474590301514
64,7753719.128451965,0.0033451389979197587,-0.0037538079769290356,7.710086345672607
