train_sample_num,rmse,nrmse,r2,time
8,1.0975949,0.11990843,-3.8194648253455954,0.592714786529541
16,0.84763443,0.10544459,-1.8742984017309734,0.5913784503936768
32,0.8194347,0.10346544,-1.6862311497917886,0.6068973541259766
64,0.69897324,0.13218492,-0.954500676145148,0.6203780174255371
