train_sample_num,rmse,nrmse,r2,time
8,0.864399,0.1811838,-2.1752800798913325,0.5854105949401855
16,0.96324235,0.114998855,-2.9429807141821187,0.5990326404571533
32,0.93374026,0.10125733,-2.7051485199966745,0.5939288139343262
64,0.7807051,0.13977884,-1.5901652563899433,0.6187324523925781
