train_sample_num,rmse,nrmse,r2,time
8,0.74456793,0.14075308,-1.1117091080929087,0.6015222072601318
16,0.7748185,0.15110277,-1.2867855755120412,0.5939927101135254
32,0.8375519,0.14230603,-1.672076661942921,0.6045091152191162
64,0.72124445,0.13935356,-0.9814836455959999,0.6239016056060791
