train_sample_num,rmse,nrmse,r2,time
8,0.8360646,0.19937794,-1.6625946823550826,0.8593320846557617
16,0.6050445,0.16558228,-0.3944409000121838,0.8635125160217285
32,0.49537274,0.11909066,0.06526252887046147,0.8898377418518066
64,0.4738403,0.15887636,0.14475715526485933,0.9039492607116699
