train_sample_num,rmse,nrmse,r2,time
8,0.7223489,0.14758612,-1.2174183161094114,0.6448280811309814
16,0.9351337,0.106208496,-2.716215402016152,0.6340839862823486
32,0.8093586,0.06276963,-1.7837831243663071,0.6330523490905762
64,0.61874574,0.1007377,-0.6269640828477485,0.6497626304626465
