train_sample_num,rmse,nrmse,r2,time
8,1.0585809,0.11431344,-3.482938518652789,0.6359238624572754
16,0.79071504,0.08270649,-1.5012363213842574,0.6261081695556641
32,0.70260954,0.08588177,-0.9748893870699771,0.6319200992584229
64,0.5643029,0.12251898,-0.27391164090162046,0.6575448513031006
