train_sample_num,rmse,nrmse,r2,time
8,1.4723238,0.1201695,-8.212131146803506,0.8547441959381104
16,0.5365618,0.14750002,-0.22346890959995735,0.8505816459655762
32,0.4313746,0.16250518,0.20920729480848765,0.8506827354431152
64,0.40486738,0.15143214,0.30340717381774107,0.922199010848999
