train_sample_num,rmse,nrmse,r2,time
8,0.77565956,0.08588416,-1.4068942303357086,0.9467651844024658
16,0.5410096,0.13025595,-0.17091304091507165,0.922370433807373
32,0.46640885,0.15514751,0.1297415692063031,0.911170244216919
64,0.42282593,0.1432399,0.2847828254347974,0.9163353443145752
