train_sample_num,rmse,nrmse,r2,time
8,0.7257476,0.156744,-1.0063036472468818,0.6511921882629395
16,0.7405073,0.15477574,-1.0887389285627416,0.6346025466918945
32,0.6927559,0.15485471,-0.8280409695715985,0.6401774883270264
64,0.55787915,0.14217031,-0.18551146910197946,0.6516554355621338
