train_sample_num,rmse,nrmse,r2,time
8,1.430724203725217,0.13265154806819227,-6.797175715413135,2.729926824569702
16,1.4064330432219736,0.13811904646127268,-6.534658890150559,2.61458158493042
32,1.3234117579225153,0.14087922413881301,-5.671376498602013,3.1990535259246826
64,1.2047722272037436,0.14974468795074938,-4.528857135378499,8.043012619018555
