train_sample_num,rmse,nrmse,r2,time
8,1.315576340250642,0.14709322694246996,-6.355049327610709,2.7397360801696777
16,1.2795310025904343,0.16329336634911598,-5.957530314396213,2.6195876598358154
32,1.226362263007188,0.17382865002114647,-5.3913269899230505,3.2179644107818604
64,1.1428500030867366,0.1691581488407362,-4.550497975098334,7.990503787994385
