train_sample_num,rmse,nrmse,r2,time
8,1.0544703,0.18689506,-3.448190724408799,0.5598142147064209
16,0.75786823,0.1347895,-1.2977463348846219,0.5493118762969971
32,0.60423726,0.12588382,-0.4605944782474587,0.5644180774688721
64,0.55480295,0.08483185,-0.23138051284741734,0.5856366157531738
