train_sample_num,rmse,nrmse,r2,time
8,1.2140683,0.17752142,-4.614508660752305,0.5536713600158691
16,0.65469027,0.16327572,-0.6326656249281688,0.5592203140258789
32,0.785251,0.120209865,-1.3487807401905845,0.5777137279510498
64,0.5795047,0.09232467,-0.27920290067617803,0.5748534202575684
