train_sample_num,rmse,nrmse,r2,time
8,1.0241728,0.14295052,-3.457588651209541,0.5570573806762695
16,0.8192823,0.1729102,-1.852466691195295,0.5426805019378662
32,0.60439074,0.16642727,-0.5523478448733548,0.5602807998657227
64,0.5583321,0.16696548,-0.3247645005151609,0.573293924331665
