train_sample_num,rmse,nrmse,r2,time
8,0.5132311,0.1741524,-0.053757269328302604,0.5761959552764893
16,0.5145522,0.16621712,-0.05918928425217862,0.5715148448944092
32,0.5096926,0.1704626,-0.039277155496127536,0.581512451171875
64,0.30019993,0.10252238,0.639474594943188,0.5907433032989502
