train_sample_num,rmse,nrmse,r2,time
8,0.6812,0.23486148,-0.7675625917602282,0.5759165287017822
16,0.49425584,0.21494606,0.06947276442393335,0.5651321411132812
32,0.37539363,0.11466518,0.4632162936284798,0.5829534530639648
64,0.2826231,0.10273583,0.6957428292745655,0.5948808193206787
