train_sample_num,rmse,nrmse,r2,time
8,0.7006423,0.14876758,-1.0861530103347325,0.5785720348358154
16,0.9472078,0.10534977,-2.8127999629448612,0.574894905090332
32,0.63044137,0.03915654,-0.6890514687905751,0.5785443782806396
64,0.24666023,0.036334466,0.7414456856775808,0.5944473743438721
