train_sample_num,rmse,nrmse,r2,time
8,1.0827298,0.12061076,-3.6898060990920882,0.5753219127655029
16,0.8469191,0.0794146,-1.8694493794871736,0.5772225856781006
32,0.4924401,0.06622953,0.029888778608078592,0.5761256217956543
64,0.29855028,0.091839075,0.6434260105075961,0.5972805023193359
