train_sample_num,rmse,nrmse,r2,time
8,0.6333822,0.12159155,-0.528118876550175,0.5663185119628906
16,0.7099796,0.14812596,-0.920070724170851,0.5668706893920898
32,0.6406659,0.09811667,-0.5634667982267891,0.5665361881256104
64,0.3773571,0.0527825,0.4575864741355412,0.5920460224151611
