train_sample_num,rmse,nrmse,r2,time
8,1.3648739608537401,0.19621191293825477,-0.7230020637306296,2.687380075454712
16,0.38604070810550045,0.034206195379301446,0.8621626521915868,2.582751989364624
32,0.04093292941357924,0.027021163521222396,0.9984503045638595,2.973296642303467
64,0.016834205908670376,0.10111770330867054,0.9997378885633259,7.736480236053467
