train_sample_num,rmse,nrmse,r2,time
8,1.0096039279075941,0.11740681188415297,-0.023769395331675547,2.7120535373687744
16,0.6745514947041897,0.09708982636070193,0.5429851654159918,2.628220796585083
32,0.16000124733790638,0.09624254107735902,0.9742873513082156,2.980294942855835
64,0.016316625896334477,0.056418566923246025,0.9997326003761696,7.886935472488403
