train_sample_num,rmse,nrmse,r2,time
8,1.3193586821770797,0.19851654103817534,-0.6462203919109657,2.701578140258789
16,0.39692994102583,0.10011068058000293,0.8509987411375239,2.58784818649292
32,1.0445393428820042,0.3316153162077316,-0.031838725778295274,2.994081735610962
64,1.0243080315629969,0.34478507510111944,0.007744820867835234,7.543196439743042
