train_sample_num,rmse,nrmse,r2,time
8,8.016198,0.05879442,0.9039731847862418,0.5893950462341309
16,16.358833,0.123191305,0.6000919218727223,0.6141407489776611
32,5.0569177,0.1275138,0.9617855702712623,0.6016373634338379
64,4.2139273,0.11219656,0.9734643496328756,0.6109650135040283
