train_sample_num,rmse,nrmse,r2,time
8,7.03636,0.08435771,0.9469581649536561,0.5973074436187744
16,6.3363175,0.07983872,0.9569873393865685,0.5856637954711914
32,7.1683183,0.21712084,0.944950039017185,0.6011192798614502
64,7.35367,0.22662848,0.9420663676461672,0.6139628887176514
