train_sample_num,rmse,nrmse,r2,time
8,18.745642,0.09802337,0.6235362837102845,0.8677496910095215
16,10.613378,0.07234032,0.8793215643869156,0.8618535995483398
32,28.050673,0.09914786,0.15703600419228125,0.8738646507263184
64,27.275784,0.10380435,0.20296585924209587,0.889822244644165
