train_sample_num,rmse,nrmse,r2,time
8,9.521694,0.124942206,0.8885160471229643,0.6406631469726562
16,4.6653957,0.15683629,0.9732353924706098,0.6211104393005371
32,4.899876,0.10775103,0.9704774330421369,0.630406379699707
64,5.718642,0.16151093,0.9597866953190873,0.6582138538360596
