train_sample_num,rmse,nrmse,r2,time
8,60.360126,0.11089354,-4.444473219526177,0.8684968948364258
16,12.878736,0.066567086,0.7521425096820847,0.8976788520812988
32,11.889213,0.07335108,0.7887670071232212,0.8609042167663574
64,6.4588504,0.06946829,0.9376601051450684,0.8919315338134766
