train_sample_num,rmse,nrmse,r2,time
8,9.189169,0.0662651,0.873814917910657,0.6537668704986572
16,15.953815,0.12764543,0.6196488398835625,0.6309957504272461
32,4.3437185,0.0897532,0.9718045577596482,0.6468708515167236
64,4.243936,0.111109115,0.9730850697631743,0.6535675525665283
