train_sample_num,rmse,nrmse,r2,time
8,7.4108014,0.07770354,0.9411626976246099,0.6296038627624512
16,5.888321,0.08919769,0.9628545693387679,0.6312365531921387
32,7.399319,0.1350453,0.9413448767214311,0.6334812641143799
64,6.3774505,0.14668866,0.9564270833395372,0.6479158401489258
