train_sample_num,rmse,nrmse,r2,time
8,111.17717122169384,0.10663083485160307,-14.199005030846948,2.7521402835845947
16,113.13349615600775,0.1430625448089976,-14.738608629178307,2.6260645389556885
32,113.32970674552699,0.13090578523694474,-14.793247788324118,3.0620672702789307
64,108.86023618000756,0.08965387781463645,-13.57211076630042,8.190616130828857
