train_sample_num,rmse,nrmse,r2,time
8,109.6106487052183,0.07691764050725809,-16.953994236533,2.758864164352417
16,109.01825090950976,0.1055631426542308,-16.76045162886199,2.664133310317993
32,109.0487675887395,0.055916413363230125,-16.770396126383346,3.0612571239471436
64,106.83816484188374,0.04073531835808236,-16.057226815840934,8.151942491531372
