train_sample_num,rmse,nrmse,r2,time
8,11.485284,0.106347136,0.8377938321875595,0.5726852416992188
16,4.671051,0.150759,0.9731704603214648,0.561246395111084
32,5.3955674,0.12763904,0.9642020492097406,0.5542013645172119
64,5.246635,0.17955458,0.9661510177820513,0.5713677406311035
