train_sample_num,rmse,nrmse,r2,time
8,7.9570913,0.03371633,0.9053840668874917,0.5469021797180176
16,8.705746,0.12216157,0.8867423624552047,0.5567467212677002
32,6.1966825,0.04026458,0.9426182099133521,0.556581974029541
64,4.390103,0.035440423,0.9711991732372115,0.5620477199554443
