train_sample_num,rmse,nrmse,r2,time
8,9.215125,0.030728161,0.8731010549749749,0.5854766368865967
16,7.641815,0.10984202,0.9127332761150575,0.5766820907592773
32,5.051669,0.034438454,0.961864853506356,0.598787784576416
64,4.254174,0.04003445,0.9729550510596997,0.5944623947143555
