train_sample_num,rmse,nrmse,r2,time
8,12.573629,0.060662296,0.8306271760902214,0.5802602767944336
16,7.074745,0.07219552,0.9463778712855871,0.579585075378418
32,6.8833456,0.17636736,0.9492400075672598,0.5769050121307373
64,7.179686,0.1409443,0.944775303486822,0.6636652946472168
