train_sample_num,rmse,nrmse,r2,time
8,23.29491,0.07516732,0.3327232759951928,0.5827953815460205
16,4.20142,0.12997513,0.9782941840851335,0.5835344791412354
32,4.9388084,0.12179755,0.9700064196639802,0.5922858715057373
64,5.227053,0.1832323,0.9664032129619166,0.6006267070770264
