train_sample_num,rmse,nrmse,r2,time
8,8.12579,0.058172807,0.9013296337465966,0.5630238056182861
16,11.509215,0.09993917,0.8020538649927484,0.5795507431030273
32,6.1201105,0.11665707,0.9440275704788735,0.576411247253418
64,4.5093746,0.10600124,0.9696129710292154,0.5911705493927002
