train_sample_num,rmse,nrmse,r2,time
8,11.428456,0.10847011,0.8393950182589435,0.5773746967315674
16,4.450242,0.14010873,0.9756470708494343,0.5695638656616211
32,5.4935303,0.111027755,0.9628903429572555,0.574636697769165
64,5.2437663,0.14129849,0.9661880252731159,0.5912013053894043
