train_sample_num,rmse,nrmse,r2,time
8,6.3328633,0.082127444,0.9570342233980332,0.5685083866119385
16,6.3013835,0.08040578,0.9574603104278238,0.5794968605041504
32,7.738659,0.18063264,0.9358415512823693,0.5734059810638428
64,8.08262,0.14098652,0.9300114916493329,0.5899202823638916
