train_sample_num,rmse,nrmse,r2,time
8,29832.457,0.07630268,0.5523472506457249,0.6074981689453125
16,16237.391,0.057716046,0.8673840735206536,0.5841667652130127
32,13397.248,0.01571401,0.9097194095844977,0.6071329116821289
64,10671.427,0.034263883,0.9427193193820099,0.6211378574371338
