train_sample_num,rmse,nrmse,r2,time
8,58338.445,0.04308711,-0.4960649201364222,0.5836191177368164
16,35307.246,0.033075687,0.4520152750306089,0.5937705039978027
32,46484.895,0.029025573,0.050129338757356035,0.6012392044067383
64,39764.94,0.027646609,0.3049093121635762,0.6306235790252686
