train_sample_num,rmse,nrmse,r2,time
8,154532.47,0.059313342,-14.07214485101821,0.8505568504333496
16,29197.467,0.110057525,0.46194592423775527,0.8409976959228516
32,28234.295,0.073281795,0.49685925360756633,0.8793127536773682
64,27061.623,0.094718285,0.5377858636670407,0.8917877674102783
