train_sample_num,rmse,nrmse,r2,time
8,79454.305,0.097744085,-2.9844690823034434,0.6219761371612549
16,27320.303,0.031729262,0.5289070107898401,0.6383090019226074
32,19902.254,0.043434143,0.7499999557251557,0.647639274597168
64,17012.84,0.12604925,0.8173207573450906,0.6562016010284424
