train_sample_num,rmse,nrmse,r2,time
8,95619.016,0.05428224,-3.0191042714324787,0.8551483154296875
16,27810.455,0.016564533,0.6600171973361142,0.8550517559051514
32,30310.43,0.029300297,0.5961455457267294,0.8800840377807617
64,44825.047,0.042503074,0.11675278219145402,0.8906464576721191
