train_sample_num,rmse,nrmse,r2,time
8,52979.676,0.039112464,-0.23384145688265456,0.6876201629638672
16,29318.006,0.03034045,0.6221585114897288,0.6453804969787598
32,35658.613,0.024678202,0.44105421542605283,0.669529914855957
64,28283.992,0.024394555,0.6483406818348136,0.6506690979003906
