train_sample_num,rmse,nrmse,r2,time
8,34242.582,0.09949426,0.41021160727920825,0.6404581069946289
16,18818.588,0.17437793,0.8218699240949823,0.6354007720947266
32,18821.389,0.065253764,0.8218168917979933,0.6430768966674805
64,21964.693,0.22977231,0.7573314561414429,0.6456170082092285
