train_sample_num,rmse,nrmse,r2,time
8,63188471.83443013,0.024580480200440544,-2520061.3084212607,2.683821678161621
16,63020971.28933616,0.024634556580600864,-2506718.610638487,2.59010910987854
32,61043205.46436517,0.02179570723749012,-2351852.3399642156,2.937424421310425
64,59880900.03819052,0.021376750929077856,-2263143.12768235,8.321929693222046
