train_sample_num,rmse,nrmse,r2,time
8,77732568.16332793,0.02262928959707298,-3039268.565337766,2.7424473762512207
16,76260923.49702224,0.021867372179152945,-2925278.1028999616,2.5699257850646973
32,75800693.08309753,0.019668721723679443,-2890076.8511738824,2.9753129482269287
64,72709189.13854088,0.018064208020658893,-2659142.6017614226,8.162477493286133
