train_sample_num,rmse,nrmse,r2,time
8,37162.566,0.09274213,0.1283403199796388,0.5601391792297363
16,20461.441,0.07391943,0.7357542522328087,0.5666704177856445
32,8266.84,0.057380974,0.9568665053184257,0.5541319847106934
64,3707.7605,0.08631798,0.9913232136240576,0.616445779800415
