train_sample_num,rmse,nrmse,r2,time
8,21538.45,0.038967878,0.7666584489659056,0.5663931369781494
16,9257.085,0.043674607,0.9568965891727907,0.5635490417480469
32,7720.022,0.1151888,0.970022164162499,0.5736277103424072
64,6095.283,0.09411106,0.9813125087368832,0.5618679523468018
