train_sample_num,rmse,nrmse,r2,time
8,27802.248,0.14879815,0.6602178034352253,0.5518641471862793
16,18155.98,0.09409117,0.855096050490143,0.549354076385498
32,25687.607,0.06892009,0.709939833547697,0.5614936351776123
64,22142.307,0.07565347,0.7844805196606345,0.574152946472168
