train_sample_num,rmse,nrmse,r2,time
8,46094.242,0.04891264,-0.0687017356737869,0.5763421058654785
16,11000.799,0.00630491,0.9391288313929256,0.5608081817626953
32,4576.6445,0.023470704,0.9894644415367446,0.5686473846435547
64,4635.724,0.026522627,0.989190681601378,0.6034395694732666
