train_sample_num,rmse,nrmse,r2,time
8,28026.863,0.06798787,0.6048953041274898,0.5752670764923096
16,10277.151,0.013186453,0.9468738024479767,0.5730910301208496
32,6972.915,0.02131606,0.9755436344060869,0.5767538547515869
64,8192.811,0.06766432,0.9662379323628315,0.5928635597229004
