train_sample_num,rmse,nrmse,r2,time
8,57322.617,0.06037045,-1.0738990840179237,0.5725235939025879
16,29738.098,0.031485636,0.44183581763568525,0.57997727394104
32,16709.934,0.01878629,0.8237679217743207,0.5888826847076416
64,9847.73,0.014453499,0.9387920396416397,0.5944890975952148
