train_sample_num,rmse,nrmse,r2,time
8,55288.496,0.040842317,-0.343724637882834,0.5784001350402832
16,34365.383,0.033389244,0.48086159139462614,0.5718445777893066
32,44343.844,0.029040009,0.1356146226823347,0.5725667476654053
64,37561.754,0.030110285,0.37979900978904657,0.5992927551269531
