cost,SR,IR,rmse,r2,max_value,operation_time
97.0,0.25255825936599763,-11.389411667756313,12.139118536458566,-24.969519561962795,13.546200247408905,7.146966934204102
104.0,0.25255825936599763,-8.933207431890462,10.240926339515328,-17.48281410272464,13.546200247408905,7.228478670120239
111.0,0.25255825936599763,-7.980179719061908,9.020414640343827,-13.339784113449205,13.546200247408905,7.2265002727508545
118.0,0.25255825936599763,-7.46808755563022,8.905498062360524,-12.976744870572835,13.546200247408905,7.185563087463379
125.0,0.25255825936599763,-7.913816995205792,9.300637302091907,-14.244564694018509,13.546200247408905,7.231405735015869
132.0,0.25255825936599763,-12.526469960575344,10.306783176189114,-17.72129516328958,13.546200247408905,7.128758192062378
139.0,0.0034405246829578573,-10.024783248079743,10.775331358781182,-19.462131875302404,13.795317982091944,7.140294790267944
146.0,0.0034405246829578573,-9.993520600416481,10.832299003494517,-19.679064572888624,13.795317982091944,7.882463216781616
153.0,0.0034405246829578573,-9.83031624294011,10.780167387569474,-19.480503034648496,13.795317982091944,7.226644515991211
