cost,SR,IR,rmse,r2,max_value,operation_time
97.0,0.001386973146271231,0.5418879285421809,1.2410887171504041,0.7285466125490293,13.797371533628631,3.6073694229125977
104.0,0.001386973146271231,0.8360698104679614,1.2107939201892364,0.7416371457083836,13.797371533628631,3.566779851913452
111.0,0.001386973146271231,-0.14871765285909078,1.312519231214428,0.696400563146808,13.797371533628631,3.575080633163452
118.0,0.001386973146271231,-0.08329337970553752,1.2908340030726264,0.7063497297948591,13.797371533628631,3.608328104019165
125.0,0.001386973146271231,-0.21786707745717138,1.3344343654507604,0.686177522825911,13.797371533628631,3.6817517280578613
132.0,0.001386973146271231,0.20940328638131334,1.2358183788619297,0.7308471950937584,13.797371533628631,3.6414010524749756
139.0,0.001386973146271231,-0.49524340972448044,1.360983649521586,0.6735659703367088,13.797371533628631,3.608886241912842
146.0,0.001386973146271231,0.7306216482348589,1.0396099923386362,0.8095282811492114,13.797371533628631,3.6432433128356934
153.0,0.001386973146271231,-0.520048826475886,1.2861903978741875,0.7084586659395578,13.797371533628631,3.6397409439086914
