cost,SR,IR,rmse,r2,max_value,operation_time
97.0,0.32168893454441694,-0.37034377290104636,1.9847221485705304,0.3057929126292982,13.477069572230485,3.5722360610961914
104.0,0.32168893454441694,0.28218671603373835,0.9576229948529673,0.8383860880602674,13.477069572230485,3.5709989070892334
111.0,0.32168893454441694,0.1552281835157885,1.202286171940934,0.7452552074831247,13.477069572230485,3.5947649478912354
118.0,0.32168893454441694,1.4532130131338192,1.988752597523675,0.3029705455815723,13.477069572230485,3.629094123840332
125.0,0.32168893454441694,0.2208933273340108,0.5284668324678158,0.9507818731207978,13.477069572230485,3.7360949516296387
132.0,0.32168893454441694,0.7513139189774396,1.212370171082755,0.7409640175148619,13.477069572230485,3.628783702850342
139.0,0.32168893454441694,0.867061899250686,1.4393572655279125,0.6348874010476666,13.477069572230485,3.6604228019714355
146.0,0.32168893454441694,-0.04757922890377131,0.5945720129857419,0.9376984952478151,13.477069572230485,3.5936667919158936
153.0,0.32168893454441694,1.9692134235918815,0.638284950397285,0.9282009298149503,13.477069572230485,3.6430540084838867
