cost,SR,IR,rmse,r2,max_value,operation_time
97.0,1.6123394461485905,4.135892500696276,1.4973135366075059,0.6048926465900931,12.186419060626312,6.691588878631592
104.0,1.6123394461485905,2.2253195346815495,1.0261119329462096,0.814442254586276,12.186419060626312,6.8081536293029785
111.0,1.6123394461485905,1.8587815363814713,1.031546564668591,0.8124714978112044,12.186419060626312,6.753476619720459
118.0,1.6123394461485905,1.8231806456921298,1.0197969865364542,0.8167191630728409,12.186419060626312,6.869400978088379
125.0,1.6123394461485905,1.8473221040873362,1.0354543231721325,0.8110479961093567,12.186419060626312,6.808154106140137
132.0,1.3011713744274065,1.7639635592564211,1.0256392621055535,0.8146131668069433,12.497587132347496,6.833729028701782
139.0,1.3011713744274065,1.4117009058532908,0.9416131352871329,0.8437447467540149,12.497587132347496,6.792092323303223
146.0,1.3011713744274065,1.1909050431447046,0.9308178057495461,0.8473070535864884,12.497587132347496,6.94195294380188
153.0,1.3011713744274065,1.230773757319339,0.9321453342204735,0.8468712029175671,12.497587132347496,6.895468235015869
