cost,SR,IR,rmse,r2,max_value,operation_time
97.0,0.6006024967411587,3.9247347296058237,1.2906492419154008,0.7064337859643696,13.198156010033744,6.581942319869995
104.0,0.6006024967411587,4.013477373906337,1.2779065860571612,0.7122019629122902,13.198156010033744,6.630143165588379
111.0,0.6006024967411587,4.182604418312252,1.3085122470412123,0.6982514483119935,13.198156010033744,6.585907697677612
118.0,0.6006024967411587,3.98598317838505,1.2739261658536338,0.7139920359029549,13.198156010033744,6.678184509277344
125.0,0.6006024967411587,3.9488015992119934,1.265658012610673,0.7176925387338406,13.198156010033744,6.811211824417114
132.0,0.6006024967411587,3.9246068322834855,1.2783683069331426,0.7119939565225801,13.198156010033744,6.871965408325195
139.0,0.6006024967411587,3.9100477405794027,1.3268350406153162,0.6897416522077383,13.198156010033744,6.817250490188599
146.0,0.6006024967411587,3.8214086962817273,1.2512405111220228,0.7240876090146016,13.198156010033744,6.878235101699829
153.0,0.6006024967411587,3.7660927588699256,1.223146337842683,0.7363386633556963,13.198156010033744,7.02593731880188
