cost,SR,IR,rmse,r2,max_value,operation_time
97.0,1.0547752052780837,1.4267006729991891,1.2669134075961224,0.7171322244396732,12.743983301496819,6.826697111129761
104.0,1.0547752052780837,2.615675032535668,1.1793720668281915,0.7548729235842413,12.743983301496819,6.7256083488464355
111.0,1.0547752052780837,2.858002788050227,1.0578202197143567,0.8027970810876961,12.743983301496819,6.739835977554321
118.0,1.0547752052780837,2.7217110997618033,1.0657555565413765,0.7998273116117807,12.743983301496819,6.714646100997925
125.0,1.0547752052780837,2.7048681534576975,1.0673395201873679,0.7992318619762011,12.743983301496819,6.7308433055877686
132.0,1.0547752052780837,2.7429496241674656,1.0671253000942313,0.7993124441197483,12.743983301496819,6.726092338562012
139.0,1.0547752052780837,2.8042123986866425,1.0565393727970123,0.8032743527932212,12.743983301496819,6.885372877120972
146.0,1.0547752052780837,2.766681341120938,1.0614547288711718,0.8014396347112652,12.743983301496819,6.931759357452393
153.0,1.0547752052780837,2.739534111789549,1.0604643126957025,0.8018100050045172,12.743983301496819,6.985708236694336
