cost,SR,IR,rmse,r2,max_value,operation_time
97.0,0.04370861447364405,3.7918230285530825,2.260973583164763,0.09909170215997809,13.755049892301258,3.6199963092803955
104.0,0.04370861447364405,2.530160195223459,1.2930428328380599,0.7053439019242884,13.755049892301258,3.8158724308013916
111.0,0.04370861447364405,1.6552451198888036,1.2485307115239195,0.7252813965744236,13.755049892301258,3.6038565635681152
118.0,0.04370861447364405,3.2801775395505963,1.3382677199806572,0.6843719327863557,13.755049892301258,3.576312780380249
125.0,0.04370861447364405,2.5206300057793953,1.5943157355867457,0.552040990429886,13.755049892301258,3.627061128616333
132.0,0.04370861447364405,0.3817770439163013,1.4039087420284122,0.6526499486286574,13.755049892301258,3.599743604660034
139.0,0.04370861447364405,3.099974435034028,1.4753875364726061,0.6163794784233749,13.755049892301258,3.6369714736938477
146.0,0.04370861447364405,2.3927336007304802,1.0380429341217847,0.8101020642349477,13.755049892301258,3.613391160964966
153.0,0.04370861447364405,2.1907596951912858,0.9396948013039518,0.8443807710687496,13.755049892301258,3.665742874145508
