cost,SR,IR,rmse,r2,max_value,operation_time
97.0,0.8109621285012345,2.1996329372964922,1.00933757256106,0.8204594749012614,12.987796378273668,6.707257270812988
104.0,0.8109621285012345,2.3483947491786505,1.3192602820103858,0.6932740035434102,12.987796378273668,6.803842067718506
111.0,0.8109621285012345,1.658994909497956,1.0029187007357334,0.8227357859392186,12.987796378273668,6.73895788192749
118.0,0.8109621285012345,1.6753456515756913,1.0361497712890784,0.8107940970411985,12.987796378273668,6.865760087966919
125.0,0.7366958612913912,1.6293556975255292,1.0737809968346943,0.7968012470505548,13.062062645483511,6.813460826873779
132.0,0.7366958612913912,1.7354584179204373,1.2389813082428616,0.729467703181452,13.062062645483511,6.900302886962891
139.0,0.7366958612913912,1.6892434252160413,1.1516945139701271,0.7662432250045337,13.062062645483511,6.864115476608276
146.0,0.7366958612913912,1.6958220368267973,1.1656713784856352,0.76053509341031,13.062062645483511,6.8922951221466064
152.0,0.7366958612913912,1.683050226221141,1.1479543065125222,0.7677590421758419,13.062062645483511,6.899180173873901
