cost,SR,IR,rmse,r2,max_value,operation_time
97.0,1.6123394461485905,0.8579706730195422,0.6603367777685223,0.9231541209199995,12.186419060626312,3.588008165359497
104.0,1.6123394461485905,1.9067170020948652,0.8260727364803189,0.8797386184138752,12.186419060626312,3.5863444805145264
111.0,1.6123394461485905,3.54705451612665,2.093808443337689,0.22738434402548824,12.186419060626312,3.5532219409942627
118.0,1.6123394461485905,3.5691892812953228,1.3443235642086122,0.6815089494821871,12.186419060626312,3.5547173023223877
125.0,1.6123394461485905,3.8412854950369137,1.3141243377750127,0.6956575532058911,12.186419060626312,3.667314052581787
132.0,0.6017306851736439,1.5899646599424386,1.403756651575793,0.6527252038975961,13.197027821601258,3.6049232482910156
139.0,0.6017306851736439,0.34353635076695355,0.7186461419290525,0.9089835677703096,13.197027821601258,3.6618146896362305
146.0,0.6017306851736439,1.4746855434078228,0.7036483471743221,0.9127428639554305,13.197027821601258,3.6170644760131836
153.0,0.6017306851736439,0.5883600249584333,0.5046714246975158,0.9551143994036313,13.197027821601258,3.611037254333496
