cost,SR,IR,rmse,r2,max_value,operation_time
97.0,1.711127851189886,1.13802343819183,1.166166030217378,0.7603318168001567,12.087630655585016,3.5254194736480713
104.0,1.711127851189886,0.773131907638799,1.3213718435730424,0.6922913481072022,12.087630655585016,3.480386257171631
111.0,1.711127851189886,0.9712501183720263,1.183785129471948,0.7530350217349754,12.087630655585016,3.494414806365967
118.0,1.711127851189886,0.21127083020951432,1.262208846107909,0.7192291286068091,12.087630655585016,3.548410654067993
125.0,1.711127851189886,0.9524090878689719,1.2466957614874032,0.726088304207102,12.087630655585016,3.571354389190674
132.0,1.711127851189886,0.023731232899365295,1.2777124016386117,0.712289421023905,12.087630655585016,3.6127729415893555
139.0,1.711127851189886,0.9745689621911424,1.435617862315323,0.6367820379825246,12.087630655585016,3.555565118789673
146.0,1.711127851189886,0.9905624431357865,1.1916652191908417,0.7497361401227923,12.087630655585016,3.5936763286590576
153.0,1.711127851189886,1.200354830236563,1.3386514128107991,0.6841909202947846,12.087630655585016,3.57777738571167
