cost,SR,IR,rmse,r2,max_value,operation_time
97.0,-0.0005394208888240826,-0.7822176393887972,1.4074532924828806,0.6508937746048935,13.799297927663726,3.653963565826416
104.0,-0.0005394208888240826,-1.2175425057442482,1.4909988517547799,0.608218225727589,13.799297927663726,3.6081950664520264
111.0,-0.0005394208888240826,-0.5203267288113125,1.3466008403910004,0.6804289916160471,13.799297927663726,3.5897343158721924
118.0,-0.0005394208888240826,-1.4562259486234552,1.494675128937049,0.6062838526335212,13.799297927663726,3.5629422664642334
125.0,-0.0005394208888240826,-1.0283125911188904,1.4344795974886342,0.6373577821817504,13.799297927663726,3.5967752933502197
132.0,-0.0005394208888240826,-2.8776467805275843,1.5506414191607691,0.5762474046259052,13.799297927663726,3.610928773880005
139.0,-0.0005394208888240826,0.31192280421089436,1.0098735576151703,0.8202687426996766,13.799297927663726,3.6459462642669678
146.0,-0.0005394208888240826,-0.13380781751516224,1.2947097009068604,0.7045837269285546,13.799297927663726,3.768508195877075
153.0,-0.0005394208888240826,0.4945798784901285,1.1982383317703211,0.7469676622555299,13.799297927663726,3.671096086502075
