cost,SR,IR,rmse,r2,max_value,operation_time
97.0,0.32168893454441694,-1.8066846598643984,1.8660306745131408,0.38634091546401983,13.477069572230485,6.748744964599609
104.0,0.32168893454441694,-0.5958881284270721,1.042276355113674,0.8085499950885182,13.477069572230485,6.745866775512695
111.0,0.32168893454441694,-1.4921127244368986,1.1240693767728136,0.7773227529323384,13.477069572230485,6.915562629699707
118.0,0.24494271246761734,-1.9230411201452782,1.1898699133449349,0.7504896432314649,13.553815794307285,6.876100778579712
125.0,0.24494271246761734,-1.27862641966286,1.0585575369957876,0.8025220782265627,13.553815794307285,6.866419553756714
132.0,0.24494271246761734,-2.143867104739936,1.1635107603301813,0.7614219861157542,13.553815794307285,6.922551393508911
139.0,0.24494271246761734,-1.0309244231486385,0.9821520246121112,0.8300007351939281,13.553815794307285,6.824004650115967
146.0,0.24494271246761734,-0.8625592946542024,0.9631374912210015,0.8365194132001016,13.553815794307285,6.950054168701172
153.0,0.24494271246761734,-1.1521521216998583,1.0056637248415616,0.8217641010885712,13.553815794307285,6.960726261138916
