cost,SR,IR,rmse,r2,max_value,operation_time
97.0,1.5229036800448341,0.6949418031964711,1.2722233430331344,0.7147561231904249,12.275854826730068,6.638675928115845
104.0,1.5229036800448341,0.533932353325266,1.2213879824831835,0.7370961803828787,12.275854826730068,6.67840576171875
111.0,1.5229036800448341,0.10083553954873992,1.1808749739161,0.7542477808252098,12.275854826730068,6.758925199508667
118.0,1.5229036800448341,0.49783959859749594,1.1000926607001915,0.786720975701445,12.275854826730068,6.811170816421509
125.0,1.5229036800448341,0.4396674027926615,1.1217510161068474,0.7782403365086651,12.275854826730068,6.814242601394653
132.0,1.5229036800448341,0.4082580336018733,1.1293439074628042,0.7752280893384119,12.275854826730068,6.7543487548828125
139.0,1.5229036800448341,0.42421046288695763,1.1352698853288825,0.7728630205116166,12.275854826730068,6.839431047439575
146.0,1.5229036800448341,0.369594515125943,1.15289102476586,0.7657572666369271,12.275854826730068,6.885910511016846
153.0,1.5229036800448341,0.4615432488941593,1.14902555305547,0.767325395290583,12.275854826730068,6.9797351360321045
