cost,SR,IR,rmse,r2,max_value,operation_time
97.0,0.18768389772191085,1.2874178152772373,1.2030645708244367,0.7449252406959025,13.611074609052991,6.819687366485596
104.0,0.18768389772191085,1.3911931762776266,1.124818165488069,0.7770259852260474,13.611074609052991,6.691009998321533
111.0,0.18768389772191085,1.4044913945807878,1.108970451396336,0.7832647456960385,13.611074609052991,6.688951015472412
118.0,0.18768389772191085,1.4291751766107836,1.1224808596632905,0.7779516761709487,13.611074609052991,6.775429725646973
125.0,0.18768389772191085,1.4127977161356018,1.1266264962378638,0.7763084739097953,13.611074609052991,6.730061769485474
132.0,0.18768389772191085,1.3937945868656865,1.1290709659615603,0.7753367226232764,13.611074609052991,6.867833852767944
139.0,0.18768389772191085,1.358872628294968,1.1285123411790454,0.7755589786747225,13.611074609052991,6.814298629760742
146.0,0.18768389772191085,1.3382211088642997,1.130874848244505,0.7746182738125806,13.611074609052991,6.918540716171265
153.0,0.18768389772191085,1.323770899328986,1.133888945834094,0.7734152621603243,13.611074609052991,6.895875453948975
