cost,SR,IR,rmse,r2,max_value,operation_time
97.0,0.043708164523218684,3.1757677510624003,1.7407888021897888,0.4659501720640067,13.755050342251684,28.40332579612732
104.0,0.043708164523218684,2.592692535491322,1.8282303033800273,0.41095100802496753,13.755050342251684,27.80263876914978
111.0,0.043708164523218684,2.6335459773904706,1.8691361870948222,0.38429667061702744,13.755050342251684,27.44534206390381
118.0,0.043708164523218684,2.7853990549602976,1.883550599705723,0.37476368630469936,13.755050342251684,27.995717525482178
125.0,0.043708164523218684,2.832754594731284,1.8722789882523367,0.382224419327461,13.755050342251684,25.008666038513184
132.0,0.043708164523218684,2.867100920119915,1.867563121839149,0.3853325865225746,13.755050342251684,20.113693952560425
139.0,0.043708164523218684,2.919826058802247,1.7237630439101324,0.47634561835206846,13.755050342251684,20.50051975250244
146.0,0.043708164523218684,2.88554039076538,1.8044632847028184,0.4261667482674153,13.755050342251684,20.117490768432617
153.0,0.043708164523218684,3.213344790855519,2.0397364789796377,0.26677420243262795,13.755050342251684,20.377183198928833
