cost,SR,IR,rmse,r2,max_value,operation_time
97.0,1.6123394461485905,5.477615797539764,2.955173462706714,-0.5390600567083268,12.186419060626312,20.66225028038025
104.0,1.6123394461485905,4.521245865337116,2.9248303274597176,-0.5076167892693346,12.186419060626312,20.583134174346924
111.0,1.6123394461485905,4.198857792632269,2.9289856292138503,-0.5119035697267504,12.186419060626312,20.428325414657593
118.0,1.6123394461485905,3.4152094403336353,3.0191658012471887,-0.6064364056436944,12.186419060626312,20.692306995391846
125.0,1.6123394461485905,2.794415198440298,3.193555799628715,-0.79737471691259,12.186419060626312,20.324289560317993
132.0,0.6017302280065415,2.009317322331084,3.528333653058389,-1.1939610072563163,13.19702827876836,20.272671461105347
139.0,0.6017302280065415,1.6657791067023577,3.7045193111790757,-1.4185403467603437,13.19702827876836,20.649495124816895
146.0,0.6017302280065415,2.0426023767872987,3.4905637973428747,-1.1472408997230659,13.19702827876836,20.19098711013794
153.0,0.6017302280065415,2.657687686801241,3.216308228171949,-0.8230766735621922,13.19702827876836,20.03438973426819
