cost,SR,IR,rmse,r2,max_value,operation_time
97.0,2.3461169151938623,3.4194562355641125,1.5330516977889581,0.5858065644365381,11.45264159158104,20.082669258117676
104.0,2.3461169151938623,3.082928896950907,1.262964978749156,0.7188926334048762,11.45264159158104,19.974318265914917
111.0,2.3461169151938623,3.0530147213597054,1.254935787318132,0.7224555038706141,11.45264159158104,20.801746606826782
118.0,2.3461169151938623,3.0149266787646596,1.2454181728307616,0.7266494149082507,11.45264159158104,20.431917428970337
125.0,2.3461169151938623,3.004462937744517,1.2422254263820836,0.7280491382372901,11.45264159158104,20.39184808731079
132.0,2.3461169151938623,2.9952182204566746,1.2396916618706342,0.729157401989178,11.45264159158104,20.67277979850769
139.0,2.3461169151938623,2.984138779602903,1.2368790495581936,0.7303849831555692,11.45264159158104,20.363199949264526
146.0,2.3461169151938623,3.0144353049426673,1.2450701275022749,0.7268021750052822,11.45264159158104,20.332990646362305
153.0,2.3461169151938623,3.06444430580634,1.2553923758555499,0.722253506780353,11.45264159158104,20.784430980682373
