cost,SR,IR,rmse,r2,max_value,operation_time
97.0,0.18768389772191085,5.012720603770523,2.005007162227151,0.2915299959074398,13.611074609052991,20.707918405532837
104.0,0.18768389772191085,4.160374471438214,1.5061014761444511,0.6002411573764175,13.611074609052991,20.774242162704468
111.0,0.18768389772191085,4.165350607691522,1.5061515325695627,0.600214584358042,13.611074609052991,20.539341688156128
118.0,0.18768389772191085,4.434305729883031,1.645837749925943,0.5226206273556817,13.611074609052991,20.388840675354004
125.0,0.18768389772191085,4.48110704923287,1.7087917468031577,0.48540224611180816,13.611074609052991,20.742267608642578
132.0,0.18768389772191085,4.48625780687682,1.7347506628345284,0.46964858131709497,13.611074609052991,20.26168155670166
139.0,0.18768389772191085,4.604987954659544,1.8066499640237024,0.4247751437904925,13.611074609052991,20.55667495727539
146.0,0.18768389772191085,4.620009874387961,1.8147418398187016,0.4196108096615594,13.611074609052991,20.825353145599365
153.0,0.18768389772191085,4.654651734024155,1.849364144654643,0.3972538051869485,13.611074609052991,20.25931453704834
