cost,SR,IR,rmse,r2,max_value,operation_time
97.0,1.711127851189886,4.822028939018338,1.565288237017202,0.5682043589280475,12.087630655585016,20.136719465255737
104.0,1.711127851189886,3.794019579982473,1.2726737099201744,0.7145541348591482,12.087630655585016,20.343579053878784
111.0,1.711127851189886,3.783731989693523,1.2712023599720785,0.7152137665903142,12.087630655585016,19.985404014587402
118.0,1.711127851189886,3.767890331849342,1.2800414897908923,0.7112395540092803,12.087630655585016,20.007330179214478
125.0,1.711127851189886,3.7617154197211615,1.2886904865231033,0.7073241720473338,12.087630655585016,20.749926805496216
132.0,1.711127851189886,3.7616752608915345,1.2877560120325013,0.7077484770865734,12.087630655585016,20.382702589035034
139.0,1.711127851189886,3.763490573631433,1.2885373561887024,0.7073937230917813,12.087630655585016,20.512133836746216
146.0,1.711127851189886,3.7556315622269896,1.2849243648658377,0.709032327964493,12.087630655585016,20.87369656562805
153.0,1.711127851189886,3.749846526631183,1.2830244073347112,0.709892172350314,12.087630655585016,20.52663564682007
