cost,SR,IR,rmse,r2,max_value,operation_time
97.0,-0.0008012797432819241,2.1156924885874293,1.2250579695450348,0.7355138769529821,13.799559786518184,20.526598930358887
104.0,-0.0008012797432819241,1.4548413560666553,1.2968252515137857,0.703617520105428,13.799559786518184,20.562012910842896
111.0,-0.0008012797432819241,1.456398121914745,1.2876368584743347,0.7078025575140241,13.799559786518184,20.499560356140137
118.0,-0.0008012797432819241,1.4328526452736092,1.2952857504965019,0.7043207918779528,13.799559786518184,20.336027145385742
125.0,-0.0008012797432819241,1.3832982505418983,1.314313100601935,0.6955701144986761,13.799559786518184,20.362759828567505
132.0,-0.0008012797432819241,1.3239596317879467,1.297228699154376,0.7034330798160477,13.799559786518184,20.424919605255127
139.0,-0.0008012797432819241,1.416563202124582,1.2721311780620115,0.7147974501186798,13.799559786518184,20.350938320159912
146.0,-0.0008012797432819241,1.3351980709346076,1.297608528924052,0.7032593842505198,13.799559786518184,20.475823640823364
153.0,-0.0008012797432819241,1.3882578405136776,1.277081387984455,0.7125735295187301,13.799559786518184,19.982155084609985
