cost,SR,IR,rmse,r2,max_value,operation_time
97.0,2.3461169151938623,3.197022930720779,1.2527184188958862,0.7234354340165623,11.45264159158104,1.6372911930084229
104.0,2.3461169151938623,2.8135837395241197,1.2535274471214592,0.7230780978632398,11.45264159158104,1.6733589172363281
111.0,2.3461169151938623,2.685858473642174,1.224520451002311,0.7357459231252317,11.45264159158104,1.6298315525054932
118.0,2.3461169151938623,2.7124254832878076,1.228052193942568,0.7342194098817945,11.45264159158104,1.6731605529785156
125.0,2.3461169151938623,2.699676506700939,1.2263851318351222,0.7349405062987331,11.45264159158104,1.6697425842285156
132.0,2.3461169151938623,2.721718266141636,1.2302897695511563,0.7332499951293335,11.45264159158104,1.6996688842773438
139.0,2.3461169151938623,2.756617241675565,1.234860079970478,0.7312644551624613,11.45264159158104,1.6803803443908691
146.0,2.3461169151938623,2.72948041144555,1.2331602953482435,0.7320037748093557,11.45264159158104,1.6616637706756592
153.0,2.3461169151938623,2.79080272338625,1.238159902334109,0.729826293200897,11.45264159158104,1.6719131469726562
