cost,SR,IR,rmse,r2,max_value,operation_time
97.0,1.6123394461485905,5.281315969515937,1.946489170241297,0.33228121534030797,12.186419060626312,1.6591212749481201
104.0,1.6123394461485905,4.740924905721144,1.7552820202344477,0.4570205175057742,12.186419060626312,1.650752067565918
111.0,1.6123394461485905,4.776130224950741,1.770958193241216,0.44727866494517243,12.186419060626312,1.646428108215332
118.0,1.6123394461485905,4.810031407440764,1.7857392668315257,0.43801372700269403,12.186419060626312,1.6959192752838135
125.0,1.6123394461485905,4.76354799689917,1.766706404340315,0.44992947103783376,12.186419060626312,1.6769990921020508
132.0,0.6016658176285148,4.761781501506153,1.7654907397556376,0.4506862138604961,13.197092689146388,1.670168161392212
139.0,0.6016658176285148,5.577083573097461,1.9243985781184536,0.3473510173023471,13.197092689146388,1.664675235748291
146.0,0.6016658176285148,4.582761934088177,1.692141934585099,0.4953814779819774,13.197092689146388,1.6847634315490723
153.0,0.6016658176285148,4.897855222249111,1.815019308853959,0.4194333162721726,13.197092689146388,1.7137424945831299
