cost,SR,IR,rmse,r2,max_value,operation_time
97.0,0.18768389772191085,1.8002574032101748,1.2465514675015419,0.7261517062404056,13.611074609052991,1.6673097610473633
104.0,0.18768389772191085,1.7089523052655764,1.316606186309539,0.694506908488666,13.611074609052991,1.6526086330413818
111.0,0.18768389772191085,1.6846582515965753,1.318622573759715,0.6935704642585778,13.611074609052991,1.6542954444885254
118.0,0.18768389772191085,1.6838417795466754,1.3198053551218571,0.6930204938550922,13.611074609052991,1.6591453552246094
125.0,0.18768389772191085,1.6811727306877664,1.319208440975655,0.6932981089922483,13.611074609052991,1.6778488159179688
132.0,0.18768389772191085,1.6621080309915008,1.3207707265781097,0.6925712493751427,13.611074609052991,1.671943187713623
139.0,0.18768389772191085,1.6447621341613878,1.3248566377709146,0.6906661957386764,13.611074609052991,1.6762094497680664
146.0,0.18768389772191085,1.6225003695479838,1.32849632739121,0.6889642371563703,13.611074609052991,1.6793372631072998
153.0,0.18768389772191085,1.5971785914034378,1.3306465972951496,0.6879565533772259,13.611074609052991,1.6789956092834473
