cost,SR,IR,rmse,r2,max_value,operation_time
97.0,0.490519350299488,2.2656780885847674,1.5719038348796688,0.5645467285329571,13.308239156475414,1.6374366283416748
104.0,0.490519350299488,2.7001011447596106,1.3957671482754377,0.6566669945489318,13.308239156475414,1.6543915271759033
111.0,0.490519350299488,2.5989893632696663,1.424688639813456,0.6422912749335252,13.308239156475414,1.6964366436004639
118.0,0.490519350299488,2.214281199410861,1.57702071665318,0.561707128004123,13.308239156475414,1.6633694171905518
125.0,0.490519350299488,2.441009977990788,1.480943734601021,0.613484665973274,13.308239156475414,1.648341417312622
132.0,0.490519350299488,2.394466169589064,1.4984832183401102,0.6042751000908388,13.308239156475414,1.676586627960205
139.0,0.490519350299488,2.374795916953131,1.5057745150724167,0.6004147066283201,13.308239156475414,1.6750333309173584
146.0,0.490519350299488,2.335379936689943,1.5232666402979456,0.5910770615473662,13.308239156475414,1.6723625659942627
153.0,0.490519350299488,2.2471377096947034,1.567981510858261,0.5667171639535393,13.308239156475414,1.682203769683838
