cost,SR,IR,rmse,r2,max_value,operation_time
97.0,1.5229036800448341,0.5780415595057384,1.3254645139980712,0.6903822709752166,12.275854826730068,1.6463043689727783
104.0,1.5229036800448341,0.30260707741052784,1.3809209158349605,0.6639319500738167,12.275854826730068,1.6549432277679443
111.0,1.5229036800448341,0.20720109234508755,1.3984768953201423,0.6553326048033938,12.275854826730068,1.6778652667999268
118.0,1.5229036800448341,0.1980566538040449,1.4001671665628168,0.6544989357491794,12.275854826730068,1.651670217514038
125.0,1.5229036800448341,0.18829484201543778,1.4023103245836637,0.6534404477517255,12.275854826730068,1.6600360870361328
132.0,1.5229036800448341,0.18090695069190588,1.4016960236911709,0.6537440113901722,12.275854826730068,1.6590783596038818
139.0,1.5229036800448341,0.21261606745031258,1.4019371991452525,0.6536248477083316,12.275854826730068,1.6907439231872559
146.0,1.5229036800448341,0.20452502158786956,1.4062633704003127,0.6514838241738465,12.275854826730068,1.6962769031524658
153.0,1.5229036800448341,0.2234549960685399,1.3991975694964607,0.6549772798153823,12.275854826730068,1.678447961807251
