cost,SR,IR,rmse,r2,max_value,operation_time
97.0,1.711127851189886,1.789964352332241,1.2441588143752056,0.7272019559396385,12.087630655585016,1.5984406471252441
104.0,1.711127851189886,1.4421149211733564,1.2817720785193805,0.7104582303003244,12.087630655585016,1.5980901718139648
111.0,1.711127851189886,1.3161405168539204,1.2610067579150173,0.7197636687232536,12.087630655585016,1.5977418422698975
118.0,1.711127851189886,1.3166600496451792,1.257365913857365,0.7213795583260687,12.087630655585016,1.5813980102539062
125.0,1.711127851189886,1.3477458021807251,1.264298763459098,0.7182985794220382,12.087630655585016,1.630044937133789
132.0,1.711127851189886,1.1474738714425712,1.3154184388136563,0.6950578476992391,12.087630655585016,1.6112468242645264
139.0,1.711127851189886,1.596223923246157,1.2644468684079588,0.7182325763230906,12.087630655585016,1.6480460166931152
146.0,1.711127851189886,1.922550369057035,1.2534871157666236,0.7230959171074074,12.087630655585016,1.6100115776062012
153.0,1.711127851189886,1.7683529771930182,1.2884595207013505,0.70742907241895,12.087630655585016,1.7411613464355469
