cost,SR,IR,rmse,r2,max_value,operation_time
97.0,1.1077333690263202,-6.839336953338993,7.6824965516955315,-9.401461327345165,12.691025137748582,6.62824273109436
104.0,1.1077333690263202,-8.095777947519128,7.918723768010084,-10.050959768372133,12.691025137748582,6.619580030441284
111.0,1.1077333690263202,-7.7026663841206435,7.50937472957275,-8.937958169668862,12.691025137748582,6.683130264282227
118.0,1.1077333690263202,-8.291542317005458,7.453707503126016,-8.791163509781489,12.691025137748582,6.60746169090271
125.0,1.1077333690263202,-8.39480511696026,7.470759936611023,-8.83601478729928,12.691025137748582,6.60891056060791
132.0,1.1077333690263202,-8.412230173946895,7.499282146240202,-8.911262932496047,12.691025137748582,6.717409372329712
139.0,1.1077333690263202,-8.431664747554144,7.510801327963915,-8.941734468584418,12.691025137748582,6.63276743888855
146.0,1.1077333690263202,-8.455284671809402,7.517527256748597,-8.959548103911951,12.691025137748582,6.648640394210815
153.0,1.1077333690263202,-8.467802817985113,7.520909828684303,-8.96851287811256,12.691025137748582,6.668259143829346
