train_sample_num,rmse,nrmse,r2,time
8,139.02618,0.14793757,-15.829916207973351,0.5975079536437988
16,48.068695,0.078037575,-1.0119327262030628,0.6113791465759277
32,21.845152,0.06842812,0.5844733236777059,0.6060397624969482
64,5.58503,0.078162454,0.9728393709239632,0.6278502941131592
