train_sample_num,rmse,nrmse,r2,time
8,207.93832,0.11409174,-38.809638476245375,0.5949172973632812
16,103.36001,0.08774758,-8.836129327968447,0.6110944747924805
32,50.35425,0.07614913,-1.3344870331094238,0.6191236972808838
64,35.70751,0.08325182,-0.17391959043833127,0.6294612884521484
