train_sample_num,rmse,nrmse,r2,time
8,36.620613,0.08799526,-0.2053620318842282,1.0874714851379395
16,24.786053,0.1022444,0.4478195757574649,1.1469712257385254
32,30.522085,0.11670875,0.16267378545933198,0.9440159797668457
64,30.225681,0.13284643,0.17885761893378516,0.9624319076538086
