train_sample_num,rmse,nrmse,r2,time
8,80.93492,0.067218065,-4.887598320161404,0.6268556118011475
16,12.493591,0.09806426,0.8597054258359424,0.6274173259735107
32,12.472734,0.084590234,0.8601734479763283,0.6328363418579102
64,13.767895,0.060257163,0.8296267491188054,0.6581752300262451
