train_sample_num,rmse,nrmse,r2,time
8,35.94052,0.04901321,-0.18929037115659253,0.8595316410064697
16,35.442738,0.1566803,-0.1565747349898461,0.8576183319091797
32,29.143328,0.094051205,0.21801672406037598,0.8835833072662354
64,33.39709,0.10641716,-0.026919594916682277,0.9355990886688232
