train_sample_num,rmse,nrmse,r2,time
8,209.47974,0.11417148,-39.40203420488491,0.626014232635498
16,102.006615,0.08688614,-8.580228883583272,0.6423964500427246
32,48.66815,0.07513639,-1.1807650415506958,0.6457011699676514
64,36.364765,0.094925396,-0.2175331387176931,0.6599340438842773
