train_sample_num,rmse,nrmse,r2,time
8,17.486719043081802,0.050337366838169924,0.7251580882688087,2.705820322036743
16,17.378721055462503,0.049442045111102596,0.7285424526117519,2.583024740219116
32,17.06911976887053,0.04931880320835159,0.7381283120960991,3.259380340576172
64,16.44440793808721,0.03610086809302778,0.7569459961168523,8.374661207199097
