train_sample_num,rmse,nrmse,r2,time
8,16.42299156383126,0.1084098726882714,0.7516731262035625,2.673971176147461
16,16.13350026827086,0.10449039822552945,0.7603505796467842,2.6282641887664795
32,15.70181332842578,0.09732522607147022,0.7730036879017632,3.3052408695220947
64,15.322547658047656,0.08954559862793716,0.7838371074008259,8.501089096069336
