train_sample_num,rmse,nrmse,r2,time
8,15.416440939794578,0.10857033437806855,0.7930539935471415,2.697639226913452
16,15.140704665870135,0.10483668246967925,0.8003906044901682,2.579646348953247
32,14.5953416085334,0.06928290078383892,0.8145113537909245,3.3180055618286133
64,14.175274424229096,0.06819426637280064,0.8250347693314309,8.538890600204468
