train_sample_num,rmse,nrmse,r2,time
8,141.32436,0.1400452,-16.390930001544564,0.7854049205780029
16,52.50359,0.083910726,-1.400306878053815,0.799767255783081
32,25.071587,0.08244741,0.45266597685665144,0.824183464050293
64,8.926469,0.11067764,0.9306177914066445,0.8565852642059326
