train_sample_num,rmse,nrmse,r2,time
8,80.48442,0.066919915,-4.822237998795854,0.7827396392822266
16,13.66989,0.13466235,0.8320436664450686,0.7852392196655273
32,13.343336,0.08604884,0.8399723177281768,0.7989897727966309
64,13.554851,0.061494067,0.8348586791514814,0.8227360248565674
