train_sample_num,rmse,nrmse,r2,time
8,209.51103,0.11391556,-39.41410624051091,0.786820650100708
16,100.632935,0.08615044,-8.323940239824358,0.7927846908569336
32,47.954353,0.07516892,-1.1172651058032108,0.8055729866027832
64,35.174976,0.08460846,-0.13916547089797837,0.8555765151977539
