train_sample_num,rmse,nrmse,r2,time
8,55.734737,0.15005948,-1.79201799082277,0.5670289993286133
16,23.20938,0.08950959,0.5158350251522829,0.5568182468414307
32,25.537882,0.08258747,0.4138131410777347,0.5584549903869629
64,17.42632,0.062922575,0.7270534964581254,0.5703365802764893
