train_sample_num,rmse,nrmse,r2,time
8,88.554756,0.0908799,-5.828299518393079,0.5501761436462402
16,20.278103,0.10954974,0.6419501871349287,0.5520694255828857
32,15.354587,0.03555281,0.7947112856755278,0.5650115013122559
64,13.019433,0.06814656,0.8524045416176202,0.57265305519104
