train_sample_num,rmse,nrmse,r2,time
8,37.37269,0.11440003,-0.2161790209481489,0.5717055797576904
16,31.587263,0.09259075,0.1312140867725613,0.5718598365783691
32,17.954475,0.083572246,0.7193052568249241,0.6076765060424805
64,4.18311,0.06260114,0.9847634214683252,0.5955114364624023
