train_sample_num,rmse,nrmse,r2,time
8,33.349693,0.12117367,0.0003452939072796646,0.5815610885620117
16,7.180916,0.1446495,0.9536525365920175,0.5849595069885254
32,13.382003,0.1821072,0.8390434896416104,0.5811231136322021
64,9.507346,0.076657474,0.918757204913161,0.6010653972625732
