train_sample_num,rmse,nrmse,r2,time
8,34.40551,0.11696887,-0.0898710450158231,0.5743429660797119
16,33.550068,0.07924577,-0.03634887693088085,0.5806775093078613
32,28.881239,0.09615767,0.23201838505278038,0.5745625495910645
64,20.176744,0.084064275,0.6251811865491711,0.6035068035125732
