train_sample_num,rmse,nrmse,r2,time
8,208.71577,0.114188276,-39.107880782868946,0.577735424041748
16,109.037025,0.09165123,-9.946296871919584,0.567516565322876
32,53.853077,0.07880384,-1.670177994626099,0.5795660018920898
64,36.63606,0.06590401,-0.2357673168416632,0.5911939144134521
