train_sample_num,rmse,nrmse,r2,time
8,80.2688,0.06639226,-4.791083485171037,0.5681338310241699
16,15.177631,0.10991495,0.7929504656330855,0.5759682655334473
32,15.514645,0.18909395,0.7836534659057508,0.5875060558319092
64,10.193831,0.08732802,0.9066012243900143,0.5876529216766357
