train_sample_num,rmse,nrmse,r2,time
8,144.08455,0.14846654,-17.076887728071288,0.5662980079650879
16,48.151154,0.07808514,-1.018841543239541,0.5794098377227783
32,22.550615,0.06916141,0.5572021016052395,0.5894038677215576
64,5.1438966,0.103640094,0.976960489080391,0.6044528484344482
