train_sample_num,rmse,nrmse,r2,time
8,8.130682,0.085400835,0.656803687880763,0.5828642845153809
16,8.286062,0.09168603,0.6435611898180401,0.5897164344787598
32,12.638724,0.10257523,0.1707316198626364,0.5980520248413086
64,16.113468,0.07985519,-0.34792796107363855,0.6292688846588135
