train_sample_num,rmse,nrmse,r2,time
8,8.716403,0.09854779,0.6055761080684996,0.627206563949585
16,9.665781,0.105550885,0.5149767408728847,0.6261606216430664
32,13.663682,0.117658004,0.030776133398094596,0.6500883102416992
64,15.950605,0.09580798,-0.32081788913777554,0.6622140407562256
