train_sample_num,rmse,nrmse,r2,time
8,22.57375,0.15107635,-1.8219417242174871,0.6224410533905029
16,12.873703,0.1254874,0.08220077321241226,0.6309800148010254
32,9.929638,0.06387228,0.4539813834113551,0.6341116428375244
64,6.2778482,0.10672829,0.7817459507727313,0.6465597152709961
