train_sample_num,rmse,nrmse,r2,time
8,50.21293,0.17012765,-12.962776052768701,0.9024426937103271
16,13.750399,0.09196778,-0.04705921343782382,0.864569902420044
32,10.282762,0.06351975,0.4144551343116788,0.893796443939209
64,12.343087,0.08148664,0.15629975031450039,0.9117815494537354
