train_sample_num,rmse,nrmse,r2,time
8,9.906122,0.072413445,0.3622316674063971,0.637671947479248
16,9.593712,0.06319477,0.40182398786988416,0.645012378692627
32,10.804018,0.06290214,0.24137670853017834,0.6341586112976074
64,9.199296,0.081043005,0.44999734976170813,0.6455647945404053
