train_sample_num,rmse,nrmse,r2,time
8,12.527548881906796,0.11566697387470123,-0.01997100988049838,2.656153678894043
16,12.218357813068533,0.10592828995703064,0.029755265168026956,2.551511526107788
32,12.305887243379283,0.08983280029870694,0.01580426431866022,3.2300446033477783
64,12.039513796479664,0.07788391863566733,0.057950954987511016,8.509849786758423
