train_sample_num,rmse,nrmse,r2,time
8,13.81380950082255,0.11670751275230487,0.009360739438205035,2.6835293769836426
16,13.648586878899897,0.07515534543747622,0.032916468562443235,2.542405843734741
32,13.413666443771103,0.05219933873020862,0.06592098409650549,3.2254199981689453
64,13.849336794779292,0.025522931140332463,0.004258600116693656,8.515027284622192
