train_sample_num,rmse,nrmse,r2,time
8,22.571272,0.15109506,-1.8213225486329976,0.7770123481750488
16,13.069743,0.12198574,0.05403564993170684,0.802344799041748
32,10.106425,0.06470887,0.4343656154928286,0.7830581665039062
64,6.4157724,0.10721556,0.7720505333531198,0.8159821033477783
