train_sample_num,rmse,nrmse,r2,time
8,8.772455,0.100043096,0.6004870476959996,0.7825536727905273
16,9.695387,0.10584719,0.5120010395220316,0.7955119609832764
32,13.760933,0.11585845,0.016930110158929756,0.7936503887176514
64,15.675417,0.09390207,-0.27563606211249203,0.8107378482818604
