train_sample_num,rmse,nrmse,r2,time
8,22.378918,0.102421306,-1.773440449811972,0.5627493858337402
16,9.932896,0.061401565,0.45362294432847017,0.5611515045166016
32,7.549854,0.05638842,0.6843412871009218,0.5676264762878418
64,5.598246,0.051074393,0.8264420185560544,0.5756824016571045
