train_sample_num,rmse,nrmse,r2,time
8,13.557334,0.08151179,-0.19454963437187178,0.5642573833465576
16,5.9276085,0.07452522,0.7716428589038394,0.5630300045013428
32,5.5630054,0.12139884,0.798871038764464,0.5741345882415771
64,5.4181457,0.12547557,0.8092094092062962,0.5753533840179443
