train_sample_num,rmse,nrmse,r2,time
8,13.942186,0.066592745,-0.009137584758523998,0.5444769859313965
16,10.383674,0.07405437,0.440254448849535,0.5560834407806396
32,9.090686,0.056383163,0.5709756737768278,0.5571367740631104
64,6.4928927,0.08804192,0.7811406963870642,0.5764029026031494
