train_sample_num,rmse,nrmse,r2,time
8,14.044308,0.08898172,-0.023974841670086677,0.568692684173584
16,8.665495,0.082498565,0.6101699730526229,0.5894186496734619
32,7.8234463,0.06987796,0.6822505433123313,0.5872080326080322
64,6.6880617,0.1011154,0.7677855870270386,0.5864145755767822
