train_sample_num,rmse,nrmse,r2,time
8,14.917259,0.0851218,-0.44621769579634996,0.5736923217773438
16,6.146059,0.038084053,0.7545013576059882,0.5733597278594971
32,8.294036,0.044695243,0.5529176274361255,0.5763089656829834
64,5.8413615,0.09173536,0.778239684829339,0.5969271659851074
