train_sample_num,rmse,nrmse,r2,time
8,12.015525,0.07420046,0.20048586162561477,0.5919711589813232
16,10.787809,0.05324039,0.3555233386984713,0.5914006233215332
32,4.8529515,0.036358044,0.8695774961519648,0.5904853343963623
64,2.2636695,0.025753485,0.9716229826887443,0.5939831733703613
