train_sample_num,rmse,nrmse,r2,time
8,22.794584,0.14860205,-1.8774250728130197,0.5770330429077148
16,12.503015,0.14133139,0.1342946948629864,0.5900840759277344
32,7.939898,0.05694907,0.6508834048643634,0.6246230602264404
64,3.198864,0.08128474,0.9433327411786332,0.6469855308532715
