train_sample_num,rmse,nrmse,r2,time
8,8.150614,0.084922455,0.6551190029902774,0.5817961692810059
16,8.807505,0.1034086,0.5972882167937348,0.5698206424713135
32,11.795482,0.10559564,0.27769603843086244,0.5966765880584717
64,13.3537245,0.072123684,0.07425056682753106,0.5877690315246582
