train_sample_num,rmse,nrmse,r2,time
8,9.721455,0.06973028,0.38578826138147737,0.569347620010376
16,9.75615,0.05438541,0.3813962118967624,0.5711214542388916
32,12.540193,0.06709807,-0.022030887782245934,0.5930664539337158
64,9.528946,0.061755378,0.4098732681072772,0.5939619541168213
