train_sample_num,rmse,nrmse,r2,time
8,3.0228949,0.15479408,0.3938092814936408,0.5787475109100342
16,2.6630664,0.15699133,0.5295351071249035,0.5936787128448486
32,2.5998118,0.13602346,0.5516191956514183,0.5878350734710693
64,1.8128355,0.1441437,0.7819882035412,0.6596658229827881
