train_sample_num,rmse,nrmse,r2,time
8,3.0240269,0.16667968,0.49644925984262833,0.592961311340332
16,3.3596575,0.104171835,0.3784702330578449,0.588364839553833
32,2.388383,0.19792995,0.6858913495381677,0.5919497013092041
64,2.028929,0.21910058,0.7733239558643806,0.5988814830780029
