train_sample_num,rmse,nrmse,r2,time
8,3.2319896,0.19505411,0.3560577274576656,0.575864315032959
16,3.6170769,0.07036475,0.1934662519713245,0.5724542140960693
32,2.8867986,0.23359977,0.48626397723880854,0.6006276607513428
64,2.1924448,0.15879574,0.7036776307667123,0.6066319942474365
