train_sample_num,rmse,nrmse,r2,time
8,1.7857476,0.19624609,0.824405009391813,0.8336524963378906
16,2.65259,0.22840233,0.6125530414920498,0.8344542980194092
32,2.5545022,0.06895561,0.6406774067180157,0.8406994342803955
64,2.7550962,0.11073386,0.5820296224655677,0.860093355178833
