train_sample_num,rmse,nrmse,r2,time
8,4.031542,0.08838416,-0.07821546845924288,0.8159146308898926
16,3.1438956,0.046408378,0.34430867785145447,0.8068797588348389
32,3.9726698,0.08517456,-0.046955421551082344,0.8380873203277588
64,3.944032,0.10889498,-0.031915379225614604,0.8587708473205566
