train_sample_num,rmse,nrmse,r2,time
8,3.1904018,0.3177845,0.3247664501283747,0.6146790981292725
16,2.5142596,0.30396962,0.5806433588183064,0.6335253715515137
32,2.8686008,0.19469497,0.4541120974916596,0.6247050762176514
64,2.065501,0.121205114,0.7169820256250601,0.633418083190918
