train_sample_num,rmse,nrmse,r2,time
8,3.1166272,0.13131453,0.4012069806700367,0.6227467060089111
16,3.7428777,0.061903335,0.13638866481957235,0.6243891716003418
32,2.337845,0.2828335,0.663070927782563,0.6210081577301025
64,1.8882936,0.29087862,0.7801906890185233,0.6369335651397705
