train_sample_num,rmse,nrmse,r2,time
8,6.20739719225213,0.049374203317219034,-1.5561263149429525,2.727834463119507
16,1.0854233940895064,0.05711844427305638,0.9218441310836105,2.597541570663452
32,0.5949167555082949,0.024510941195754813,0.9765212137522816,3.28552508354187
64,0.5988221393345484,0.020886804569485357,0.976211944810558,8.770477056503296
