train_sample_num,rmse,nrmse,r2,time
8,5.844823042233695,0.03833571703671223,-1.105958340945271,2.695802688598633
16,3.1624035522120306,0.02788112086403697,0.3834878779512072,2.7530786991119385
32,1.0940409069419372,0.022087063432678942,0.9262139666758332,3.477555751800537
64,0.5193338964875974,0.035289101163183074,0.9833735174435924,8.666402578353882
