train_sample_num,rmse,nrmse,r2,time
8,3.4289985,0.07335686,0.352549640276287,1.0152866840362549
16,4.181649,0.075166754,0.03713126226185437,0.8925039768218994
32,1.6015593,0.3305998,0.8587599311016562,0.9325616359710693
64,1.4076117,0.3377423,0.8908967542462766,0.9540774822235107
