train_sample_num,rmse,nrmse,r2,time
8,3.189914,0.317608,0.3249728983512893,0.9203600883483887
16,2.00582,0.29420462,0.733100889264739,0.9144346714019775
32,2.682585,0.20286728,0.5226133965719771,0.9242725372314453
64,1.9213117,0.12095886,0.7551168397364716,0.9933888912200928
