train_sample_num,rmse,nrmse,r2,time
8,1.0600991,0.16847688,0.9381179189631385,0.5365908145904541
16,1.4463485,0.16991109,0.8848091739223944,0.5446295738220215
32,1.4688569,0.22798729,0.8811960431839924,0.5451095104217529
64,1.24672,0.22577119,0.9144126201407806,0.5569026470184326
