train_sample_num,rmse,nrmse,r2,time
8,2.54014,0.08146621,0.5719657795632772,0.5305788516998291
16,1.2288824,0.18641777,0.8998193451198646,0.565126895904541
32,2.177098,0.06804426,0.6855734854672133,0.5602433681488037
64,1.0296596,0.12894619,0.9296683743447448,0.5852727890014648
