train_sample_num,rmse,nrmse,r2,time
8,1.8682282,0.12789765,0.7848373647236624,0.5406181812286377
16,2.4992807,0.1307967,0.61493230907725,0.5592455863952637
32,1.6561129,0.12838544,0.8309220515740929,0.5549681186676025
64,1.1274122,0.24385506,0.9216439597628524,0.5636701583862305
