train_sample_num,rmse,nrmse,r2,time
8,1.7532166,0.12252207,0.7960919362723753,0.5618932247161865
16,0.50881875,0.11089883,0.9828252886008306,0.5709280967712402
32,1.3140231,0.09393703,0.8854568207404327,0.5734190940856934
64,0.50823665,0.089364365,0.98286456396468,0.5871388912200928
