train_sample_num,rmse,nrmse,r2,time
8,1.6913228,0.06296688,0.8236562506527196,0.5657908916473389
16,2.4451852,0.06079768,0.6314210234268078,0.5572502613067627
32,0.9748824,0.13775901,0.9414116159882966,0.574409008026123
64,0.22481462,0.07327015,0.9968842964053559,0.5797090530395508
