train_sample_num,rmse,nrmse,r2,time
8,2.496681,0.10229831,0.5864868370525864,0.5621910095214844
16,0.876692,0.11765294,0.9490132540003339,0.571467399597168
32,1.9478648,0.09228461,0.7483013681518128,0.5714688301086426
64,0.8305143,0.10588585,0.9542430031669761,0.588454008102417
