train_sample_num,rmse,nrmse,r2,time
8,2.2509012,0.03851741,0.6876655335741446,0.554140567779541
16,3.981569,0.05172298,0.022727847593064565,0.5559124946594238
32,1.6163751,0.14564069,0.8389386461111565,0.5702512264251709
64,0.34261307,0.10010254,0.9927637276328963,0.575737476348877
