train_sample_num,rmse,nrmse,r2,time
8,333.56702,0.1688278,-0.061826205298290526,0.5954031944274902
16,168.23434,0.1285356,0.7299050043255044,0.5947306156158447
32,94.615814,0.14626728,0.9145691558034983,0.6046385765075684
64,53.37948,0.039160587,0.9728083297502024,0.6191239356994629
