train_sample_num,rmse,nrmse,r2,time
8,1504.8947,0.088223755,-21.372309335059057,0.5910429954528809
16,780.0052,0.06676372,-5.010265041159241,0.6168332099914551
32,265.20938,0.054126088,0.30517340135249127,0.6142699718475342
64,163.0609,0.04496055,0.7373373567026601,0.6271984577178955
