train_sample_num,rmse,nrmse,r2,time
8,122.52378,0.036343865,0.8113921617621728,0.5891468524932861
16,120.498344,0.11356239,0.8175763558689447,0.5891473293304443
32,159.33307,0.10050697,0.6810439727705528,0.6067297458648682
64,69.01366,0.10602961,0.9401603559500766,0.622917652130127
