train_sample_num,rmse,nrmse,r2,time
8,356.24536,0.070581585,-0.21111580912802452,0.8612210750579834
16,329.77457,0.05334911,-0.03781882535485459,0.855604887008667
32,307.1649,0.046230715,0.09961068651709837,0.8621273040771484
64,223.84883,0.037708685,0.5218140333751851,0.8912169933319092
