train_sample_num,rmse,nrmse,r2,time
8,1556.0769,0.076726966,-22.919972449645616,0.8615875244140625
16,318.11258,0.05283133,0.00032164643279175564,0.8662557601928711
32,94.67138,0.06913305,0.9114607174496291,0.8697643280029297
64,225.79031,0.023280531,0.49637271926560556,0.8860502243041992
