train_sample_num,rmse,nrmse,r2,time
8,333.72488,0.16920732,-0.06283132495982091,0.6287956237792969
16,135.13254,0.13954096,0.8257362251876429,0.6261472702026367
32,99.77754,0.06092003,0.904993600208356,0.6292545795440674
64,49.850613,0.025774483,0.9762847221444768,0.6591179370880127
