train_sample_num,rmse,nrmse,r2,time
8,283.67856,0.05169057,-0.011048493094653944,0.8656115531921387
16,235.61441,0.039698377,0.30253458627242735,0.8739407062530518
32,170.64017,0.08846978,0.6341681858106792,0.8663787841796875
64,110.88469,0.08853027,0.8455235903909762,0.8895828723907471
