train_sample_num,rmse,nrmse,r2,time
8,248.75196248699172,0.028118406749790336,0.3887320241829362,1.4915494918823242
16,72.85237489995109,0.017323745570391805,0.9475692536431164,1.4812135696411133
32,45.75490251916277,0.0077269636426710924,0.9793188882559283,1.587216854095459
64,37.99487694275852,0.010424982589123633,0.9857390421302055,4.104555130004883
