train_sample_num,rmse,nrmse,r2,time
8,312.64262010558804,0.049091332720463704,0.03440507241543855,3.767416477203369
16,343.13761269928955,0.019623457386715348,-0.16314876319535032,3.630910873413086
32,346.33503572999086,0.017690385971982445,-0.18492665086755222,4.461099624633789
64,330.71270259988984,0.01759871628681867,-0.08043928073043705,9.190906524658203
