train_sample_num,rmse,nrmse,r2,time
8,215.63278629284972,0.030291654597076893,0.41581747375123046,1.411257028579712
16,133.29762124794493,0.02599204564323033,0.776764236627406,1.7176477909088135
32,43.03564918324531,0.01505611052214295,0.9767311087271455,1.8796162605285645
64,30.314435314034796,0.01575882297253401,0.9884543619442042,4.247806072235107
