train_sample_num,rmse,nrmse,r2,time
8,321.2705756884927,0.06230185800581722,0.01501612219601589,3.6187312602996826
16,320.0032730477185,0.06219010565878843,0.022771645167407262,3.842897653579712
32,318.44053777117773,0.059380281810122025,0.03229292470867928,5.001038551330566
64,298.3982856391783,0.05599879388362709,0.15027212292432124,11.255108118057251
