train_sample_num,rmse,nrmse,r2,time
8,292.721583665076,0.05090048544031656,0.182294891073273,1.4450647830963135
16,282.3172406556803,0.055457838969659015,0.23939001869761256,1.6528704166412354
32,131.76131787208845,0.025021706134804717,0.8343226730563131,1.6097495555877686
64,55.8735032611554,0.0208721861761854,0.9702080435901752,3.957411766052246
