train_sample_num,rmse,nrmse,r2,time
8,333.80756,0.16929816,-0.06335797658981934,1.226426124572754
16,124.73592,0.10999485,0.8515192077628501,1.1987242698669434
32,92.04938,0.058780387,0.9191408973430427,1.296623945236206
64,49.854374,0.025779625,0.9762811410224542,1.2337746620178223
