train_sample_num,rmse,nrmse,r2,time
8,83.46359,0.017328706,0.9124788267960422,1.235368013381958
16,66.2784,0.022780526,0.9448096774093125,1.2082796096801758
32,159.46468,0.10189733,0.6805168616067951,1.2201564311981201
64,85.03946,0.11827088,0.9091426708141989,1.2774715423583984
