train_sample_num,rmse,nrmse,r2,time
8,144.50113,0.041083954,0.7376618690958178,0.5566928386688232
16,83.55322,0.054974888,0.9122907569949358,0.5546703338623047
32,132.00479,0.14400327,0.7810734984999508,0.5541346073150635
64,71.945145,0.067842945,0.9349687844214616,0.5744218826293945
