train_sample_num,rmse,nrmse,r2,time
8,189.01166,0.051038597,0.6590706599206726,0.5493607521057129
16,98.557884,0.08462176,0.9073020836129224,0.5504722595214844
32,91.780075,0.06438373,0.9196133326944729,0.5598909854888916
64,75.15453,0.091549285,0.9460989037824034,0.5710973739624023
