train_sample_num,rmse,nrmse,r2,time
8,260.9169,0.031650975,0.3274834052734231,0.5694639682769775
16,372.41907,0.119706005,-0.370132143671116,0.5751907825469971
32,192.08623,0.08907021,0.635505414420193,0.5917618274688721
64,79.58654,0.08841153,0.9374283127489453,0.5946788787841797
