train_sample_num,rmse,nrmse,r2,time
8,365.31992,0.05670431,-0.27360259902299533,0.5767168998718262
16,150.13666,0.023846969,0.784889943158199,0.5785269737243652
32,133.94797,0.037587754,0.828778046396577,0.5799121856689453
64,38.15905,0.09834535,0.9861042396855161,0.5935699939727783
