train_sample_num,rmse,nrmse,r2,time
8,86.43829,0.020149393,0.9061290159903819,0.5757520198822021
16,58.237373,0.06060887,0.9573889195179257,0.5643792152404785
32,159.71028,0.09951676,0.6795319624743423,0.5788748264312744
64,61.09322,0.09916893,0.9531073295185631,0.586268424987793
