train_sample_num,rmse,nrmse,r2,time
8,333.22476,0.16862442,-0.05964821337539772,0.5699496269226074
16,121.0141,0.107556015,0.8602476478248349,0.573899507522583
32,77.09615,0.11545876,0.9432778572795573,0.5748274326324463
64,31.387003,0.10184769,0.9905987214344645,0.5957040786743164
