train_sample_num,rmse,nrmse,r2,time
8,1520.4257,0.08937306,-21.83646965491407,0.575376033782959
16,711.7052,0.06665732,-4.00378796095216,0.5756082534790039
32,263.66562,0.056222163,0.31323901159119905,0.5816826820373535
64,158.2967,0.0508591,0.7524616922647027,0.5934338569641113
