train_sample_num,rmse,nrmse,r2,time
8,0.23157322,0.23255469,0.8460114440948486,0.6080925464630127
16,0.19457449,0.2301603,0.8912864869156375,0.5983359813690186
32,0.1752693,0.19765359,0.9117888541925918,0.5989563465118408
64,0.12173742,0.2217322,0.9574440778375597,0.6278700828552246
