train_sample_num,rmse,nrmse,r2,time
8,0.46154073,0.10821496,0.3754133576221569,0.5984575748443604
16,0.12966734,0.12456431,0.9507014780977658,0.6076931953430176
32,0.099380784,0.23208266,0.9710414079034744,0.6019973754882812
64,0.07793445,0.08104811,0.9821913252092983,0.6208326816558838
