train_sample_num,rmse,nrmse,r2,time
8,0.44872755,0.17321575,0.42180118785574816,0.8579537868499756
16,0.42218083,0.09921886,0.48818994386283865,0.8740239143371582
32,0.42225972,0.0795612,0.48799870263833756,0.8709654808044434
64,0.536363,0.21878581,0.17390606339149683,0.8887355327606201
