train_sample_num,rmse,nrmse,r2,time
8,0.43191335,0.15637043,0.49686026452461196,0.6719887256622314
16,0.15097979,0.11465474,0.9385201253453268,0.6739213466644287
32,0.108614184,0.09972229,0.9681823272396415,0.6959455013275146
64,0.08107117,0.13548358,0.9822732868330983,0.7933230400085449
