train_sample_num,rmse,nrmse,r2,time
8,0.36836237,0.08977145,0.6021465650281601,0.7641291618347168
16,0.17136651,0.095028415,0.9138957528824732,0.6698670387268066
32,0.12635125,0.07887278,0.9531907424108114,0.6707515716552734
64,0.10177649,0.08031335,0.9696284069145797,0.645679235458374
