train_sample_num,rmse,nrmse,r2,time
8,0.8212204630068645,0.21542000790372837,-0.9773892007325486,2.6875393390655518
16,0.7958692288562087,0.21112567958749714,-0.857188818629155,2.5979950428009033
32,0.7706950777747607,0.20545977541800547,-0.7415574424514226,2.9707882404327393
64,0.7040534421500727,0.19636295767325845,-0.45339574772527214,8.330690622329712
