train_sample_num,rmse,nrmse,r2,time
8,0.33571455,0.09773179,0.6695445414152279,0.560481071472168
16,0.074493304,0.04545176,0.9837292672327141,0.5777640342712402
32,0.040333133,0.054617193,0.9952302400736771,0.5717508792877197
64,0.027406124,0.057996888,0.9977977434712851,0.5805585384368896
