train_sample_num,rmse,nrmse,r2,time
8,0.1347566,0.05464113,0.9478551062922388,0.5783069133758545
16,0.09758827,0.05906971,0.9726531729786287,0.5768141746520996
32,0.045042623,0.061972078,0.9941741528754532,0.5760581493377686
64,0.030500514,0.060515136,0.9973286789548477,0.606112003326416
