train_sample_num,rmse,nrmse,r2,time
8,0.39839187,0.13142268,0.5719285011683704,0.5729475021362305
16,0.068264276,0.07631635,0.987431532079418,0.578514814376831
32,0.035555102,0.08457518,0.996590433174137,0.572340726852417
64,0.02754701,0.101038896,0.997953346540005,0.5921204090118408
