train_sample_num,rmse,nrmse,r2,time
8,0.23779918,0.1205746,0.8376200102089573,0.5645794868469238
16,0.21008429,0.27783072,0.8732643226355621,0.5820834636688232
32,0.1525988,0.21197778,0.9331326698759479,0.5829720497131348
64,0.14110108,0.22097112,0.9428294442706799,0.5997943878173828
