train_sample_num,rmse,nrmse,r2,time
8,0.3621839,0.12353272,0.6462033692442608,0.5716531276702881
16,0.08727834,0.12828228,0.979454898721754,0.5697207450866699
32,0.09937263,0.19821498,0.9733664587937848,0.5861310958862305
64,0.10201287,0.2054317,0.9719323997773953,0.6014325618743896
