train_sample_num,rmse,nrmse,r2,time
8,0.4839371,0.11194924,0.3133261932214684,0.568526029586792
16,0.10732594,0.13743144,0.9662260315796202,0.5724265575408936
32,0.09279696,0.12078177,0.9747512374401774,0.571627140045166
64,0.07091227,0.1368312,0.9852559980846163,0.5930607318878174
