train_sample_num,rmse,nrmse,r2,time
8,4.217343,0.08276954,-0.011015062556069655,0.579303503036499
16,4.5719767,0.08769892,-0.1881952994326599,0.5823009014129639
32,1.849269,0.15143307,0.8056072808023937,0.6006135940551758
64,1.232599,0.17791912,0.9136378382533865,0.6147875785827637
