train_sample_num,rmse,nrmse,r2,time
8,2.5390947,0.11379128,0.5425474672144122,0.58738112449646
16,1.6932431,0.13474312,0.7965644405965031,0.5785365104675293
32,2.1618922,0.1015586,0.6683681143113881,0.5931062698364258
64,0.8222166,0.12760617,0.952030994611846,0.6050500869750977
