train_sample_num,rmse,nrmse,r2,time
8,4.75141,0.107212484,-0.2832899635254411,0.8381586074829102
16,3.2990558,0.12377325,0.3813298517509318,0.8419435024261475
32,1.9659675,0.072404325,0.780298756510126,0.8347370624542236
64,1.7701627,0.11941603,0.821882650778023,0.8544073104858398
