train_sample_num,rmse,nrmse,r2,time
8,2.5530996,0.058808196,0.5567904503289877,0.622107744216919
16,3.7101612,0.055184025,0.0640359593434755,0.6261179447174072
32,1.6943756,0.23068906,0.804794067183785,0.6293561458587646
64,0.93373644,0.3506127,0.9407180771342681,0.6478254795074463
