train_sample_num,rmse,nrmse,r2,time
8,3.9603238,0.0700327,-0.11288325294858237,0.8755216598510742
16,2.0573869,0.07953434,0.6996552163311562,0.9146518707275391
32,3.6697357,0.07018028,0.04444045616689318,0.8517735004425049
64,3.574037,0.06865626,0.09362835509169687,0.8765413761138916
