train_sample_num,rmse,nrmse,r2,time
8,5.341871832527498,0.03407170634389145,-0.9402627030442718,2.726621627807617
16,3.0218476753232983,0.024966096466934158,0.3791041667595565,2.9851207733154297
32,1.2768467995942576,0.020355584792911656,0.8891460449662605,3.7219226360321045
64,0.7777015630918073,0.041721967869164024,0.9588756021895464,8.768208026885986
