train_sample_num,rmse,nrmse,r2,time
8,16.314416140086987,0.07142257253816439,-14.129442626098038,2.7282748222351074
16,12.848379382802793,0.06124788878062035,-8.383752847420853,2.996796131134033
32,1.0098878366276838,0.07429673309251936,0.9420269512760024,3.3473398685455322
64,0.8583307179223946,0.08317974601122628,0.9581216880476271,8.8431556224823
