train_sample_num,rmse,nrmse,r2,time
8,5.780442430363526,0.043789080001101814,-1.3708843559761932,2.69653058052063
16,1.065515392788717,0.041909132942469146,0.9194421871354119,3.006054639816284
32,0.7498403004694517,0.027272739600189604,0.9601043296593188,3.3661093711853027
64,0.814526606213932,0.021201347650343,0.9529240860384309,8.791471242904663
