train_sample_num,rmse,nrmse,r2,time
8,2.5501776,0.04649218,0.5578043103743799,0.8902227878570557
16,3.7112026,0.05521904,0.06351048789671732,0.8926753997802734
32,1.5679498,0.20982322,0.832837867046133,0.8987479209899902
64,0.8973415,0.16452321,0.9452493676911042,0.9340403079986572
