train_sample_num,rmse,nrmse,r2,time
8,2.2294636,0.16970713,0.6473134156056815,0.8864710330963135
16,1.2466937,0.3336552,0.8897171953252145,0.9190213680267334
32,2.2307515,0.14930962,0.6469057990454065,0.8771152496337891
64,1.2264191,0.12043823,0.8932750315967692,0.8987493515014648
