train_sample_num,rmse,nrmse,r2,time
8,1.7788072,0.11687335,0.8201387494743987,0.5330021381378174
16,1.959355,0.1367876,0.781774173174352,0.5516054630279541
32,1.9185914,0.18380636,0.790759963836997,0.5448379516601562
64,1.7958093,0.1967241,0.8166840482541247,0.5653340816497803
