train_sample_num,rmse,nrmse,r2,time
8,4.3737435,0.07604179,-0.08739302856820186,0.5666007995605469
16,5.009888,0.065700024,-0.42671060787929505,0.5600442886352539
32,1.1042852,0.11267053,0.9306825765700967,0.5663080215454102
64,0.7289415,0.13039564,0.9697959473075393,0.5815503597259521
