train_sample_num,rmse,nrmse,r2,time
8,2.452467,0.067120016,0.5910408192310972,0.5647366046905518
16,3.6739118,0.06615444,0.08223593411097219,0.5574872493743896
32,1.4542513,0.13789012,0.8562020917118921,0.5671799182891846
64,0.34987977,0.07198161,0.9916763989817086,0.5869598388671875
