train_sample_num,rmse,nrmse,r2,time
8,2.661025,0.13175337,0.49755769923982984,0.5679590702056885
16,0.78787434,0.1191017,0.9559544395993007,0.5643916130065918
32,1.9487202,0.09566632,0.7305444045335177,0.5686938762664795
64,0.75231606,0.086440645,0.9598404506630082,0.5836338996887207
