train_sample_num,rmse,nrmse,r2,time
8,4.578854,0.06511381,-0.19177272165770054,0.5681681632995605
16,4.803629,0.06594831,-0.3116524866962782,0.566107988357544
32,1.289435,0.121515565,0.9054897790116339,0.5698027610778809
64,0.8090074,0.12756261,0.9627964092480639,0.5885779857635498
