train_sample_num,rmse,nrmse,r2,time
8,2.4229522,0.034783017,0.6008250200586881,0.5625388622283936
16,3.6688106,0.05130267,0.08478276818978614,0.5585968494415283
32,1.5892607,0.15135714,0.8282629950063933,0.5753359794616699
64,0.33418825,0.11097418,0.9924062556343213,0.5842177867889404
