train_sample_num,rmse,nrmse,r2,time
8,2.540727,0.11146119,0.5419591716620291,0.5691568851470947
16,1.1272326,0.14824481,0.9098397186062068,0.5615322589874268
32,2.149046,0.100995496,0.6722975896873137,0.5716204643249512
64,0.8311688,0.13137253,0.9509807468982949,0.5846564769744873
