train_sample_num,rmse,nrmse,r2,time
8,0.2955336,0.38365987,-0.37962440344699444,0.5980639457702637
16,0.27912405,0.35241026,-0.23067027095849357,0.5855603218078613
32,0.19640036,0.3635147,0.3906992591397479,0.5985922813415527
64,0.19176355,0.410544,0.41912959279633044,0.6191797256469727
