train_sample_num,rmse,nrmse,r2,time
8,0.28800213,0.23309194,-0.2279762491536621,0.5951964855194092
16,0.20683837,0.29650924,0.3666253021993189,0.596200704574585
32,0.2389106,0.2891573,0.15497534998528173,0.6059765815734863
64,0.21607384,0.28317732,0.3088012899783179,0.6194403171539307
