train_sample_num,rmse,nrmse,r2,time
8,0.24128212,0.15984495,0.08040317501780825,0.8307626247406006
16,0.20800082,0.13277034,0.31659638669277457,0.8288593292236328
32,0.29685947,0.2622821,-0.39203127333777865,0.8364663124084473
64,1.1192241,0.35483363,-18.78705852117556,0.8662731647491455
