train_sample_num,rmse,nrmse,r2,time
8,0.29388693,0.19937243,-0.27867170551535025,0.6279008388519287
16,0.23528674,0.19359756,0.18041605612196232,0.6266217231750488
32,0.26230285,0.3257005,-0.018602049053206393,0.6208658218383789
64,0.21214567,0.3271735,0.3337045492004165,0.6442439556121826
