train_sample_num,rmse,nrmse,r2,time
8,1.6804816,0.06393078,-39.71122329227855,0.8342549800872803
16,1.1948755,0.056740195,-19.582206047122593,0.8384771347045898
32,0.28345773,0.23331265,-0.15830583439213597,0.834648847579956
64,0.2622965,0.20754243,0.008182968437729143,0.8538918495178223
