train_sample_num,rmse,nrmse,r2,time
8,0.26693854,0.22419979,-0.05492385804979749,0.8431708812713623
16,0.2623973,0.13939664,-0.019335600747264037,0.8407995700836182
32,0.52339834,0.31714487,-3.055675483609331,0.8337767124176025
64,0.7716063,0.3527902,-7.814345508105843,0.8537452220916748
