train_sample_num,rmse,nrmse,r2,time
8,0.8025248470296507,0.1330604322958023,-8.2846082633085,2.7038931846618652
16,0.27573631608294663,0.17852633454313951,-0.09606055248338308,2.5945637226104736
32,0.1829292106043978,0.16153699564409674,0.5175939673037422,3.174060106277466
64,0.16401709111749976,0.12224086792451656,0.612184805793706,8.343472957611084
