train_sample_num,rmse,nrmse,r2,time
8,0.6028722,0.10828145,-4.2395874535906755,0.545604944229126
16,0.35001412,0.098027974,-0.7661100751739529,0.5402700901031494
32,0.1886296,0.16308396,0.4870603032669676,0.5447289943695068
64,0.1942564,0.13354728,0.4560020731714005,0.5706865787506104
