train_sample_num,rmse,nrmse,r2,time
8,0.23590618,0.13153377,0.1760949372920404,0.5417947769165039
16,0.19751468,0.1211132,0.42243978983934205,0.5432484149932861
32,0.19218887,0.15937245,0.45316664034753196,0.5612707138061523
64,0.18234234,0.1432184,0.5077637644357033,0.5828475952148438
