train_sample_num,rmse,nrmse,r2,time
8,0.19403967,0.09852027,0.4425838291151054,0.5745525360107422
16,0.068612374,0.113113604,0.9303047122147912,0.5776698589324951
32,0.042553864,0.053428493,0.9731912526745788,0.5753891468048096
64,0.07501999,0.15579428,0.9166793610842444,0.5789074897766113
