train_sample_num,rmse,nrmse,r2,time
8,0.10867862,0.0724843,0.8134327585382081,0.5696752071380615
16,0.10070892,0.102684386,0.839792436804465,0.5614473819732666
32,0.046679746,0.028563695,0.9655805331244787,0.5755624771118164
64,0.053818543,0.11160106,0.9542479016086616,0.5890533924102783
