train_sample_num,rmse,nrmse,r2,time
8,0.18044002,0.16902195,0.530633238910663,0.5681121349334717
16,0.17621163,0.1459712,0.5523735894884549,0.5687606334686279
32,0.078704394,0.1386776,0.9107014073713458,0.5758144855499268
64,0.084217764,0.11335928,0.8977521777555808,0.5908939838409424
